description,chosen,MASE_holdout,plot
RETASAR (LOSARTAN POTASSIUM) 50MG,Blend,1.0083313867476447,retasar_losartan_potassium_50mg_80_20.png
BIOGESIC (PARACETAMOL) 500MG TAB,Blend,0.28435942751551324,biogesic_paracetamol_500mg_tab_80_20.png
APPEVIT (BUCLIZINE HCL+B-COMPLEX+IRON) CAP,Blend,0.8953808948004837,appevit_buclizine_hcl_b_complex_iron_cap_80_20.png
OHHIRA&#039;S RED OMX PROBIOTICS CAP,Blend,0.3054168002659159,ohhira_039_s_red_omx_probiotics_cap_80_20.png
BIOGESIC 500MG TAB,Blend,2.3087194769200368,biogesic_500mg_tab_80_20.png
IMMUNPRO 500MG TAB,Blend,0.4637874021356342,immunpro_500mg_tab_80_20.png
OHHIRAs PROPOLIS 600MG CAP,Blend,0.6460352024453258,ohhiras_propolis_600mg_cap_80_20.png
RETANIX (CETIRIZINE) 10MG TAB,Blend,0.5359353712031742,retanix_cetirizine_10mg_tab_80_20.png
RETAVASC- 5 (AMLODIPINE) 5MG TAB,Blend,162.020146106276,retavasc_5_amlodipine_5mg_tab_80_20.png
