month,item_code,description,category,tab,total_sales,total_qty,rank_qty
2022-05,4800204506027,PHAREX VIT BCOMPLEX (VITAMIN B1 + B6 + B12,VITAMINS,OTC,636.5,141.0,8.0
2022-05,4806504653164,RENAKULT CAP(PROBIOTIC,VITAMINS,OTC,4077.0,150.0,7.0
2022-05,4806505141387,FORMET (METFORMIN) 500MG TAB,ANTIDIABETICS,GENERICS,472.6,280.0,3.0
2022-05,4806524780482,KETOGO (KETOANALOGUES +ESSEN. AMINO ACIDS,GUT AND HORMONES,PRESCRIPTION,9817.68,469.0,1.0
2022-05,4806527194088,ALLECUR (CETIRIZINE) 10MG TAB,RESPIRATORY,GENERICS,525.0,175.0,4.0
2022-05,4807788561688,BIOGESIC (PARACETAMOL) 500MG TAB,PAIN MANAGEMENT,OTC,676.0,169.0,5.0
2022-05,4807788561688,BIOGESIC 500MG TAB,PAIN MANAGEMENT,OTC,560.0,140.0,9.0
2022-05,4807788562593,IMMUNPRO 500MG TAB,VITAMINS,OTC,1435.0,164.0,6.0
2022-05,8904184004972,PERGLIM M-2 (GLIMEPERIDE METFORMIN HCl) 2MG/500MG TAB,ANTIDIABETICS,PRESCRIPTION,2541.98,140.0,10.0
2022-05,8944164510321,ANIN (LOSARTAN) 50MG TAB,CARDIOVASCULAR,GENERICS,1004.1800000000001,463.0,2.0
2022-06,1900010066,SUPER CEE PLUS (SODIUM ASCORBATE FORTIFIED + ZINC) 500MG CAP,VITAMINS,OTC,1096.0,280.0,5.0
2022-06,1900010134,PROMETIN (METOPROLOL) 50MG TAB,CARDIOVASCULAR,GENERICS,324.0,230.0,10.0
2022-06,4806504653164,RENAKULT CAP(PROBIOTIC,VITAMINS,OTC,5965.65,231.0,9.0
2022-06,4806524772906,AMLOTHIX (AMLODIPINE) 5MG TAB,CARDIOVASCULAR,GENERICS,642.0,330.0,3.0
2022-06,4806524780482,KETOGO (KETOANALOGUES +ESSEN. AMINO ACIDS,GUT AND HORMONES,PRESCRIPTION,9270.48,453.0,1.0
2022-06,4806524781854,NEPHORMIN (KETOANALOGUES+ESSENTIAL AMINO ACIDS) TAB,ANTIBIOTICS,PRESCRIPTION,4865.76,256.0,7.0
2022-06,4806527194088,ALLECUR (CETIRIZINE) 10MG TAB,RESPIRATORY,GENERICS,894.0,298.0,4.0
2022-06,4807788561688,BIOGESIC (PARACETAMOL) 500MG TAB,PAIN MANAGEMENT,OTC,1560.0,392.0,2.0
2022-06,8904184004972,PERGLIM M-2 (GLIMEPERIDE METFORMIN HCl) 2MG/500MG TAB,ANTIDIABETICS,PRESCRIPTION,3907.8199999999997,245.0,8.0
2022-06,8944164510321,ANIN (LOSARTAN) 50MG TAB,CARDIOVASCULAR,GENERICS,576.38,267.0,6.0
2022-07,1900010066,SUPER CEE PLUS (SODIUM ASCORBATE FORTIFIED + ZINC) 500MG CAP,VITAMINS,OTC,800.0,200.0,9.0
2022-07,4806504653164,RENAKULT CAP(PROBIOTIC,VITAMINS,OTC,11590.92,458.0,3.0
2022-07,4806524772906,AMLOTHIX (AMLODIPINE) 5MG TAB,CARDIOVASCULAR,GENERICS,680.0,340.0,4.0
2022-07,4806524781854,NEPHORMIN (KETOANALOGUES+ESSENTIAL AMINO ACIDS) TAB,ANTIBIOTICS,PRESCRIPTION,13548.24,701.0,1.0
2022-07,4806527194088,ALLECUR (CETIRIZINE) 10MG TAB,RESPIRATORY,GENERICS,876.0,293.0,6.0
2022-07,4807788561688,BIOGESIC (PARACETAMOL) 500MG TAB,PAIN MANAGEMENT,OTC,1296.0,324.0,5.0
2022-07,4807788561688,BIOGESIC 500MG TAB,PAIN MANAGEMENT,OTC,852.0,213.0,8.0
2022-07,4807788562593,IMMUNPRO 500MG TAB,VITAMINS,OTC,1589.97,186.0,10.0
2022-07,8904360300065,BRELVASTIN (ATORVASTATIN) 20MG,CARDIOVASCULAR,PRESCRIPTION,718.2,230.0,7.0
2022-07,8944164510321,ANIN (LOSARTAN) 50MG TAB,CARDIOVASCULAR,GENERICS,1391.5,624.0,2.0
2022-08,4806504086139,FORALIVIT (FERROUS+ FOLIC ACID+ VIT B COMPLEX) CAP,VITAMINS,GENERICS,879.6,222.0,9.0
2022-08,4806504653164,RENAKULT CAP(PROBIOTIC,VITAMINS,OTC,7816.5,294.0,4.0
2022-08,4806524772906,AMLOTHIX (AMLODIPINE) 5MG TAB,CARDIOVASCULAR,GENERICS,504.0,255.0,7.0
2022-08,4806524772913,AMLOTHIX (AMLODIPINE) 10MG TAB,CARDIOVASCULAR,GENERICS,540.58,310.0,3.0
2022-08,4806524781854,NEPHORMIN (KETOANALOGUES+ESSENTIAL AMINO ACIDS) TAB,ANTIBIOTICS,PRESCRIPTION,4999.68,258.0,6.0
2022-08,4806527194088,ALLECUR (CETIRIZINE) 10MG TAB,RESPIRATORY,GENERICS,613.72,211.0,10.0
2022-08,4806531820812,AK LOG TAB,ANTIBIOTICS,PRESCRIPTION,4092.06,287.0,5.0
2022-08,4807788561688,BIOGESIC (PARACETAMOL) 500MG TAB,PAIN MANAGEMENT,OTC,2176.56,547.0,1.0
2022-08,6100010004,GAUZE PAD 4X4 TRUCARE,WOUND CARE,MED-SURG,994.58,223.0,8.0
2022-08,8944164510321,ANIN (LOSARTAN) 50MG TAB,CARDIOVASCULAR,GENERICS,763.6,335.0,2.0
2022-09,21096518,ANGEL-50 (LOSARTAN POTASSIUM) 50MG TAB,CARDIOVASCULAR,GENERICS,1565.05,648.0,1.0
2022-09,4806504653164,RENAKULT CAP(PROBIOTIC,VITAMINS,OTC,6277.5,240.0,7.0
2022-09,4806505141387,FORMET (METFORMIN) 500MG TAB,ANTIDIABETICS,GENERICS,357.0,235.0,8.0
2022-09,4806524148800,PHILPARA (PARACETAMOL) 500MG TAB,PAIN MANAGEMENT,GENERICS,567.8399999999999,230.0,10.0
2022-09,4806524772906,AMLOTHIX (AMLODIPINE) 5MG TAB,CARDIOVASCULAR,GENERICS,498.0,253.0,5.0
2022-09,4806527194088,ALLECUR (CETIRIZINE) 10MG TAB,RESPIRATORY,GENERICS,754.5,252.0,6.0
2022-09,4806531820812,AK LOG TAB,ANTIBIOTICS,PRESCRIPTION,6943.87,465.0,3.0
2022-09,4807788561688,BIOGESIC (PARACETAMOL) 500MG TAB,PAIN MANAGEMENT,OTC,2017.36,508.0,2.0
2022-09,8908006972531,CLOHEAL (CLOPIDOGREL) 75MG TAB,CARDIOVASCULAR,PRESCRIPTION,767.99,235.0,9.0
2022-09,8944164510321,ANIN (LOSARTAN) 50MG TAB,CARDIOVASCULAR,GENERICS,800.4,360.0,4.0
2022-10,4800301903149,DIABEE (VITAMIN B COMPLEX) CAP,VITAMINS,OTC,828.65,275.0,7.0
2022-10,4806527194088,ALLECUR (CETIRIZINE) 10MG TAB,RESPIRATORY,GENERICS,1203.0,401.0,4.0
2022-10,4806531820812,AK LOG TAB,ANTIBIOTICS,PRESCRIPTION,8560.22,599.0,2.0
2022-10,4807788561688,BIOGESIC (PARACETAMOL) 500MG TAB,PAIN MANAGEMENT,OTC,2873.25,697.0,1.0
2022-10,4807788562593,IMMUNPRO 500MG TAB,VITAMINS,OTC,3518.73,505.0,3.0
2022-10,69853920,ASCORSAPH ZEE(ASCORBIC ACID+ZN)500MG/10MG CAP,VITAMINS,OTC,616.64,320.0,6.0
2022-10,8902269016674,ALCLAV (CO-AMOXICLAV) 625MG TAB,ANTIBIOTICS,PRESCRIPTION,6446.38,216.0,9.0
2022-10,8944164510321,ANIN (LOSARTAN) 50MG TAB,CARDIOVASCULAR,GENERICS,758.08,343.0,5.0
2022-10,8961100510023,CALIPTROL (ATORVASTATIN) 40MG,CARDIOVASCULAR,PRESCRIPTION,1151.8,214.0,10.0
2022-10,8961100510665,AURORA (ROSUVASTATIN) 10MG FC TAB,CARDIOVASCULAR,PRESCRIPTION,1989.4,217.0,8.0
2022-11,4806032201004,POTEN CEE PLUS ZINC (ASCORBIC ACID + ZINC,VITAMINS,OTC,1960.0,251.0,6.0
2022-11,4806523301312,AXMEL (AMOXICILLIN TRIHYDRATE) 500MG CAP,ANTIBIOTICS,GENERICS,2476.5,762.0,1.0
2022-11,4806524144123,UROMID (FUROSEMIDE) 40MG TAB,CARDIOVASCULAR,GENERICS,450.0,205.0,10.0
2022-11,4806527194088,ALLECUR (CETIRIZINE) 10MG TAB,RESPIRATORY,GENERICS,1018.5,340.0,5.0
2022-11,4806531820812,AK LOG TAB,ANTIBIOTICS,PRESCRIPTION,3504.3199999999997,237.0,8.0
2022-11,4807788526762,BIOFLU (PENYLEPHINE + CHLORPHENAMINE + PARACETAMOL) TAB,PAIN MANAGEMENT,OTC,1688.0,211.0,9.0
2022-11,4807788561688,BIOGESIC (PARACETAMOL) 500MG TAB,PAIN MANAGEMENT,OTC,2550.0,602.0,3.0
2022-11,4807788562593,IMMUNPRO 500MG TAB,VITAMINS,OTC,3057.44,358.0,4.0
2022-11,69853920,ASCORSAPH ZEE(ASCORBIC ACID+ZN)500MG/10MG CAP,VITAMINS,OTC,490.0,245.0,7.0
2022-11,78014183,SAPHLOR-50 (LOSARTAN) 50MG TAB,CARDIOVASCULAR,GENERICS,1388.05,638.0,2.0
2022-12,4806504653164,RENAKULT CAP(PROBIOTIC,VITAMINS,OTC,6156.0,240.0,7.0
2022-12,4806505141387,FORMET (METFORMIN) 500MG TAB,ANTIDIABETICS,GENERICS,549.5,315.0,5.0
2022-12,4806511990641,RENABAL (KETOANALOGUES + ESSENTIAL AMINO ACIDS) FC TAB,GUT AND HORMONES,PRESCRIPTION,7634.2,496.0,2.0
2022-12,4806524772906,AMLOTHIX (AMLODIPINE) 5MG TAB,CARDIOVASCULAR,GENERICS,444.0,234.0,8.0
2022-12,4806526296813,GAUZE PAD 3X3 STERILE (PARTNERS,WOUND CARE,MED-SURG,733.67,223.0,9.0
2022-12,4807788526762,BIOFLU (PENYLEPHINE + CHLORPHENAMINE + PARACETAMOL) TAB,PAIN MANAGEMENT,OTC,1784.0,223.0,10.0
2022-12,4807788561688,BIOGESIC (PARACETAMOL) 500MG TAB,PAIN MANAGEMENT,OTC,1627.75,383.0,4.0
2022-12,4807788562593,IMMUNPRO 500MG TAB,VITAMINS,OTC,2038.68,243.0,6.0
2022-12,69853920,ASCORSAPH ZEE(ASCORBIC ACID+ZN)500MG/10MG CAP,VITAMINS,OTC,743.2,400.0,3.0
2022-12,8904179014702,NOVASARTAN (LOSARTAN K) 50MG FC TAB,CARDIOVASCULAR,GENERICS,2143.0,920.0,1.0
2023-01,4806035205429,REGIVASC (AMLODIPINE BESILATE) 10MG TAB,CARDIOVASCULAR,GENERICS,573.0,251.0,8.0
2023-01,4806520351211,CLODIN (CLONIDINE) 150MG TAB,GIT,GENERICS,1692.0,220.0,9.0
2023-01,4806524772906,AMLOTHIX (AMLODIPINE) 5MG TAB,CARDIOVASCULAR,GENERICS,605.6,311.0,5.0
2023-01,4806524781854,NEPHORMIN (KETOANALOGUES+ESSENTIAL AMINO ACIDS) TAB,ANTIBIOTICS,PRESCRIPTION,8520.0,531.0,2.0
2023-01,4806527194088,ALLECUR (CETIRIZINE) 10MG TAB,RESPIRATORY,GENERICS,795.0,265.0,7.0
2023-01,4807788561688,BIOGESIC (PARACETAMOL) 500MG TAB,PAIN MANAGEMENT,OTC,1738.25,409.0,4.0
2023-01,4807788562593,IMMUNPRO 500MG TAB,VITAMINS,OTC,1811.25,207.0,10.0
2023-01,78014183,SAPHLOR-50 (LOSARTAN) 50MG TAB,CARDIOVASCULAR,GENERICS,1117.8,509.0,3.0
2023-01,8902269016674,ALCLAV (CO-AMOXICLAV) 625MG TAB,ANTIBIOTICS,PRESCRIPTION,4733.96,269.0,6.0
2023-01,8904179014702,NOVASARTAN (LOSARTAN K) 50MG FC TAB,CARDIOVASCULAR,GENERICS,1462.5,617.0,1.0
2023-02,4800289821510,NEOFORM 500MG TAB,ANTIDIABETICS,PRESCRIPTION,536.0,200.0,9.0
2023-02,4806524772906,AMLOTHIX (AMLODIPINE) 5MG TAB,CARDIOVASCULAR,GENERICS,398.0,205.0,8.0
2023-02,4806524781854,NEPHORMIN (KETOANALOGUES+ESSENTIAL AMINO ACIDS) TAB,ANTIBIOTICS,PRESCRIPTION,3520.0,220.0,7.0
2023-02,4806524781854,NEPHROMIN (KETOANALOGUES+ESSENTIAL AMINO ACIDS) TAB,ANTIBIOTICS,PRESCRIPTION,8848.0,553.0,3.0
2023-02,4806527194088,ALLECUR (CETIRIZINE) 10MG TAB,RESPIRATORY,GENERICS,948.0,316.0,4.0
2023-02,4807788561688,BIOGESIC (PARACETAMOL) 500MG TAB,PAIN MANAGEMENT,OTC,2380.73,571.0,2.0
2023-02,4809015142035,OHHIRAs PROPOLIS 600MG CAP,RESPIRATORY,PRESCRIPTION,14246.4,228.0,6.0
2023-02,69853920,ASCORSAPH ZEE(ASCORBIC ACID+ZN)500MG/10MG CAP,VITAMINS,OTC,452.0,230.0,5.0
2023-02,8904179014702,NOVASARTAN (LOSARTAN K) 50MG FC TAB,CARDIOVASCULAR,GENERICS,2582.5,1075.0,1.0
2023-02,8961100510023,CALIPTROL (ATORVASTATIN) 40MG,CARDIOVASCULAR,PRESCRIPTION,1076.4,182.0,10.0
2023-03,1900010021,SAPHLOPID (CLOPIDOGREL) 75MG TAB,CARDIOVASCULAR,PRESCRIPTION,1112.44,231.0,8.0
2023-03,4806504260614,APPEVIT (BUCLIZINE HCL+B-COMPLEX+IRON) CAP,VITAMINS,OTC,3366.36,245.0,7.0
2023-03,4806505142124,FERRICORE (FERROUS SULFATE) 325MG TAB,VITAMINS,GENERICS,756.0,390.0,3.0
2023-03,4806524781854,NEPHROMIN (KETOANALOGUES+ESSENTIAL AMINO ACIDS) TAB,ANTIBIOTICS,PRESCRIPTION,4000.0,250.0,6.0
2023-03,4807788561688,BIOGESIC (PARACETAMOL) 500MG TAB,PAIN MANAGEMENT,OTC,2601.0,616.0,2.0
2023-03,4809015142035,OHHIRAs PROPOLIS 600MG CAP,RESPIRATORY,PRESCRIPTION,23913.12,374.0,4.0
2023-03,54021235,GLOBISAPH (KETOANALOGUE) 630MG TAB,GUT AND HORMONES,PRESCRIPTION,5624.0,370.0,5.0
2023-03,8904179014702,NOVASARTAN (LOSARTAN K) 50MG FC TAB,CARDIOVASCULAR,GENERICS,2090.0,885.0,1.0
2023-03,8944164010272,CARVIDA (CARVEDILOL) 6.25MG TAB,CARDIOVASCULAR,GENERICS,1714.88,223.0,9.0
2023-03,8961100510023,CALIPTROL (ATORVASTATIN) 40MG,CARDIOVASCULAR,PRESCRIPTION,1245.4,207.0,10.0
2023-04,1900010021,SAPHLOPID (CLOPIDOGREL) 75MG TAB,CARDIOVASCULAR,PRESCRIPTION,1189.0,245.0,8.0
2023-04,4806035205429,REGIVASC (AMLODIPINE BESILATE) 10MG TAB,CARDIOVASCULAR,GENERICS,487.5,211.0,10.0
2023-04,4806504260614,APPEVIT (BUCLIZINE HCL+B-COMPLEX+IRON) CAP,VITAMINS,OTC,5871.360000000001,438.0,4.0
2023-04,4806505141387,FORMET (METFORMIN) 500MG TAB,ANTIDIABETICS,GENERICS,603.75,351.0,5.0
2023-04,4806524772906,AMLOTHIX (AMLODIPINE) 5MG TAB,CARDIOVASCULAR,GENERICS,897.2,467.0,3.0
2023-04,4806534570240,CETRINOVA (CETIRIZINE) 10MG FC TAB,ADULT MILK,F&B,636.0,212.0,9.0
2023-04,4807788561688,BIOGESIC (PARACETAMOL) 500MG TAB,PAIN MANAGEMENT,OTC,1012.64,246.0,7.0
2023-04,4809015142035,OHHIRAs PROPOLIS 600MG CAP,RESPIRATORY,PRESCRIPTION,21131.04,329.0,6.0
2023-04,54021235,GLOBISAPH (KETOANALOGUE) 630MG TAB,GUT AND HORMONES,PRESCRIPTION,8534.8,554.0,2.0
2023-04,8904179014702,NOVASARTAN (LOSARTAN K) 50MG FC TAB,CARDIOVASCULAR,GENERICS,1505.0,637.0,1.0
2023-05,38119798,ATORSAPH-20 (ATORVASTATIN) 20MG FC TAB,CARDIOVASCULAR,PRESCRIPTION,595.0,196.0,10.0
2023-05,4806504260614,APPEVIT (BUCLIZINE HCL+B-COMPLEX+IRON) CAP,VITAMINS,OTC,5634.46,424.0,4.0
2023-05,4806524772906,AMLOTHIX (AMLODIPINE) 5MG TAB,CARDIOVASCULAR,GENERICS,681.6,347.0,5.0
2023-05,4806524772913,AMLOTHIX (AMLODIPINE) 10MG TAB,CARDIOVASCULAR,GENERICS,354.42,225.0,6.0
2023-05,4806524781854,NEPHROMIN (KETOANALOGUES+ESSENTIAL AMINO ACIDS) TAB,ANTIBIOTICS,PRESCRIPTION,8112.0,492.0,3.0
2023-05,4806534570240,CETRINOVA (CETIRIZINE) 10MG FC TAB,ADULT MILK,F&B,657.12,225.0,7.0
2023-05,4807788561688,BIOGESIC (PARACETAMOL) 500MG TAB,PAIN MANAGEMENT,OTC,2908.14,690.0,2.0
2023-05,4809015142035,OHHIRAs PROPOLIS 600MG CAP,RESPIRATORY,PRESCRIPTION,13134.24,207.0,9.0
2023-05,8904179014702,NOVASARTAN (LOSARTAN K) 50MG FC TAB,CARDIOVASCULAR,GENERICS,2770.0,1170.0,1.0
2023-05,8944164010272,CARVIDA (CARVEDILOL) 6.25MG TAB,CARDIOVASCULAR,GENERICS,1656.92,213.0,8.0
2023-06,1900010021,SAPHLOPID (CLOPIDOGREL) 75MG TAB,CARDIOVASCULAR,PRESCRIPTION,1286.44,271.0,7.0
2023-06,4800369000545,TERRAFERON (FERROUS SULFATE + FOLIC ACID + B-COMPLEX + NICOTINAMIDE) CAP,VITAMINS,OTC,2707.21,357.0,5.0
2023-06,4806504260614,APPEVIT (BUCLIZINE HCL+B-COMPLEX+IRON) CAP,VITAMINS,OTC,5048.12,363.0,4.0
2023-06,4806523302593,MYMET (METFORMIN) 500MG F.C TAB,ANTIDIABETICS,GENERICS,372.4,275.0,6.0
2023-06,4806524781854,NEPHROMIN (KETOANALOGUES+ESSENTIAL AMINO ACIDS) TAB,ANTIBIOTICS,PRESCRIPTION,4320.0,270.0,8.0
2023-06,4807788526762,BIOFLU (PENYLEPHINE + CHLORPHENAMINE + PARACETAMOL) TAB,PAIN MANAGEMENT,OTC,1896.0,237.0,10.0
2023-06,4807788561688,BIOGESIC (PARACETAMOL) 500MG TAB,PAIN MANAGEMENT,OTC,4402.15,1037.0,1.0
2023-06,4809015142035,OHHIRAs PROPOLIS 600MG CAP,RESPIRATORY,PRESCRIPTION,14632.8,245.0,9.0
2023-06,54021235,GLOBISAPH (KETOANALOGUE) 630MG TAB,GUT AND HORMONES,PRESCRIPTION,13889.0,900.0,2.0
2023-06,8904179014702,NOVASARTAN (LOSARTAN K) 50MG FC TAB,CARDIOVASCULAR,GENERICS,1620.0,692.0,3.0
2023-07,1900010021,SAPHLOPID (CLOPIDOGREL) 75MG TAB,CARDIOVASCULAR,PRESCRIPTION,941.92,203.0,10.0
2023-07,4806504653348,CORVELAM 800MG (SEVELAMER CARBONATE) TAB,GUT AND HORMONES,PRESCRIPTION,7310.0,215.0,9.0
2023-07,4806523301312,AXMEL (AMOXICILLIN TRIHYDRATE) 500MG CAP,ANTIBIOTICS,GENERICS,1312.76,412.0,4.0
2023-07,4806524781854,NEPHROMIN (KETOANALOGUES+ESSENTIAL AMINO ACIDS) TAB,ANTIBIOTICS,PRESCRIPTION,5280.0,330.0,6.0
2023-07,4807788561688,BIOGESIC (PARACETAMOL) 500MG TAB,PAIN MANAGEMENT,OTC,2409.75,569.0,1.0
2023-07,54021235,GLOBISAPH (KETOANALOGUE) 630MG TAB,GUT AND HORMONES,PRESCRIPTION,5198.4,342.0,5.0
2023-07,6100010004,GAUZE PAD 4X4 TRUCARE,WOUND CARE,MED-SURG,1230.96,278.0,8.0
2023-07,8904179014702,NOVASARTAN (LOSARTAN K) 50MG FC TAB,CARDIOVASCULAR,GENERICS,1045.0,451.0,3.0
2023-07,8904182011286,MEDPIN-5 (AMLODIPINE) 5MG TAB,CARDIOVASCULAR,GENERICS,512.0,280.0,7.0
2023-07,8906043320025,MEGYXAN (MEFENAMIC ACID) 500MG CAP,PAIN MANAGEMENT,GENERICS,1250.0,500.0,2.0
2023-08,4800369000545,TERRAFERON (FERROUS SULFATE + FOLIC ACID + B-COMPLEX + NICOTINAMIDE) CAP,VITAMINS,OTC,3328.38,438.0,5.0
2023-08,4806504260614,APPEVIT (BUCLIZINE HCL+B-COMPLEX+IRON) CAP,VITAMINS,OTC,4224.0,329.0,8.0
2023-08,4806524781854,NEPHROMIN (KETOANALOGUES+ESSENTIAL AMINO ACIDS) TAB,ANTIBIOTICS,PRESCRIPTION,8300.0,497.0,3.0
2023-08,4806527192664,ENOCEE (ASCORBIC ACID) 500MG TAB,VITAMINS,GENERICS,1000.0,500.0,2.0
2023-08,4806527194125,LODIPEX (AMLODIPINE BESILATE) 10MG TAB,CARDIOVASCULAR,GENERICS,445.6,231.0,10.0
2023-08,4807788561688,BIOGESIC (PARACETAMOL) 500MG TAB,PAIN MANAGEMENT,OTC,1563.57,374.0,7.0
2023-08,4807788562630,CALCIUMADE (CALCIUM + VITAMIN + MINERALS) TAB,VITAMINS,OTC,3138.0,295.0,9.0
2023-08,54021235,GLOBISAPH (KETOANALOGUE) 630MG TAB,GUT AND HORMONES,PRESCRIPTION,7417.6,488.0,4.0
2023-08,8904179014702,NOVASARTAN (LOSARTAN K) 50MG FC TAB,CARDIOVASCULAR,GENERICS,1576.56,675.0,1.0
2023-08,8904182011286,MEDPIN-5 (AMLODIPINE) 5MG TAB,CARDIOVASCULAR,GENERICS,838.0,430.0,6.0
2023-09,45817663,ROSUSAPH-20 (ROSUVASTATIN) 20MG FC TAB,CARDIOVASCULAR,PRESCRIPTION,2929.0,225.0,9.0
2023-09,4806033302731,RM COLCHICINE 500MG,PAIN MANAGEMENT,PRESCRIPTION,752.4,222.0,10.0
2023-09,4806502850008,SYMDEX D TAB,RESPIRATORY,OTC,1983.0,638.0,2.0
2023-09,4806524781854,NEPHROMIN (KETOANALOGUES+ESSENTIAL AMINO ACIDS) TAB,ANTIBIOTICS,PRESCRIPTION,3696.0,231.0,8.0
2023-09,4806533602379,RETASAR (LOSARTAN) 50MG TAB,CARDIOVASCULAR,PRESCRIPTION,1142.5,457.0,4.0
2023-09,4806534570240,CETRINOVA (CETIRIZINE) 10MG FC TAB,ADULT MILK,F&B,767.84,268.0,6.0
2023-09,4807788561688,BIOGESIC (PARACETAMOL) 500MG TAB,PAIN MANAGEMENT,OTC,2884.9,679.0,1.0
2023-09,4809015705865,KETOMIRIN (KETOANALOGUES+ESSENTIAL AMINO ACIDS) 630MG FC TAB,GUT AND HORMONES,PRESCRIPTION,4125.0,275.0,5.0
2023-09,69853920,ASCORSAPH ZEE(ASCORBIC ACID+ZN)500MG/10MG CAP,VITAMINS,OTC,1928.96,600.0,3.0
2023-09,8904186000521,TRIMEBET (TRIMETAZIDINE) 35G TAB,CARDIOVASCULAR,GENERICS,1930.4,244.0,7.0
2023-10,4800369000545,TERRAFERON (FERROUS SULFATE + FOLIC ACID + B-COMPLEX + NICOTINAMIDE) CAP,VITAMINS,OTC,1551.0,235.0,10.0
2023-10,4806033302731,RM COLCHICINE 500MG,PAIN MANAGEMENT,PRESCRIPTION,1425.0,379.0,5.0
2023-10,4806524147254,GLYCEMET (METFORMIN HYDROCHLORIDE) 500MG TAB,ANTIDIABETICS,GENERICS,393.96,408.0,3.0
2023-10,4806527194125,LODIPEX (AMLODIPINE BESILATE) 10MG TAB,CARDIOVASCULAR,GENERICS,720.0,256.0,9.0
2023-10,4806533602379,RETASAR (LOSARTAN POTASSIUM) 50MG,CARDIOVASCULAR,PRESCRIPTION,1130.5,464.0,1.0
2023-10,4806534570240,CETRINOVA (CETIRIZINE) 10MG FC TAB,ADULT MILK,F&B,921.0,307.0,6.0
2023-10,4807788561688,BIOGESIC (PARACETAMOL) 500MG TAB,PAIN MANAGEMENT,OTC,1904.0,448.0,2.0
2023-10,4809015705865,KETOMIRIN (KETOANALOGUES+ESSENTIAL AMINO ACIDS) 630MG FC TAB,GUT AND HORMONES,PRESCRIPTION,5955.0,397.0,4.0
2023-10,8904182011286,MEDPIN-5 (AMLODIPINE) 5MG TAB,CARDIOVASCULAR,GENERICS,540.0,273.0,8.0
2023-10,8904186000521,TRIMEBET (TRIMETAZIDINE) 35G TAB,CARDIOVASCULAR,GENERICS,2109.0,275.0,7.0
2023-11,0725765883117,OHHIRA&#039;S RED OMX PROBIOTICS CAP,VITAMINS,OTC,13180.5,261.0,7.0
2023-11,4806504260614,APPEVIT (BUCLIZINE HCL+B-COMPLEX+IRON) CAP,VITAMINS,OTC,3945.0,285.0,5.0
2023-11,4806520351105,FUSEDEX (FUROSEMIDE) 40MG TAB,CARDIOVASCULAR,GENERICS,518.52,221.0,10.0
2023-11,4806521161222,CO-ALTRIA PED 5MG/5ML TAB,RESPIRATORY,PRESCRIPTION,6278.1,255.0,8.0
2023-11,4806533602379,RETASAR (LOSARTAN POTASSIUM) 50MG,CARDIOVASCULAR,PRESCRIPTION,1772.5,742.0,1.0
2023-11,4807788561688,BIOGESIC (PARACETAMOL) 500MG TAB,PAIN MANAGEMENT,OTC,1011.5,238.0,9.0
2023-11,4809014206110,OMX (PROBIOTICS) CAP,VITAMINS,GENERICS,17144.75,341.0,3.0
2023-11,4809015705865,KETOMIRIN (KETOANALOGUES+ESSENTIAL AMINO ACIDS) 630MG FC TAB,GUT AND HORMONES,PRESCRIPTION,10275.0,685.0,2.0
2023-11,8904186000521,TRIMEBET (TRIMETAZIDINE) 35G TAB,CARDIOVASCULAR,GENERICS,2285.7,287.0,4.0
2023-11,8944164010272,CARVIDA (CARVEDILOL) 6.25MG TAB,CARDIOVASCULAR,GENERICS,2099.75,278.0,6.0
2023-12,0725765883117,OHHIRA&#039;S RED OMX PROBIOTICS CAP,VITAMINS,OTC,38491.1,765.0,2.0
2023-12,4806504260614,APPEVIT (BUCLIZINE HCL+B-COMPLEX+IRON) CAP,VITAMINS,OTC,5688.0,399.0,3.0
2023-12,4806524147391,REVITAPLEX (VITAMIN B1 + B6 + B12) TAB,VITAMINS,GENERICS,854.4300000000001,268.0,7.0
2023-12,4806533602379,RETASAR (LOSARTAN POTASSIUM) 50MG,CARDIOVASCULAR,PRESCRIPTION,2030.0,866.0,1.0
2023-12,4807788561688,BIOGESIC (PARACETAMOL) 500MG TAB,PAIN MANAGEMENT,OTC,1504.5,354.0,4.0
2023-12,4807788562593,IMMUNPRO 500MG TAB,VITAMINS,OTC,2178.75,261.0,9.0
2023-12,4809015142035,OHHIRAs PROPOLIS 600MG CAP,RESPIRATORY,PRESCRIPTION,20665.5,310.0,6.0
2023-12,8904186000521,TRIMEBET (TRIMETAZIDINE) 35G TAB,CARDIOVASCULAR,GENERICS,2033.0,264.0,8.0
2023-12,8906043325297,AMLOSAPH (AMLODIPINE) 10MG TAB,CARDIOVASCULAR,GENERICS,578.0,325.0,5.0
2023-12,8944164010272,CARVIDA (CARVEDILOL) 6.25MG TAB,CARDIOVASCULAR,GENERICS,1868.5,241.0,10.0
2024-01,0725765883117,OHHIRA&#039;S RED OMX PROBIOTICS CAP,VITAMINS,OTC,31537.25,626.0,2.0
2024-01,4806033302731,RM COLCHICINE 500MG,PAIN MANAGEMENT,PRESCRIPTION,694.95,226.0,9.0
2024-01,4806504260614,APPEVIT (BUCLIZINE HCL+B-COMPLEX+IRON) CAP,VITAMINS,OTC,4822.5,336.0,5.0
2024-01,4806524143348,CALCITROL 500 1250MG/250IU TAB,VITAMINS,OTC,3025.0,220.0,10.0
2024-01,4806533602379,RETASAR (LOSARTAN POTASSIUM) 50MG,CARDIOVASCULAR,PRESCRIPTION,2147.5,890.0,1.0
2024-01,4807788561688,BIOGESIC (PARACETAMOL) 500MG TAB,PAIN MANAGEMENT,OTC,973.25,229.0,8.0
2024-01,4807788561688,BIOGESIC 500MG TAB,PAIN MANAGEMENT,OTC,2414.0,571.0,3.0
2024-01,4807788562593,IMMUNPRO 500MG TAB,VITAMINS,OTC,2639.0,307.0,6.0
2024-01,8904130424502,RETANIX (CETIRIZINE) 10MG TAB,RESPIRATORY,GENERICS,539.0,385.0,4.0
2024-01,8906043325297,AMLOSAPH (AMLODIPINE) 10MG TAB,CARDIOVASCULAR,GENERICS,486.0,246.0,7.0
2024-02,0725765883117,OHHIRA&#039;S RED OMX PROBIOTICS CAP,VITAMINS,OTC,23775.4,471.0,4.0
2024-02,4806035208246,SELCEE (ASCORBIC ACID) 500MG,VITAMINS,GENERICS,640.0,400.0,5.0
2024-02,4806504260614,APPEVIT (BUCLIZINE HCL+B-COMPLEX+IRON) CAP,VITAMINS,OTC,4710.0,342.0,7.0
2024-02,4806524147391,REVITAPLEX (VITAMIN B1 + B6 + B12) TAB,VITAMINS,GENERICS,1522.6100000000001,533.0,3.0
2024-02,4806527201373,MULTI VITA (MULTIVITAMINS) CAP,VITAMINS,GENERICS,774.0,330.0,8.0
2024-02,4806533602379,RETASAR (LOSARTAN POTASSIUM) 50MG,CARDIOVASCULAR,PRESCRIPTION,1610.0,669.0,2.0
2024-02,4806534570493,CLOPEGEN (CLOPIDOGREL) 75MG FCT,CARDIOVASCULAR,PRESCRIPTION,1216.7,245.0,10.0
2024-02,4807788562593,IMMUNPRO 500MG TAB,VITAMINS,OTC,3316.25,386.0,6.0
2024-02,8904130424502,RETANIX (CETIRIZINE) 10MG TAB,RESPIRATORY,GENERICS,1235.64,884.0,1.0
2024-02,8906043325297,AMLOSAPH (AMLODIPINE) 10MG TAB,CARDIOVASCULAR,GENERICS,512.0,268.0,9.0
2024-03,0725765883117,OHHIRA&#039;S RED OMX PROBIOTICS CAP,VITAMINS,OTC,13768.83,273.0,6.0
2024-03,4806518970615,AMINOLOG (KETOANALOGUES+ESSENTIAL AMINO ACIDS) FC TAB,GUT AND HORMONES,PRESCRIPTION,7669.15,422.0,4.0
2024-03,4806524143348,CALCITROL 500 1250MG/250IU TAB,VITAMINS,OTC,3300.0,240.0,9.0
2024-03,4806524147254,GLYCEMET (METFORMIN HYDROCHLORIDE) 500MG TAB,ANTIDIABETICS,GENERICS,623.7,600.0,3.0
2024-03,4806527192022,BETTER C (ASCORBIC ACID ) 500MG TAB,VITAMINS,GENERICS,3800.0,1900.0,1.0
2024-03,4806533602355,RETAVASC- 5 (AMLODIPINE) 5MG TAB,CARDIOVASCULAR,GENERICS,391.0,230.0,10.0
2024-03,4806533602379,RETASAR (LOSARTAN POTASSIUM) 50MG,CARDIOVASCULAR,PRESCRIPTION,2640.25,1080.0,2.0
2024-03,4806534570240,CETRINOVA (CETIRIZINE) 10MG FC TAB,ADULT MILK,F&B,741.0,249.0,8.0
2024-03,4807788562593,IMMUNPRO 500MG TAB,VITAMINS,OTC,2133.25,261.0,7.0
2024-03,8906043325297,AMLOSAPH (AMLODIPINE) 10MG TAB,CARDIOVASCULAR,GENERICS,696.0,372.0,5.0
2024-04,0725765883117,OHHIRA&#039;S RED OMX PROBIOTICS CAP,VITAMINS,OTC,20003.06,398.0,3.0
2024-04,4801010194002,BAND AID PLASTIC STRIPS,WOUND CARE,MED-SURG,560.0,224.0,10.0
2024-04,4806033302830,RM METFORMIN 500MG TAB,ANTIDIABETICS,PRESCRIPTION,779.7,230.0,9.0
2024-04,4806504260614,APPEVIT (BUCLIZINE HCL+B-COMPLEX+IRON) CAP,VITAMINS,OTC,5010.0,350.0,4.0
2024-04,4806517790214,TMZ-MR (TRIMETAZIDINE HCL) 35MG TAB,CARDIOVASCULAR,PRESCRIPTION,3272.95,239.0,7.0
2024-04,4806518970615,AMINOLOG (KETOANALOGUES+ESSENTIAL AMINO ACIDS) FC TAB,GUT AND HORMONES,PRESCRIPTION,4272.04,238.0,8.0
2024-04,4806533602355,RETAVASC- 5 (AMLODIPINE) 5MG TAB,CARDIOVASCULAR,GENERICS,816.0,535.0,2.0
2024-04,4806533602379,RETASAR (LOSARTAN POTASSIUM) 50MG,CARDIOVASCULAR,PRESCRIPTION,3599.0,1500.0,1.0
2024-04,4807788562593,IMMUNPRO 500MG TAB,VITAMINS,OTC,2135.0,260.0,6.0
2024-04,4809015142035,OHHIRAs PROPOLIS 600MG CAP,RESPIRATORY,PRESCRIPTION,19278.6,292.0,5.0
2024-05,0725765883117,OHHIRA&#039;S RED OMX PROBIOTICS CAP,VITAMINS,OTC,12928.0,256.0,6.0
2024-05,1900010021,SAPHLOPID (CLOPIDOGREL) 75MG TAB,CARDIOVASCULAR,PRESCRIPTION,917.56,177.0,10.0
2024-05,4806504260614,APPEVIT (BUCLIZINE HCL+B-COMPLEX+IRON) CAP,VITAMINS,OTC,3558.0,255.0,7.0
2024-05,4806517790528,LUSTATIN 10 (ROSUVASTATIN CALCIUM) 10MG TAB,CARDIOVASCULAR,PRESCRIPTION,2926.0,190.0,9.0
2024-05,4806518970615,AMINOLOG (KETOANALOGUES+ESSENTIAL AMINO ACIDS) FC TAB,GUT AND HORMONES,PRESCRIPTION,3571.2,200.0,8.0
2024-05,4806533602355,RETAVASC- 5 (AMLODIPINE) 5MG TAB,CARDIOVASCULAR,GENERICS,624.67,378.0,2.0
2024-05,4806533602379,RETASAR (LOSARTAN POTASSIUM) 50MG,CARDIOVASCULAR,PRESCRIPTION,1992.5,899.0,1.0
2024-05,4807788562593,IMMUNPRO 500MG TAB,VITAMINS,OTC,2100.0,259.0,5.0
2024-05,8904130424502,RETANIX (CETIRIZINE) 10MG TAB,RESPIRATORY,GENERICS,775.4,267.0,4.0
2024-05,8906043325297,AMLOSAPH (AMLODIPINE) 10MG TAB,CARDIOVASCULAR,GENERICS,536.4,281.0,3.0
2024-06,4800067551165,MEDIPLAST BANTAM PLASTIC STRIPS,WOUND CARE,MED-SURG,490.0,245.0,7.0
2024-06,4806504260614,APPEVIT (BUCLIZINE HCL+B-COMPLEX+IRON) CAP,VITAMINS,OTC,3637.5,249.0,5.0
2024-06,4806524149074,FREDTOR (ATORVASTATIN) 10MG TAB,CARDIOVASCULAR,GENERICS,450.0,200.0,10.0
2024-06,4806526296820,GAUZE PAD 4x4 STERILE (PARTNERS,WOUND CARE,MED-SURG,1155.7,254.0,4.0
2024-06,4806533602355,RETAVASC- 5 (AMLODIPINE) 5MG TAB,CARDIOVASCULAR,GENERICS,401.72,242.0,8.0
2024-06,4806533602362,RETAVASC (AMLODIPINE) 10MG TAB,CARDIOVASCULAR,GENERICS,402.75,231.0,9.0
2024-06,4806533602379,RETASAR (LOSARTAN POTASSIUM) 50MG,CARDIOVASCULAR,PRESCRIPTION,2417.5,990.0,1.0
2024-06,4807788561688,BIOGESIC 500MG TAB,PAIN MANAGEMENT,OTC,1113.5,262.0,3.0
2024-06,8904130424502,RETANIX (CETIRIZINE) 10MG TAB,RESPIRATORY,GENERICS,1365.0,458.0,2.0
2024-06,8904179017543,RETAZIDINE (TRIMETAZIDINE) 35MG,CARDIOVASCULAR,PRESCRIPTION,2238.86,248.0,6.0
2024-07,0725765883117,OHHIRA&#039;S RED OMX PROBIOTICS CAP,VITAMINS,OTC,15958.0,316.0,5.0
2024-07,4806031902445,PHAREX VIT BCOMPLEX (VITAMIN B1 + B6 + B12,VITAMINS,OTC,679.25,149.0,10.0
2024-07,4806504260614,APPEVIT (BUCLIZINE HCL+B-COMPLEX+IRON) CAP,VITAMINS,OTC,4428.0,300.0,6.0
2024-07,4806517790467,TELDRA (TELMISARTAN) 40MG TAB,CARDIOVASCULAR,PRESCRIPTION,2530.75,191.0,8.0
2024-07,4806533602355,RETAVASC- 5 (AMLODIPINE) 5MG TAB,CARDIOVASCULAR,GENERICS,741.98,445.0,2.0
2024-07,4806533602362,RETAVASC (AMLODIPINE) 10MG TAB,CARDIOVASCULAR,GENERICS,658.72,374.0,4.0
2024-07,4806533602379,RETASAR (LOSARTAN POTASSIUM) 50MG,CARDIOVASCULAR,PRESCRIPTION,1437.5,580.0,1.0
2024-07,4807788562593,IMMUNPRO 500MG TAB,VITAMINS,OTC,2343.25,281.0,7.0
2024-07,8904130424502,RETANIX (CETIRIZINE) 10MG TAB,RESPIRATORY,GENERICS,1212.0,408.0,3.0
2024-07,8904159620923,FEBUDAY-40 (FEBUXOSTAT) 40MG TAB,PAIN MANAGEMENT,PRESCRIPTION,2481.45,174.0,9.0
2024-08,0725765883117,OHHIRA&#039;S RED OMX PROBIOTICS CAP,VITAMINS,OTC,14392.5,285.0,4.0
2024-08,1000200070,SAPHLECOX 200 (CELECOXIB) 200MG CAP,PAIN MANAGEMENT,GENERICS,894.3,163.0,10.0
2024-08,4806037104461,CLAVXICURE (CO-AMOXICLAV) 625MG,ANTIBIOTICS,PRESCRIPTION,6442.4,238.0,6.0
2024-08,4806504260614,APPEVIT (BUCLIZINE HCL+B-COMPLEX+IRON) CAP,VITAMINS,OTC,4896.0,326.0,3.0
2024-08,4806505141387,FORMET (METFORMIN) 500MG TAB,ANTIDIABETICS,GENERICS,350.0,200.0,8.0
2024-08,4806533602379,RETASAR (LOSARTAN POTASSIUM) 50MG,CARDIOVASCULAR,PRESCRIPTION,1936.5,787.0,1.0
2024-08,4807788561688,BIOGESIC 500MG TAB,PAIN MANAGEMENT,OTC,1177.25,277.0,5.0
2024-08,70974850,FERROUMAX OB (B-COMPLEX + FOLIC ACID,VITAMINS,OTC,2093.0,182.0,9.0
2024-08,8904130424502,RETANIX (CETIRIZINE) 10MG TAB,RESPIRATORY,GENERICS,648.0,219.0,7.0
2024-08,8906117651871,CETIRILIFE (CETIRIZINE) 10MG TAB,RESPIRATORY,GENERICS,1452.0,484.0,2.0
2024-09,0725765883117,OHHIRA&#039;S RED OMX PROBIOTICS CAP,VITAMINS,OTC,29497.05,587.0,7.0
2024-09,1900010066,SUPER CEE PLUS (SODIUM ASCORBATE FORTIFIED + ZINC) 500MG CAP,VITAMINS,OTC,4192.0,1060.0,3.0
2024-09,29986620,ROSETT (ROSUVASTATIN) 10MG TAB,CARDIOVASCULAR,GENERICS,10620.0,360.0,9.0
2024-09,4806033307392,RM LOSARTAN 50MG TAB,CARDIOVASCULAR,PRESCRIPTION,8187.5,655.0,6.0
2024-09,4806505141387,FORMET (METFORMIN) 500MG TAB,ANTIDIABETICS,GENERICS,525.0,300.0,10.0
2024-09,4806533602379,RETASAR (LOSARTAN POTASSIUM) 50MG,CARDIOVASCULAR,PRESCRIPTION,2136.5,867.0,5.0
2024-09,4807788402202,GLUMET (METFORMIN HCI) 500MG TAB,ANTIDIABETICS,PRESCRIPTION,10480.0,1000.0,4.0
2024-09,4807788416537,AMVASC BE (AMLODIPINE) 5MG TAB,CARDIOVASCULAR,PRESCRIPTION,25668.0,1120.0,2.0
2024-09,4807788561688,BIOGESIC 500MG TAB,PAIN MANAGEMENT,OTC,4942.75,1167.0,1.0
2024-09,8904130424502,RETANIX (CETIRIZINE) 10MG TAB,RESPIRATORY,GENERICS,1575.0,525.0,8.0
2024-10,0725765883117,OHHIRA&#039;S RED OMX PROBIOTICS CAP,VITAMINS,OTC,30936.3,614.0,2.0
2024-10,1210001136748,NORVASC 5MG TAB,CARDIOVASCULAR,PRESCRIPTION,9145.5,402.0,3.0
2024-10,4806504260614,APPEVIT (BUCLIZINE HCL+B-COMPLEX+IRON) CAP,VITAMINS,OTC,4249.6,288.0,6.0
2024-10,4806533602355,RETAVASC- 5 (AMLODIPINE) 5MG TAB,CARDIOVASCULAR,GENERICS,610.3,361.0,4.0
2024-10,4806533602362,RETAVASC (AMLODIPINE) 10MG TAB,CARDIOVASCULAR,GENERICS,454.3,261.0,7.0
2024-10,4806533602379,RETASAR (LOSARTAN POTASSIUM) 50MG,CARDIOVASCULAR,PRESCRIPTION,1973.0,805.0,1.0
2024-10,4807788561688,BIOGESIC 500MG TAB,PAIN MANAGEMENT,OTC,739.5,174.0,9.0
2024-10,4809012254458,LIVERAIDE (SILYMARIN) CAP,VITAMINS,OTC,2970.0,170.0,10.0
2024-10,80289821,RETADILOL (CARVEDILOL) 6.25MG TAB,CARDIOVASCULAR,GENERICS,1002.32,178.0,8.0
2024-10,8906117651871,CETIRILIFE (CETIRIZINE) 10MG TAB,RESPIRATORY,GENERICS,978.3,329.0,5.0
2024-11,0725765883117,OHHIRA&#039;S RED OMX PROBIOTICS CAP,VITAMINS,OTC,16481.5,358.0,5.0
2024-11,4806504260614,APPEVIT (BUCLIZINE HCL+B-COMPLEX+IRON) CAP,VITAMINS,OTC,3472.0,231.0,9.0
2024-11,4806505141387,FORMET (METFORMIN) 500MG TAB,ANTIDIABETICS,GENERICS,612.0,315.0,6.0
2024-11,4806526296813,GAUZE PAD 3X3 STERILE (PARTNERS,WOUND CARE,MED-SURG,895.31,245.0,8.0
2024-11,4807788561688,BIOGESIC (PARACETAMOL) 500MG TAB,PAIN MANAGEMENT,OTC,1270.75,300.0,7.0
2024-11,4807788561688,BIOGESIC 500MG TAB,PAIN MANAGEMENT,OTC,2022.32,478.0,2.0
2024-11,4809013625080,MX3 COFFEE MIX 10G,FOOD SUPPLEMENTS,F&B,3740.4,209.0,10.0
2024-11,8904130424502,RETANIX (CETIRIZINE) 10MG TAB,RESPIRATORY,GENERICS,1155.0,393.0,4.0
2024-11,8904179017819,RETAZART (LOSARTAN) 50MG TAB,CARDIOVASCULAR,GENERICS,1598.0,654.0,1.0
2024-11,8904360300065,BRELVASTIN (ATORVASTATIN) 20MG,CARDIOVASCULAR,PRESCRIPTION,1443.4,448.0,3.0
2024-12,0725765883117,OHHIRA&#039;S RED OMX PROBIOTICS CAP,VITAMINS,OTC,20470.0,445.0,3.0
2024-12,4806504260614,APPEVIT (BUCLIZINE HCL+B-COMPLEX+IRON) CAP,VITAMINS,OTC,4688.0,315.0,5.0
2024-12,4806517790955,GOUTER (COLCHICINE) 500MG TAB,PAIN MANAGEMENT,PRESCRIPTION,819.0,184.0,9.0
2024-12,4806529600563,SEMITHINE 200MG/200MG/25MG TAB,GIT,PRESCRIPTION,2925.0,195.0,7.0
2024-12,4806533602355,RETAVASC- 5 (AMLODIPINE) 5MG TAB,CARDIOVASCULAR,GENERICS,307.56,200.0,6.0
2024-12,4806533602362,RETAVASC (AMLODIPINE) 10MG TAB,CARDIOVASCULAR,GENERICS,316.83,189.0,8.0
2024-12,4807788561688,BIOGESIC 500MG TAB,PAIN MANAGEMENT,OTC,2278.0,538.0,2.0
2024-12,4809013625080,MX3 COFFEE MIX 10G,FOOD SUPPLEMENTS,F&B,3060.0,170.0,10.0
2024-12,8904130424502,RETANIX (CETIRIZINE) 10MG TAB,RESPIRATORY,GENERICS,973.5,329.0,4.0
2024-12,8904179017819,RETAZART (LOSARTAN) 50MG TAB,CARDIOVASCULAR,GENERICS,2608.0,1076.0,1.0
2025-01,0725765883117,OHHIRA&#039;S RED OMX PROBIOTICS CAP,VITAMINS,OTC,20332.0,442.0,4.0
2025-01,4800067551165,MEDIPLAST BANTAM PLASTIC STRIPS,WOUND CARE,MED-SURG,627.0,228.0,7.0
2025-01,4806504260614,APPEVIT (BUCLIZINE HCL+B-COMPLEX+IRON) CAP,VITAMINS,OTC,7264.0,493.0,3.0
2025-01,4806533602355,RETAVASC- 5 (AMLODIPINE) 5MG TAB,CARDIOVASCULAR,GENERICS,357.52,220.0,10.0
2025-01,4806533602362,RETAVASC (AMLODIPINE) 10MG TAB,CARDIOVASCULAR,GENERICS,384.85,227.0,9.0
2025-01,4807788561688,BIOGESIC 500MG TAB,PAIN MANAGEMENT,OTC,3045.0,670.0,1.0
2025-01,725765883124,PROPOLIS 600MG CAP,FOOD SUPPLEMENTS,OTC,15048.9,228.0,8.0
2025-01,8904179017567,GOZTAN-50 (LOSARTAN POTASSIUM) 50MG TAB,CARDIOVASCULAR,GENERICS,1104.0,595.0,2.0
2025-01,8904179017819,RETAZART (LOSARTAN) 50MG TAB,CARDIOVASCULAR,GENERICS,550.0,230.0,6.0
2025-01,8906117651871,CETIRILIFE (CETIRIZINE) 10MG TAB,RESPIRATORY,GENERICS,1041.0,349.0,5.0
2025-02,0725765883117,OHHIRA&#039;S RED OMX PROBIOTICS CAP,VITAMINS,OTC,11877.2,261.0,8.0
2025-02,4806319103701,PHAREX VITAMIN (VITAMIN B1+B6+B12) TAB,VITAMINS,GENERICS,950.4,193.0,9.0
2025-02,4806504260614,APPEVIT (BUCLIZINE HCL+B-COMPLEX+IRON) CAP,VITAMINS,OTC,4064.0,270.0,6.0
2025-02,4806505141387,FORMET (METFORMIN) 500MG TAB,ANTIDIABETICS,GENERICS,662.0,335.0,5.0
2025-02,4806526296820,GAUZE PAD 4x4 STERILE (PARTNERS,WOUND CARE,MED-SURG,1351.5,267.0,7.0
2025-02,4806533602355,RETAVASC- 5 (AMLODIPINE) 5MG TAB,CARDIOVASCULAR,GENERICS,851.7,513.0,1.0
2025-02,4807788561688,BIOGESIC 500MG TAB,PAIN MANAGEMENT,OTC,1691.0,356.0,4.0
2025-02,8904179017567,GOZTAN-50 (LOSARTAN POTASSIUM) 50MG TAB,CARDIOVASCULAR,GENERICS,862.0,446.0,3.0
2025-02,8906117651642,ATORMED -20 (ATORVASTATIN) 20MG TAB,CARDIOVASCULAR,GENERICS,1395.0,181.0,10.0
2025-02,8906117651871,CETIRILIFE (CETIRIZINE) 10MG TAB,RESPIRATORY,GENERICS,1383.44,464.0,2.0
2025-03,0725765883117,OHHIRA&#039;S RED OMX PROBIOTICS CAP,VITAMINS,OTC,11868.0,258.0,4.0
2025-03,4806319103701,PHAREX VITAMIN (VITAMIN B1+B6+B12) TAB,VITAMINS,GENERICS,1262.8,255.0,5.0
2025-03,4806504260614,APPEVIT (BUCLIZINE HCL+B-COMPLEX+IRON) CAP,VITAMINS,OTC,7168.0,478.0,2.0
2025-03,4806527201342,MULTICAPS,ADULT MILK,F&B,6000.0,3000.0,1.0
2025-03,4806533602362,RETAVASC (AMLODIPINE) 10MG TAB,CARDIOVASCULAR,GENERICS,390.22,232.0,8.0
2025-03,4806534570103,Retavacyl (Co-Amoxiclav) 625mg tab,ANTIBIOTICS,PRESCRIPTION,5695.2,213.0,9.0
2025-03,4807788561688,BIOGESIC 500MG TAB,PAIN MANAGEMENT,OTC,1143.8,242.0,6.0
2025-03,8904179017567,GOZTAN-50 (LOSARTAN POTASSIUM) 50MG TAB,CARDIOVASCULAR,GENERICS,552.0,305.0,3.0
2025-03,8904179017819,RETAZART (LOSARTAN) 50MG TAB,CARDIOVASCULAR,GENERICS,605.0,242.0,7.0
2025-03,8906117652236,Retanyx (Cetirizine) 10mg tab,RESPIRATORY,GENERICS,559.04,195.0,10.0
