month,category,total_sales,total_qty
2022-05,ADULT MILK,436.8,13.0
2022-05,ANTIBIOTICS,15922.0,640.0
2022-05,ANTIDIABETICS,12475.99,999.0
2022-05,ASSISTIVE DEVICE,54789.69,10.0
2022-05,BEVERAGES,4691.0,151.0
2022-05,CARDIOVASCULAR,29320.52,2730.0
2022-05,COLD CHAIN,397.5,3.0
2022-05,COTTONS AND HYGIENE,3920.2,86.0
2022-05,DERMATOLOGICALS,3347.4,33.0
2022-05,DIAGNOSTIC,1609.4,8.0
2022-05,DIAPERS,3112.87,22.0
2022-05,DISINFECTANT,7202.15,53.0
2022-05,DISPOSABLES,4358.67,81.0
2022-05,EENT,622.75,4.0
2022-05,ELECTRONIC MEDICAL DEVICES,6905.5,4.0
2022-05,FOOD,925.5,10.0
2022-05,FOOD SUPPLEMENTS,3892.0,184.0
2022-05,GALENICALS AND SOLUTIONS,3339.65,49.0
2022-05,GIT,7339.41,385.0
2022-05,GUT AND HORMONES,26499.03,937.0
2022-05,HAIR CARE,322.0,10.0
2022-05,HOME REMEDY,2264.35,34.0
2022-05,HOUSEHOLD CHEMICALS,1390.0,3.0
2022-05,NEEDLES AND TUBINGS,550.46,28.0
2022-05,NEUROLOGICAL DRUGS,2163.62,50.0
2022-05,ORAL CARE,1404.7,14.0
2022-05,ORTHO SUPPORT,130.0,2.0
2022-05,PAIN MANAGEMENT,21788.16,1607.0
2022-05,PERSONAL PROTECTIVE EQUIPMENT,243.21999999999997,8.0
2022-05,"PLASTIC, GLASSWARE, AND STAINLESS",704.99,9.0
2022-05,PROMO PACKS,689.13,12.0
2022-05,RESPIRATORY,17010.74,969.0
2022-05,SKIN AND BODY,6893.84,104.0
2022-05,SPECIAL CATEGORY 1,1287.55,68.0
2022-05,VITAMINS,36209.89,2155.0
2022-05,WOUND CARE,1385.24,174.0
2022-06,ADULT MILK,803.29,17.0
2022-06,ANTIBIOTICS,23627.98,785.0
2022-06,ANTIDIABETICS,9961.63,767.0
2022-06,ASSISTIVE DEVICE,19786.079999999998,13.0
2022-06,BEVERAGES,5517.3,177.0
2022-06,CARDIOVASCULAR,28031.77,3315.0
2022-06,COTTONS AND HYGIENE,7359.65,143.0
2022-06,DERMATOLOGICALS,6790.69,60.0
2022-06,DIAGNOSTIC,1505.0,38.0
2022-06,DIAPERS,5600.14,42.0
2022-06,DISINFECTANT,8596.39,61.0
2022-06,DISPOSABLES,5860.91,118.0
2022-06,EENT,1779.08,8.0
2022-06,ELECTRONIC MEDICAL DEVICES,5130.26,8.0
2022-06,FOOD,435.0,11.0
2022-06,FOOD SUPPLEMENTS,6422.82,298.0
2022-06,GALENICALS AND SOLUTIONS,3078.0,56.0
2022-06,GIT,10986.39,536.0
2022-06,GUT AND HORMONES,24846.64,895.0
2022-06,HAIR CARE,672.0,10.0
2022-06,HOME REMEDY,2093.65,29.0
2022-06,HOUSEHOLD CHEMICALS,3920.0,8.0
2022-06,NEEDLES AND TUBINGS,1110.76,49.0
2022-06,NEUROLOGICAL DRUGS,416.63,32.0
2022-06,ORAL CARE,2784.76,39.0
2022-06,ORTHO SUPPORT,554.0,7.0
2022-06,PAIN MANAGEMENT,24873.21,1921.0
2022-06,PEDIATRIC MILK,356.75,5.0
2022-06,PERSONAL PROTECTIVE EQUIPMENT,1502.32,22.0
2022-06,"PLASTIC, GLASSWARE, AND STAINLESS",572.75,16.0
2022-06,PROMO PACKS,1526.1399999999999,25.0
2022-06,RESPIRATORY,29712.15,1295.0
2022-06,SKIN AND BODY,8828.4,134.0
2022-06,SPECIAL CATEGORY 1,840.42,116.0
2022-06,VITAMINS,42344.64,2434.0
2022-06,WOUND CARE,1253.25,163.0
2022-07,ADULT MILK,10591.970000000001,45.0
2022-07,ANTIBIOTICS,33342.08,1307.0
2022-07,ANTIDIABETICS,8290.44,750.0
2022-07,ASSISTIVE DEVICE,52110.87,23.0
2022-07,BEVERAGES,3776.0,163.0
2022-07,CARDIOVASCULAR,36544.32,4204.0
2022-07,COTTONS AND HYGIENE,7059.9,143.0
2022-07,DERMATOLOGICALS,5123.19,54.0
2022-07,DIAGNOSTIC,580.0,33.0
2022-07,DIAPERS,6895.66,39.0
2022-07,DISINFECTANT,8355.0,56.0
2022-07,DISPOSABLES,4190.18,111.0
2022-07,EENT,1218.34,10.0
2022-07,ELECTRONIC MEDICAL DEVICES,12480.0,9.0
2022-07,FOOD,1495.75,18.0
2022-07,FOOD SUPPLEMENTS,3451.23,168.0
2022-07,GALENICALS AND SOLUTIONS,3908.45,70.0
2022-07,GIT,9583.59,462.0
2022-07,GUT AND HORMONES,20165.47,653.0
2022-07,HAIR CARE,303.75,6.0
2022-07,HOME REMEDY,3241.15,50.0
2022-07,HOUSEHOLD CHEMICALS,410.0,1.0
2022-07,NEEDLES AND TUBINGS,520.29,21.0
2022-07,NEUROLOGICAL DRUGS,834.01,28.0
2022-07,ORAL CARE,4078.29,36.0
2022-07,ORTHO SUPPORT,429.29,9.0
2022-07,PAIN MANAGEMENT,33765.78,2141.0
2022-07,PEDIATRIC MILK,550.5,3.0
2022-07,PERSONAL PROTECTIVE EQUIPMENT,1181.72,16.0
2022-07,"PLASTIC, GLASSWARE, AND STAINLESS",336.4,5.0
2022-07,PROMO PACKS,4552.54,133.0
2022-07,RESPIRATORY,31065.13,1524.0
2022-07,SKIN AND BODY,6694.14,121.0
2022-07,SPECIAL CATEGORY 1,2905.3,121.0
2022-07,VITAMINS,50591.37,3010.0
2022-07,WOUND CARE,2156.5,194.0
2022-08,ADULT MILK,7642.96,46.0
2022-08,ANTIBIOTICS,39298.71,1514.0
2022-08,ANTIDIABETICS,10931.83,936.0
2022-08,ASSISTIVE DEVICE,43677.53,15.0
2022-08,BEVERAGES,8162.0,183.0
2022-08,CARDIOVASCULAR,44409.93,3952.0
2022-08,COTTONS AND HYGIENE,6975.65,145.0
2022-08,DERMATOLOGICALS,5921.75,59.0
2022-08,DIAGNOSTIC,880.0,11.0
2022-08,DIAPERS,9055.24,58.0
2022-08,DISINFECTANT,8668.0,60.0
2022-08,DISPOSABLES,6002.45,134.0
2022-08,EENT,1864.08,11.0
2022-08,ELECTRONIC MEDICAL DEVICES,4124.52,9.0
2022-08,FOOD,479.0,5.0
2022-08,FOOD SUPPLEMENTS,5389.59,254.0
2022-08,GALENICALS AND SOLUTIONS,4001.72,85.0
2022-08,GIT,11161.06,656.0
2022-08,GUT AND HORMONES,24210.49,756.0
2022-08,HAIR CARE,694.3499999999999,18.0
2022-08,HOME REMEDY,3996.1,56.0
2022-08,HOUSEHOLD CHEMICALS,547.65,2.0
2022-08,MEMBERS EXCLUSIVE,10.5,1.0
2022-08,NEEDLES AND TUBINGS,602.13,32.0
2022-08,NEUROLOGICAL DRUGS,1284.24,44.0
2022-08,ORAL CARE,2395.26,23.0
2022-08,ORTHO SUPPORT,4795.0,3.0
2022-08,PAIN MANAGEMENT,33478.43,2427.0
2022-08,PEDIATRIC MILK,259.5,2.0
2022-08,PERSONAL PROTECTIVE EQUIPMENT,1357.12,4.0
2022-08,"PLASTIC, GLASSWARE, AND STAINLESS",623.5,18.0
2022-08,PROMO PACKS,2033.63,28.0
2022-08,RESPIRATORY,26286.77,1901.0
2022-08,SKIN AND BODY,7457.65,151.0
2022-08,SPECIAL CATEGORY 1,854.9,66.0
2022-08,VITAMINS,44678.06,2848.0
2022-08,WOUND CARE,2804.46,437.0
2022-09,ADULT MILK,9658.32,65.0
2022-09,ANTIBIOTICS,42298.1,1653.0
2022-09,ANTIDIABETICS,10278.03,1086.0
2022-09,ASSISTIVE DEVICE,37801.47,19.0
2022-09,BEVERAGES,3913.0,160.0
2022-09,CARDIOVASCULAR,45005.73,4680.0
2022-09,COLD CHAIN,605.0,3.0
2022-09,COTTONS AND HYGIENE,7314.55,129.0
2022-09,DERMATOLOGICALS,5028.28,46.0
2022-09,DIAGNOSTIC,575.4,43.0
2022-09,DIAPERS,12400.6,69.0
2022-09,DISINFECTANT,8342.1,57.0
2022-09,DISPOSABLES,8288.43,192.0
2022-09,EENT,4149.98,24.0
2022-09,ELECTRONIC MEDICAL DEVICES,17058.07,20.0
2022-09,FOOD,435.0,1.0
2022-09,FOOD SUPPLEMENTS,6395.1,294.0
2022-09,GALENICALS AND SOLUTIONS,3723.4,67.0
2022-09,GIT,17481.44,853.0
2022-09,GUT AND HORMONES,18462.4,524.0
2022-09,HAIR CARE,712.0,9.0
2022-09,HOME REMEDY,3617.85,58.0
2022-09,HOUSEHOLD CHEMICALS,1230.0,3.0
2022-09,MEMBERS EXCLUSIVE,147.0,14.0
2022-09,NEEDLES AND TUBINGS,1492.31,52.0
2022-09,NEUROLOGICAL DRUGS,3996.69,116.0
2022-09,ORAL CARE,5960.51,51.0
2022-09,ORTHO SUPPORT,3400.2,8.0
2022-09,PAIN MANAGEMENT,44241.22,2767.0
2022-09,PARENTERALS,340.0,4.0
2022-09,PERSONAL PROTECTIVE EQUIPMENT,1649.12,7.0
2022-09,"PLASTIC, GLASSWARE, AND STAINLESS",716.9,13.0
2022-09,PROMO PACKS,1321.75,47.0
2022-09,RESPIRATORY,41959.05,2345.0
2022-09,SKIN AND BODY,8386.55,150.0
2022-09,SPECIAL CATEGORY 1,547.5,48.0
2022-09,VITAMINS,52045.19,3449.0
2022-09,WOUND CARE,1554.6,259.0
2022-10,ADULT MILK,1660.01,22.0
2022-10,ANTIBIOTICS,38021.25,1580.0
2022-10,ANTIDIABETICS,9310.16,719.0
2022-10,ASSISTIVE DEVICE,20361.14,7.0
2022-10,BEVERAGES,5362.0,175.0
2022-10,CARDIOVASCULAR,57776.42,4347.0
2022-10,COTTONS AND HYGIENE,6992.3,156.0
2022-10,DERMATOLOGICALS,5430.34,54.0
2022-10,DIAGNOSTIC,1710.0,20.0
2022-10,DIAPERS,9155.39,75.0
2022-10,DISINFECTANT,9279.3,62.0
2022-10,DISPOSABLES,6664.2,151.0
2022-10,EENT,3173.56,17.0
2022-10,ELECTRONIC MEDICAL DEVICES,15006.5,16.0
2022-10,FOOD,1278.5,4.0
2022-10,FOOD SUPPLEMENTS,7410.75,344.0
2022-10,GALENICALS AND SOLUTIONS,5171.1,99.0
2022-10,GIT,15431.81,688.0
2022-10,GUT AND HORMONES,19320.63,394.0
2022-10,HAIR CARE,1280.3,18.0
2022-10,HOME REMEDY,5227.55,82.0
2022-10,HOUSEHOLD CHEMICALS,137.65,1.0
2022-10,MANUAL MEDICAL DEVICES,7028.5599999999995,4.0
2022-10,NEEDLES AND TUBINGS,757.55,35.0
2022-10,NEUROLOGICAL DRUGS,1886.5,70.0
2022-10,ORAL CARE,5316.25,49.0
2022-10,ORTHO SUPPORT,8510.0,19.0
2022-10,PAIN MANAGEMENT,40245.4,2639.0
2022-10,PEDIATRIC MILK,34.25,1.0
2022-10,PERSONAL PROTECTIVE EQUIPMENT,1087.28,36.0
2022-10,"PLASTIC, GLASSWARE, AND STAINLESS",552.5,20.0
2022-10,PROMO PACKS,1543.0,25.0
2022-10,RESPIRATORY,41831.91,2359.0
2022-10,SKIN AND BODY,11551.61,190.0
2022-10,SPECIAL CATEGORY 1,335.44,82.0
2022-10,VITAMINS,51189.27,3543.0
2022-10,WOUND CARE,1946.6599999999999,225.0
2022-11,ADULT MILK,3289.43,47.0
2022-11,ANTIBIOTICS,39218.35,1989.0
2022-11,ANTIDIABETICS,9800.31,681.0
2022-11,ASSISTIVE DEVICE,40550.57,18.0
2022-11,BEVERAGES,5709.5,177.0
2022-11,CARDIOVASCULAR,37599.77,4064.0
2022-11,COTTONS AND HYGIENE,9402.0,201.0
2022-11,DERMATOLOGICALS,4613.91,46.0
2022-11,DIAGNOSTIC,1636.0,20.0
2022-11,DIAPERS,10744.5,61.0
2022-11,DISINFECTANT,10619.5,84.0
2022-11,DISPOSABLES,5680.0,141.0
2022-11,EENT,1528.44,13.0
2022-11,ELECTRONIC MEDICAL DEVICES,11493.25,26.0
2022-11,FOOD SUPPLEMENTS,5781.45,295.0
2022-11,GALENICALS AND SOLUTIONS,5293.2,84.0
2022-11,GIT,14447.34,610.0
2022-11,GUT AND HORMONES,18803.59,585.0
2022-11,HAIR CARE,1325.7,20.0
2022-11,HOME REMEDY,4489.45,57.0
2022-11,NEEDLES AND TUBINGS,447.9,21.0
2022-11,NEUROLOGICAL DRUGS,1629.43,50.0
2022-11,ORAL CARE,8179.5,88.0
2022-11,ORTHO SUPPORT,8766.5,19.0
2022-11,PAIN MANAGEMENT,41751.87,2660.0
2022-11,PEDIATRIC MILK,171.25,5.0
2022-11,PERSONAL PROTECTIVE EQUIPMENT,2082.12,33.0
2022-11,"PLASTIC, GLASSWARE, AND STAINLESS",651.2,10.0
2022-11,PROMO PACKS,1847.19,99.0
2022-11,RESPIRATORY,37013.71,1928.0
2022-11,SKIN AND BODY,9948.9,171.0
2022-11,SPECIAL CATEGORY 1,114.0,45.0
2022-11,VITAMINS,45133.99,3118.0
2022-11,WOUND CARE,1893.7,47.0
2022-12,ADULT MILK,4856.3099999999995,14.0
2022-12,ANTIBIOTICS,41790.3,1091.0
2022-12,ANTIDIABETICS,14266.14,1044.0
2022-12,ASSISTIVE DEVICE,26377.5,10.0
2022-12,BEVERAGES,4840.4,171.0
2022-12,CARDIOVASCULAR,44159.57,4624.0
2022-12,COLD CHAIN,376.0,2.0
2022-12,COTTONS AND HYGIENE,8970.7,195.0
2022-12,DERMATOLOGICALS,7383.07,72.0
2022-12,DIAGNOSTIC,1030.0,22.0
2022-12,DIAPERS,9281.8,61.0
2022-12,DISINFECTANT,6851.95,57.0
2022-12,DISPOSABLES,5357.17,129.0
2022-12,EENT,3594.5,18.0
2022-12,ELECTRONIC MEDICAL DEVICES,17535.11,24.0
2022-12,FOOD,435.0,1.0
2022-12,FOOD SUPPLEMENTS,5158.25,208.0
2022-12,GALENICALS AND SOLUTIONS,4229.89,84.0
2022-12,GIT,14004.7,721.0
2022-12,GUT AND HORMONES,29255.18,975.0
2022-12,HAIR CARE,611.8,12.0
2022-12,HOME REMEDY,4657.9,60.0
2022-12,MANUAL MEDICAL DEVICES,2700.0,1.0
2022-12,NEEDLES AND TUBINGS,486.89,23.0
2022-12,NEUROLOGICAL DRUGS,2859.42,72.0
2022-12,ORAL CARE,5147.75,45.0
2022-12,ORTHO SUPPORT,2212.0,11.0
2022-12,PAIN MANAGEMENT,38019.24,2289.0
2022-12,PERSONAL PROTECTIVE EQUIPMENT,2494.96,12.0
2022-12,"PLASTIC, GLASSWARE, AND STAINLESS",623.6,15.0
2022-12,PROMO PACKS,2234.92,140.0
2022-12,RESPIRATORY,53462.58,2314.0
2022-12,SKIN AND BODY,10220.99,168.0
2022-12,SPECIAL CATEGORY 1,543.2,20.0
2022-12,VITAMINS,37146.04,2702.0
2022-12,WOUND CARE,1803.52,327.0
2023-01,ADULT MILK,6564.259999999999,24.0
2023-01,ANTIBIOTICS,48930.69,1758.0
2023-01,ANTIDIABETICS,18086.77,1049.0
2023-01,ASSISTIVE DEVICE,58030.770000000004,17.0
2023-01,BEVERAGES,3826.0,147.0
2023-01,CARDIOVASCULAR,36970.09,4488.0
2023-01,COTTONS AND HYGIENE,9814.7,199.0
2023-01,DERMATOLOGICALS,8848.95,59.0
2023-01,DIAGNOSTIC,2025.0,46.0
2023-01,DIAPERS,11763.25,63.0
2023-01,DISINFECTANT,5451.6,47.0
2023-01,DISPOSABLES,6069.09,136.0
2023-01,EENT,2365.11,16.0
2023-01,ELECTRONIC MEDICAL DEVICES,12626.47,12.0
2023-01,FOOD,593.25,4.0
2023-01,FOOD SUPPLEMENTS,8833.88,497.0
2023-01,GALENICALS AND SOLUTIONS,4284.85,121.0
2023-01,GIT,23227.41,1048.0
2023-01,GUT AND HORMONES,25407.72,630.0
2023-01,HAIR CARE,1184.7,24.0
2023-01,HOME REMEDY,4028.0,58.0
2023-01,HOUSEHOLD CHEMICALS,5700.0,10.0
2023-01,NEEDLES AND TUBINGS,1307.45,32.0
2023-01,NEUROLOGICAL DRUGS,1902.27,68.0
2023-01,ORAL CARE,7472.0,82.0
2023-01,ORTHO SUPPORT,3843.5,20.0
2023-01,PAIN MANAGEMENT,40040.58,2193.0
2023-01,PEDIATRIC MILK,450.5,2.0
2023-01,PERSONAL PROTECTIVE EQUIPMENT,978.56,15.0
2023-01,"PLASTIC, GLASSWARE, AND STAINLESS",1014.75,16.0
2023-01,PROMO PACKS,3366.12,154.0
2023-01,RESPIRATORY,65415.340000000004,2410.0
2023-01,SKIN AND BODY,9105.06,150.0
2023-01,SPECIAL CATEGORY 1,1281.8400000000001,61.0
2023-01,VITAMINS,42400.46,2591.0
2023-01,WOUND CARE,1627.95,170.0
2023-02,ADULT MILK,1877.93,27.0
2023-02,ANTIBIOTICS,50641.38,1852.0
2023-02,ANTIDIABETICS,12447.61,1014.0
2023-02,ASSISTIVE DEVICE,129072.88,21.0
2023-02,BEVERAGES,5275.28,138.0
2023-02,CARDIOVASCULAR,32000.28,4015.0
2023-02,COLD CHAIN,220.0,1.0
2023-02,COTTONS AND HYGIENE,7254.58,183.0
2023-02,DERMATOLOGICALS,4770.26,49.0
2023-02,DIAGNOSTIC,2055.4,24.0
2023-02,DIAPERS,12076.63,66.0
2023-02,DISINFECTANT,4503.4,34.0
2023-02,DISPOSABLES,5622.51,114.0
2023-02,EENT,1522.5,9.0
2023-02,ELECTRONIC MEDICAL DEVICES,8851.41,11.0
2023-02,FOOD,105.5,2.0
2023-02,FOOD SUPPLEMENTS,5976.7,339.0
2023-02,GALENICALS AND SOLUTIONS,5830.9,90.0
2023-02,GIT,16206.69,814.0
2023-02,GUT AND HORMONES,22614.57,639.0
2023-02,HAIR CARE,654.9,11.0
2023-02,HOME REMEDY,2864.6,39.0
2023-02,HOUSEHOLD CHEMICALS,707.65,2.0
2023-02,MANUAL MEDICAL DEVICES,7344.0,3.0
2023-02,NEEDLES AND TUBINGS,896.44,35.0
2023-02,NEUROLOGICAL DRUGS,2491.6,141.0
2023-02,ORAL CARE,7537.75,93.0
2023-02,ORTHO SUPPORT,645.0,11.0
2023-02,PAIN MANAGEMENT,37587.85,2504.0
2023-02,PERSONAL PROTECTIVE EQUIPMENT,2104.62,16.0
2023-02,"PLASTIC, GLASSWARE, AND STAINLESS",325.9,6.0
2023-02,PROMO PACKS,9277.27,164.0
2023-02,RESPIRATORY,57530.02,2071.0
2023-02,SKIN AND BODY,9639.25,144.0
2023-02,SPECIAL CATEGORY 1,619.6,23.0
2023-02,VITAMINS,35658.89,2401.0
2023-02,WOUND CARE,11913.34,98.0
2023-03,ADULT MILK,14987.029999999999,156.0
2023-03,ANTIBIOTICS,51954.37,1441.0
2023-03,ANTIDIABETICS,16894.35,814.0
2023-03,ASSISTIVE DEVICE,59103.11,50.0
2023-03,BEVERAGES,5838.5,204.0
2023-03,CARDIOVASCULAR,52816.29,4992.0
2023-03,COLD CHAIN,220.0,1.0
2023-03,COTTONS AND HYGIENE,10767.0,228.0
2023-03,DERMATOLOGICALS,5753.0,50.0
2023-03,DIAGNOSTIC,3125.0,57.0
2023-03,DIAPERS,12740.09,72.0
2023-03,DISINFECTANT,5789.35,49.0
2023-03,DISPOSABLES,5489.38,134.0
2023-03,EENT,2289.25,21.0
2023-03,ELECTRONIC MEDICAL DEVICES,28269.39,20.0
2023-03,FOOD SUPPLEMENTS,3699.38,197.0
2023-03,GALENICALS AND SOLUTIONS,4342.0199999999995,90.0
2023-03,GIT,16690.31,647.0
2023-03,GUT AND HORMONES,24287.12,905.0
2023-03,HAIR CARE,1908.9,29.0
2023-03,HOME REMEDY,3248.2,48.0
2023-03,NEEDLES AND TUBINGS,984.8,59.0
2023-03,NEUROLOGICAL DRUGS,2206.56,134.0
2023-03,ORAL CARE,4759.75,40.0
2023-03,ORTHO SUPPORT,737.5,14.0
2023-03,PAIN MANAGEMENT,40967.33,2546.0
2023-03,PERSONAL PROTECTIVE EQUIPMENT,823.56,8.0
2023-03,"PLASTIC, GLASSWARE, AND STAINLESS",899.35,12.0
2023-03,PROMO PACKS,1819.6100000000001,35.0
2023-03,RESPIRATORY,62149.04,1853.0
2023-03,SKIN AND BODY,11964.22,171.0
2023-03,SPECIAL CATEGORY 1,500.40000000000003,29.0
2023-03,VITAMINS,41245.8,3059.0
2023-03,WOUND CARE,3032.86,244.0
2023-04,ADULT MILK,3713.56,229.0
2023-04,ANTIBIOTICS,44398.36,909.0
2023-04,ANTIDIABETICS,15307.49,889.0
2023-04,ASSISTIVE DEVICE,32659.93,14.0
2023-04,BEVERAGES,5085.0,261.0
2023-04,CARDIOVASCULAR,35772.26,4032.0
2023-04,COTTONS AND HYGIENE,5511.0,131.0
2023-04,DERMATOLOGICALS,5140.54,70.0
2023-04,DIAGNOSTIC,600.0,23.0
2023-04,DIAPERS,14038.87,77.0
2023-04,DISINFECTANT,7712.0,56.0
2023-04,DISPOSABLES,4882.57,105.0
2023-04,EENT,2499.88,13.0
2023-04,ELECTRONIC MEDICAL DEVICES,11704.43,11.0
2023-04,FOOD,255.0,4.0
2023-04,FOOD SUPPLEMENTS,1727.15,50.0
2023-04,GALENICALS AND SOLUTIONS,2302.17,45.0
2023-04,GIT,14677.42,601.0
2023-04,GUT AND HORMONES,29481.22,1113.0
2023-04,HAIR CARE,519.0,8.0
2023-04,HOME REMEDY,4365.1,61.0
2023-04,MANUAL MEDICAL DEVICES,2400.0,2.0
2023-04,NEEDLES AND TUBINGS,770.35,48.0
2023-04,NEUROLOGICAL DRUGS,2632.43,74.0
2023-04,ORAL CARE,3001.0,35.0
2023-04,ORTHO SUPPORT,626.0,8.0
2023-04,PAIN MANAGEMENT,32241.36,1785.0
2023-04,PERSONAL PROTECTIVE EQUIPMENT,789.28,2.0
2023-04,"PLASTIC, GLASSWARE, AND STAINLESS",619.55,11.0
2023-04,PROMO PACKS,1032.82,79.0
2023-04,RESPIRATORY,59033.62,1701.0
2023-04,SKIN AND BODY,9473.22,156.0
2023-04,SPECIAL CATEGORY 1,328.5,9.0
2023-04,VITAMINS,36716.18,2481.0
2023-04,WOUND CARE,2989.39,115.0
2023-05,ADULT MILK,9423.029999999999,251.0
2023-05,ANTIBIOTICS,50931.88,1478.0
2023-05,ANTIDIABETICS,17979.17,1067.0
2023-05,ASSISTIVE DEVICE,78680.59,22.0
2023-05,BEVERAGES,10233.8,316.0
2023-05,CARDIOVASCULAR,38586.08,4862.0
2023-05,COTTONS AND HYGIENE,9002.0,214.0
2023-05,DERMATOLOGICALS,4777.53,41.0
2023-05,DIAGNOSTIC,530.0,37.0
2023-05,DIAPERS,12420.68,82.0
2023-05,DISINFECTANT,5779.1,65.0
2023-05,DISPOSABLES,3534.44,92.0
2023-05,EENT,2399.83,12.0
2023-05,ELECTRONIC MEDICAL DEVICES,9398.92,14.0
2023-05,FOOD,183.6,3.0
2023-05,FOOD SUPPLEMENTS,3392.4,159.0
2023-05,GALENICALS AND SOLUTIONS,3902.55,70.0
2023-05,GIT,22816.3,969.0
2023-05,GUT AND HORMONES,30114.35,859.0
2023-05,HAIR CARE,656.5,12.0
2023-05,HOME REMEDY,4079.2,50.0
2023-05,MANUAL MEDICAL DEVICES,2160.0,2.0
2023-05,NEEDLES AND TUBINGS,1036.29,52.0
2023-05,NEUROLOGICAL DRUGS,2935.95,145.0
2023-05,ORAL CARE,3921.17,51.0
2023-05,ORTHO SUPPORT,794.0,13.0
2023-05,PAIN MANAGEMENT,50076.86,3034.0
2023-05,PEDIATRIC MILK,353.0,2.0
2023-05,PERSONAL PROTECTIVE EQUIPMENT,3350.62,19.0
2023-05,"PLASTIC, GLASSWARE, AND STAINLESS",1180.8,14.0
2023-05,PROMO PACKS,1969.27,63.0
2023-05,RESPIRATORY,55282.9,2072.0
2023-05,SKIN AND BODY,9054.86,145.0
2023-05,SPECIAL CATEGORY 1,1142.02,50.0
2023-05,VITAMINS,49479.21,2658.0
2023-05,WOUND CARE,1271.84,220.0
2023-06,ADULT MILK,21117.79,189.0
2023-06,ANTIBIOTICS,37199.19,1283.0
2023-06,ANTIDIABETICS,23491.18,1252.0
2023-06,ASSISTIVE DEVICE,39645.01,11.0
2023-06,BEVERAGES,6545.0,232.0
2023-06,CARDIOVASCULAR,44097.4,4190.0
2023-06,COTTONS AND HYGIENE,6807.8,164.0
2023-06,DERMATOLOGICALS,5218.43,43.0
2023-06,DIAGNOSTIC,476.0,15.0
2023-06,DIAPERS,16659.82,79.0
2023-06,DISINFECTANT,6064.25,55.0
2023-06,DISPOSABLES,4470.8,113.0
2023-06,EENT,5572.81,21.0
2023-06,ELECTRONIC MEDICAL DEVICES,8566.14,11.0
2023-06,FOOD,189.0,7.0
2023-06,FOOD SUPPLEMENTS,3801.25,240.0
2023-06,GALENICALS AND SOLUTIONS,3706.04,72.0
2023-06,GIT,18390.05,643.0
2023-06,GUT AND HORMONES,47754.1,1545.0
2023-06,HAIR CARE,750.9,12.0
2023-06,HOME REMEDY,2410.65,30.0
2023-06,HOUSEHOLD CHEMICALS,820.0,2.0
2023-06,NEEDLES AND TUBINGS,2445.86,90.0
2023-06,NEUROLOGICAL DRUGS,2239.28,113.0
2023-06,ORAL CARE,3204.0,45.0
2023-06,ORTHO SUPPORT,3946.0,25.0
2023-06,PAIN MANAGEMENT,45863.49,3308.0
2023-06,PEDIATRIC MILK,252.0,1.0
2023-06,PERSONAL PROTECTIVE EQUIPMENT,3268.5199999999995,18.0
2023-06,"PLASTIC, GLASSWARE, AND STAINLESS",601.9000000000001,8.0
2023-06,PROMO PACKS,2255.06,122.0
2023-06,RESPIRATORY,57093.55,1596.0
2023-06,SKIN AND BODY,9007.2,156.0
2023-06,SPECIAL CATEGORY 1,229.15,38.0
2023-06,VITAMINS,52720.17,3409.0
2023-06,WOUND CARE,965.15,102.0
2023-07,ADULT MILK,12248.46,212.0
2023-07,ANTIBIOTICS,47610.84,1943.0
2023-07,ANTIDIABETICS,17915.670000000002,712.0
2023-07,ASSISTIVE DEVICE,45506.96,19.0
2023-07,BEVERAGES,7656.5,257.0
2023-07,CARDIOVASCULAR,49813.42,4444.0
2023-07,COTTONS AND HYGIENE,8759.5,190.0
2023-07,DERMATOLOGICALS,6448.41,48.0
2023-07,DIAGNOSTIC,388.0,14.0
2023-07,DIAPERS,20292.9,105.0
2023-07,DISINFECTANT,5663.3,66.0
2023-07,DISPOSABLES,5863.0199999999995,135.0
2023-07,EENT,1951.75,13.0
2023-07,ELECTRONIC MEDICAL DEVICES,13319.16,27.0
2023-07,FOOD,108.0,4.0
2023-07,FOOD SUPPLEMENTS,4475.03,238.0
2023-07,GALENICALS AND SOLUTIONS,3858.03,70.0
2023-07,GIT,19093.84,784.0
2023-07,GUT AND HORMONES,35859.8,1046.0
2023-07,HAIR CARE,257.5,5.0
2023-07,HOME REMEDY,3842.95,60.0
2023-07,HOUSEHOLD CHEMICALS,820.0,2.0
2023-07,MANUAL MEDICAL DEVICES,2280.0,2.0
2023-07,MEMBERS EXCLUSIVE,241.5,23.0
2023-07,NEEDLES AND TUBINGS,987.98,61.0
2023-07,NEUROLOGICAL DRUGS,906.8,36.0
2023-07,ORAL CARE,5041.0,67.0
2023-07,ORTHO SUPPORT,5164.5,55.0
2023-07,PAIN MANAGEMENT,34169.44,2641.0
2023-07,PEDIATRIC MILK,394.5,2.0
2023-07,PERSONAL PROTECTIVE EQUIPMENT,1812.62,22.0
2023-07,"PLASTIC, GLASSWARE, AND STAINLESS",1215.4,12.0
2023-07,PROMO PACKS,2131.0,92.0
2023-07,RESPIRATORY,51098.37,1826.0
2023-07,SKIN AND BODY,8642.99,156.0
2023-07,SPECIAL CATEGORY 1,299.2,9.0
2023-07,VITAMINS,43609.06,2754.0
2023-07,WOUND CARE,4015.96,418.0
2023-08,ADULT MILK,5268.08,234.0
2023-08,ANTIBIOTICS,47793.54,1600.0
2023-08,ANTIDIABETICS,17335.46,887.0
2023-08,ASSISTIVE DEVICE,61013.68,15.0
2023-08,BEVERAGES,7166.0,233.0
2023-08,CARDIOVASCULAR,70963.99,6303.0
2023-08,COTTONS AND HYGIENE,9311.5,174.0
2023-08,DERMATOLOGICALS,6178.2,50.0
2023-08,DIAGNOSTIC,455.0,12.0
2023-08,DIAPERS,16926.69,101.0
2023-08,DISINFECTANT,12472.43,154.0
2023-08,DISPOSABLES,8035.34,153.0
2023-08,EENT,4149.5,22.0
2023-08,ELECTRONIC MEDICAL DEVICES,10357.32,13.0
2023-08,FOOD,267.0,4.0
2023-08,FOOD SUPPLEMENTS,4828.4400000000005,326.0
2023-08,GALENICALS AND SOLUTIONS,5563.15,97.0
2023-08,GIT,17903.13,794.0
2023-08,GUT AND HORMONES,41003.98,1140.0
2023-08,HAIR CARE,299.5,18.0
2023-08,HOME REMEDY,3224.3,51.0
2023-08,HOUSEHOLD CHEMICALS,570.0,1.0
2023-08,MANUAL MEDICAL DEVICES,2160.0,1.0
2023-08,NEEDLES AND TUBINGS,1464.91,85.0
2023-08,NEUROLOGICAL DRUGS,5922.55,174.0
2023-08,ORAL CARE,3932.05,48.0
2023-08,ORTHO SUPPORT,6212.0,15.0
2023-08,PAIN MANAGEMENT,45331.15,2463.0
2023-08,PEDIATRIC MILK,772.5,4.0
2023-08,PERSONAL PROTECTIVE EQUIPMENT,2584.96,16.0
2023-08,"PLASTIC, GLASSWARE, AND STAINLESS",516.9,7.0
2023-08,PROMO PACKS,1846.56,50.0
2023-08,RESPIRATORY,49004.33,1887.0
2023-08,SKIN AND BODY,11101.65,195.0
2023-08,SPECIAL CATEGORY 1,161.5,44.0
2023-08,VITAMINS,65815.11,4677.0
2023-08,WOUND CARE,2528.07,334.0
2023-09,ADULT MILK,5598.21,276.0
2023-09,ANTIBIOTICS,86041.71,1897.0
2023-09,ANTIDIABETICS,16255.03,805.0
2023-09,ASSISTIVE DEVICE,35276.94,24.0
2023-09,BEVERAGES,9739.0,195.0
2023-09,CARDIOVASCULAR,62195.65,5434.0
2023-09,COLD CHAIN,48880.0,27.0
2023-09,COTTONS AND HYGIENE,8777.8,193.0
2023-09,DERMATOLOGICALS,9728.58,90.0
2023-09,DIAGNOSTIC,445.0,13.0
2023-09,DIAPERS,15335.24,97.0
2023-09,DISINFECTANT,4894.85,61.0
2023-09,DISPOSABLES,5237.11,158.0
2023-09,EENT,8126.84,38.0
2023-09,ELECTRONIC MEDICAL DEVICES,9920.9,17.0
2023-09,FOOD,294.0,5.0
2023-09,FOOD SUPPLEMENTS,6276.79,286.0
2023-09,GALENICALS AND SOLUTIONS,6485.75,112.0
2023-09,GIT,22226.7,1037.0
2023-09,GUT AND HORMONES,28709.69,813.0
2023-09,HAIR CARE,2331.6,67.0
2023-09,HOME REMEDY,3889.7,59.0
2023-09,HOUSEHOLD CHEMICALS,570.0,1.0
2023-09,MANUAL MEDICAL DEVICES,11099.970000000001,3.0
2023-09,NEEDLES AND TUBINGS,521.33,24.0
2023-09,NEUROLOGICAL DRUGS,3115.95,143.0
2023-09,ONCOLOGY AND SPECIALTY DRUGS,218.0,20.0
2023-09,ORAL CARE,5331.5,66.0
2023-09,ORTHO SUPPORT,7125.5,29.0
2023-09,PAIN MANAGEMENT,46823.96,2867.0
2023-09,PEDIATRIC MILK,2361.0,4.0
2023-09,PERSONAL PROTECTIVE EQUIPMENT,4329.11,23.0
2023-09,"PLASTIC, GLASSWARE, AND STAINLESS",1558.8899999999999,22.0
2023-09,PROMO PACKS,1169.49,32.0
2023-09,RESPIRATORY,85254.65,3278.0
2023-09,SKIN AND BODY,8061.72,130.0
2023-09,SPECIAL CATEGORY 1,362.0,72.0
2023-09,VITAMINS,52713.73,3743.0
2023-09,WOUND CARE,3897.48,332.0
2023-10,ADULT MILK,5602.01,315.0
2023-10,ANTIBIOTICS,91191.75,1235.0
2023-10,ANTIDIABETICS,17357.05,1120.0
2023-10,ASSISTIVE DEVICE,53815.48,28.0
2023-10,BEVERAGES,7144.5,247.0
2023-10,CARDIOVASCULAR,51278.88,4743.0
2023-10,COLD CHAIN,139664.0,80.0
2023-10,COTTONS AND HYGIENE,8741.75,214.0
2023-10,DERMATOLOGICALS,6103.91,65.0
2023-10,DIAGNOSTIC,788.4,29.0
2023-10,DIAPERS,21956.9,142.0
2023-10,DISINFECTANT,4988.25,77.0
2023-10,DISPOSABLES,5728.47,151.0
2023-10,EENT,5299.25,37.0
2023-10,ELECTRONIC MEDICAL DEVICES,7106.27,12.0
2023-10,FOOD,413.0,5.0
2023-10,FOOD SUPPLEMENTS,8387.25,377.0
2023-10,GALENICALS AND SOLUTIONS,5869.0,103.0
2023-10,GIT,19771.78,787.0
2023-10,GUT AND HORMONES,34010.74,1089.0
2023-10,HAIR CARE,1033.25,49.0
2023-10,HOME REMEDY,4769.7,69.0
2023-10,HOUSEHOLD CHEMICALS,570.0,1.0
2023-10,NEEDLES AND TUBINGS,3941.09,94.0
2023-10,NEUROLOGICAL DRUGS,1205.0,65.0
2023-10,ORAL CARE,5267.9,49.0
2023-10,ORTHO SUPPORT,1279.0,15.0
2023-10,PAIN MANAGEMENT,45374.77,2906.0
2023-10,PEDIATRIC MILK,5720.0,10.0
2023-10,PERSONAL PROTECTIVE EQUIPMENT,686.24,14.0
2023-10,"PLASTIC, GLASSWARE, AND STAINLESS",1107.05,24.0
2023-10,PROMO PACKS,1874.81,50.0
2023-10,RESPIRATORY,101344.75,3253.0
2023-10,SKIN AND BODY,8857.67,142.0
2023-10,SPECIAL CATEGORY 1,26.0,7.0
2023-10,VITAMINS,70364.8,3731.0
2023-10,WOUND CARE,6589.49,233.0
2023-11,ADULT MILK,13157.65,202.0
2023-11,ANTIBIOTICS,88883.85,1119.0
2023-11,ANTIDIABETICS,15625.11,816.0
2023-11,ASSISTIVE DEVICE,43995.159999999996,42.0
2023-11,BEVERAGES,5173.0,214.0
2023-11,CARDIOVASCULAR,62712.39,5821.0
2023-11,COLD CHAIN,84224.0,47.0
2023-11,COTTONS AND HYGIENE,9881.95,209.0
2023-11,DERMATOLOGICALS,6130.0,51.0
2023-11,DIAGNOSTIC,694.12,27.0
2023-11,DIAPERS,12022.53,76.0
2023-11,DISINFECTANT,8501.0,99.0
2023-11,DISPOSABLES,6775.39,176.0
2023-11,EENT,2129.75,14.0
2023-11,ELECTRONIC MEDICAL DEVICES,19346.39,24.0
2023-11,FOOD,628.0,3.0
2023-11,FOOD SUPPLEMENTS,6019.13,297.0
2023-11,GALENICALS AND SOLUTIONS,5570.45,107.0
2023-11,GIT,17213.97,718.0
2023-11,GUT AND HORMONES,41971.41,1434.0
2023-11,HAIR CARE,756.25,33.0
2023-11,HOME REMEDY,4399.7,68.0
2023-11,MANUAL MEDICAL DEVICES,1200.0,1.0
2023-11,NEEDLES AND TUBINGS,355.22,17.0
2023-11,NEUROLOGICAL DRUGS,1917.4,92.0
2023-11,ONCOLOGY AND SPECIALTY DRUGS,613.45,70.0
2023-11,ORAL CARE,5750.85,40.0
2023-11,ORTHO SUPPORT,1632.0,26.0
2023-11,PAIN MANAGEMENT,36362.39,2116.0
2023-11,PEDIATRIC MILK,201.0,1.0
2023-11,PERSONAL PROTECTIVE EQUIPMENT,205.0,9.0
2023-11,"PLASTIC, GLASSWARE, AND STAINLESS",1055.87,15.0
2023-11,PROMO PACKS,2304.15,48.0
2023-11,RESPIRATORY,117864.66,3416.0
2023-11,SKIN AND BODY,8540.95,153.0
2023-11,SPECIAL CATEGORY 1,62.0,31.0
2023-11,VITAMINS,88282.0,3867.0
2023-11,WOUND CARE,2935.65,197.0
2023-12,ADULT MILK,7152.46,199.0
2023-12,ANTIBIOTICS,110819.41,1699.0
2023-12,ANTIDIABETICS,20771.010000000002,989.0
2023-12,ASSISTIVE DEVICE,72551.51,42.0
2023-12,BEVERAGES,7179.9,254.0
2023-12,CARDIOVASCULAR,67954.82,6135.0
2023-12,COLD CHAIN,184608.8,103.0
2023-12,COTTONS AND HYGIENE,8424.7,209.0
2023-12,DERMATOLOGICALS,7295.27,58.0
2023-12,DIAGNOSTIC,470.0,21.0
2023-12,DIAPERS,7724.61,50.0
2023-12,DISINFECTANT,4225.25,67.0
2023-12,DISPOSABLES,3569.43,126.0
2023-12,EENT,3088.0,22.0
2023-12,ELECTRONIC MEDICAL DEVICES,13977.679999999998,18.0
2023-12,FOOD,259.0,7.0
2023-12,FOOD SUPPLEMENTS,11289.25,455.0
2023-12,GALENICALS AND SOLUTIONS,6933.55,120.0
2023-12,GIT,17513.38,565.0
2023-12,GUT AND HORMONES,31114.11,873.0
2023-12,HAIR CARE,1540.25,26.0
2023-12,HOME REMEDY,8145.900000000001,117.0
2023-12,MANUAL MEDICAL DEVICES,2700.0,1.0
2023-12,NEEDLES AND TUBINGS,1314.54,60.0
2023-12,NEUROLOGICAL DRUGS,3961.95,197.0
2023-12,ONCOLOGY AND SPECIALTY DRUGS,104.64,12.0
2023-12,ORAL CARE,4867.6,39.0
2023-12,ORTHO SUPPORT,3908.0,18.0
2023-12,PAIN MANAGEMENT,48844.69,2875.0
2023-12,PERSONAL PROTECTIVE EQUIPMENT,3638.58,55.0
2023-12,"PLASTIC, GLASSWARE, AND STAINLESS",776.04,9.0
2023-12,PROMO PACKS,1843.5,46.0
2023-12,RESPIRATORY,120943.24,3504.0
2023-12,SKIN AND BODY,10098.1,156.0
2023-12,SPECIAL CATEGORY 1,782.09,19.0
2023-12,VITAMINS,105807.55,4997.0
2023-12,WOUND CARE,3303.94,296.0
2024-01,ADULT MILK,7653.5,65.0
2024-01,ANTIBIOTICS,143220.83,2093.0
2024-01,ANTIDIABETICS,28735.32,1241.0
2024-01,ASSISTIVE DEVICE,49136.17,31.0
2024-01,BEVERAGES,9588.5,283.0
2024-01,CARDIOVASCULAR,69187.03,5587.0
2024-01,COLD CHAIN,93032.8,53.0
2024-01,COTTONS AND HYGIENE,11817.0,254.0
2024-01,DERMATOLOGICALS,10057.33,74.0
2024-01,DIAGNOSTIC,965.68,137.0
2024-01,DIAPERS,16431.14,127.0
2024-01,DISINFECTANT,8039.5,105.0
2024-01,DISPOSABLES,6235.53,169.0
2024-01,EENT,3812.05,17.0
2024-01,ELECTRONIC MEDICAL DEVICES,10605.0,15.0
2024-01,FOOD,185.0,5.0
2024-01,FOOD SUPPLEMENTS,6077.85,293.0
2024-01,GALENICALS AND SOLUTIONS,7879.7,146.0
2024-01,GIT,33884.8,1289.0
2024-01,GUT AND HORMONES,43689.32,713.0
2024-01,HAIR CARE,1392.5,52.0
2024-01,HOME REMEDY,8172.5,119.0
2024-01,HOUSEHOLD CHEMICALS,570.0,1.0
2024-01,MANUAL MEDICAL DEVICES,22040.0,13.0
2024-01,NEEDLES AND TUBINGS,4802.56,227.0
2024-01,NEUROLOGICAL DRUGS,8415.5,313.0
2024-01,ONCOLOGY AND SPECIALTY DRUGS,261.6,30.0
2024-01,ORAL CARE,4478.55,37.0
2024-01,ORTHO SUPPORT,2027.3600000000001,36.0
2024-01,PAIN MANAGEMENT,55863.58,3479.0
2024-01,PEDIATRIC MILK,1754.0,4.0
2024-01,PERSONAL PROTECTIVE EQUIPMENT,19976.01,183.0
2024-01,"PLASTIC, GLASSWARE, AND STAINLESS",2017.26,15.0
2024-01,PROMO PACKS,1388.35,41.0
2024-01,RESPIRATORY,124583.69,4031.0
2024-01,SKIN AND BODY,12686.28,248.0
2024-01,SPECIAL CATEGORY 1,620.5,10.0
2024-01,VITAMINS,105276.17,4410.0
2024-01,WOUND CARE,3866.45,468.0
2024-02,ADULT MILK,5066.36,48.0
2024-02,ANTIBIOTICS,106034.26,1701.0
2024-02,ANTIDIABETICS,13742.47,868.0
2024-02,ASSISTIVE DEVICE,15914.960000000001,22.0
2024-02,BEVERAGES,5841.0,198.0
2024-02,CARDIOVASCULAR,53404.11,4876.0
2024-02,COLD CHAIN,50648.8,30.0
2024-02,COTTONS AND HYGIENE,8439.4,166.0
2024-02,DERMATOLOGICALS,9951.34,71.0
2024-02,DIAGNOSTIC,1770.2,54.0
2024-02,DIAPERS,10990.44,78.0
2024-02,DISINFECTANT,8437.25,80.0
2024-02,DISPOSABLES,8952.64,166.0
2024-02,EENT,5187.79,31.0
2024-02,ELECTRONIC MEDICAL DEVICES,7466.67,18.0
2024-02,FOOD,247.89999999999998,4.0
2024-02,FOOD SUPPLEMENTS,11922.75,496.0
2024-02,GALENICALS AND SOLUTIONS,5606.5,97.0
2024-02,GIT,29029.13,1018.0
2024-02,GUT AND HORMONES,41182.58,854.0
2024-02,HAIR CARE,1048.75,47.0
2024-02,HOME REMEDY,6442.65,82.0
2024-02,MANUAL MEDICAL DEVICES,14712.0,9.0
2024-02,NEEDLES AND TUBINGS,1628.37,111.0
2024-02,NEUROLOGICAL DRUGS,2593.18,97.0
2024-02,ONCOLOGY AND SPECIALTY DRUGS,178.76,18.0
2024-02,ORAL CARE,7020.6,59.0
2024-02,ORTHO SUPPORT,2359.0,24.0
2024-02,PAIN MANAGEMENT,47971.77,2430.0
2024-02,PEDIATRIC MILK,2480.0,4.0
2024-02,PERSONAL PROTECTIVE EQUIPMENT,1978.49,57.0
2024-02,"PLASTIC, GLASSWARE, AND STAINLESS",1603.42,23.0
2024-02,PROMO PACKS,3075.1,109.0
2024-02,RESPIRATORY,109130.04,3689.0
2024-02,SKIN AND BODY,10502.82,180.0
2024-02,SPECIAL CATEGORY 1,717.0,12.0
2024-02,VITAMINS,86718.33,5029.0
2024-02,WOUND CARE,4040.78,218.0
2024-03,ADULT MILK,2825.51,294.0
2024-03,ANTIBIOTICS,132549.53,1899.0
2024-03,ANTIDIABETICS,27504.41,1808.0
2024-03,ASSISTIVE DEVICE,75005.2,35.0
2024-03,BEVERAGES,10743.0,355.0
2024-03,CARDIOVASCULAR,84550.07,7060.0
2024-03,COLD CHAIN,89672.4,49.0
2024-03,COTTONS AND HYGIENE,10207.5,207.0
2024-03,DERMATOLOGICALS,12384.3,96.0
2024-03,DIAGNOSTIC,992.0,79.0
2024-03,DIAPERS,9037.64,68.0
2024-03,DISINFECTANT,4113.25,66.0
2024-03,DISPOSABLES,7406.07,196.0
2024-03,EENT,6415.15,47.0
2024-03,ELECTRONIC MEDICAL DEVICES,11063.45,15.0
2024-03,FOOD,4006.0,208.0
2024-03,FOOD SUPPLEMENTS,7952.13,431.0
2024-03,GALENICALS AND SOLUTIONS,5469.85,104.0
2024-03,GIT,23146.97,1045.0
2024-03,GUT AND HORMONES,51248.79,1415.0
2024-03,HAIR CARE,699.75,36.0
2024-03,HOME REMEDY,4992.0,73.0
2024-03,MANUAL MEDICAL DEVICES,10800.0,17.0
2024-03,NEEDLES AND TUBINGS,1335.09,52.0
2024-03,NEUROLOGICAL DRUGS,11895.449999999999,342.0
2024-03,ONCOLOGY AND SPECIALTY DRUGS,327.0,30.0
2024-03,ORAL CARE,5441.45,64.0
2024-03,ORTHO SUPPORT,4342.0,43.0
2024-03,PAIN MANAGEMENT,55286.58,2636.0
2024-03,PEDIATRIC MILK,1404.0,2.0
2024-03,PERSONAL PROTECTIVE EQUIPMENT,812.13,16.0
2024-03,"PLASTIC, GLASSWARE, AND STAINLESS",1760.4,22.0
2024-03,PROMO PACKS,3112.0,119.0
2024-03,RESPIRATORY,136366.41,3314.0
2024-03,SKIN AND BODY,11279.4,189.0
2024-03,SPECIAL CATEGORY 1,42.0,3.0
2024-03,VITAMINS,90301.63,6324.0
2024-03,WOUND CARE,2758.18,371.0
2024-04,ADULT MILK,5668.76,174.0
2024-04,ANTIBIOTICS,127703.69,1802.0
2024-04,ANTIDIABETICS,26351.489999999998,1236.0
2024-04,ASSISTIVE DEVICE,39255.98,29.0
2024-04,BEVERAGES,13687.9,440.0
2024-04,CARDIOVASCULAR,65185.37,6770.0
2024-04,COLD CHAIN,86848.8,49.0
2024-04,COTTONS AND HYGIENE,12347.5,246.0
2024-04,DERMATOLOGICALS,10835.27,81.0
2024-04,DIAGNOSTIC,15.0,1.0
2024-04,DIAPERS,14926.16,99.0
2024-04,DISINFECTANT,2804.75,55.0
2024-04,DISPOSABLES,6693.92,211.0
2024-04,EENT,6739.19,25.0
2024-04,ELECTRONIC MEDICAL DEVICES,17338.67,26.0
2024-04,FOOD,5805.0,337.0
2024-04,FOOD SUPPLEMENTS,9123.65,527.0
2024-04,GALENICALS AND SOLUTIONS,5582.7,106.0
2024-04,GIT,17751.53,1074.0
2024-04,GUT AND HORMONES,39817.9,756.0
2024-04,HAIR CARE,792.0,35.0
2024-04,HOME REMEDY,5165.0,63.0
2024-04,HOUSEHOLD CHEMICALS,1140.0,2.0
2024-04,MANUAL MEDICAL DEVICES,17887.97,18.0
2024-04,NEEDLES AND TUBINGS,991.7,73.0
2024-04,NEUROLOGICAL DRUGS,7026.4,250.0
2024-04,ORAL CARE,5658.95,65.0
2024-04,ORTHO SUPPORT,7135.0,27.0
2024-04,PAIN MANAGEMENT,44761.15,2265.0
2024-04,PEDIATRIC MILK,2160.0,3.0
2024-04,PERSONAL PROTECTIVE EQUIPMENT,4969.85,59.0
2024-04,"PLASTIC, GLASSWARE, AND STAINLESS",1501.1,22.0
2024-04,PROMO PACKS,3684.81,78.0
2024-04,RESPIRATORY,138119.66,3230.0
2024-04,SKIN AND BODY,11124.93,198.0
2024-04,SPECIAL CATEGORY 1,512.0,7.0
2024-04,VITAMINS,79273.52,3715.0
2024-04,WOUND CARE,5150.29,606.0
2024-05,ADULT MILK,6303.67,61.0
2024-05,ANTIBIOTICS,83232.19,1356.0
2024-05,ANTIDIABETICS,26146.37,1076.0
2024-05,ASSISTIVE DEVICE,55691.49,22.0
2024-05,BEVERAGES,11689.5,407.0
2024-05,CARDIOVASCULAR,87243.78,6831.0
2024-05,COLD CHAIN,107344.8,66.0
2024-05,COTTONS AND HYGIENE,9505.85,197.0
2024-05,DERMATOLOGICALS,8610.45,67.0
2024-05,DIAGNOSTIC,649.0,19.0
2024-05,DIAPERS,10543.7,60.0
2024-05,DISINFECTANT,4508.5,77.0
2024-05,DISPOSABLES,6273.13,208.0
2024-05,EENT,5418.8,35.0
2024-05,ELECTRONIC MEDICAL DEVICES,9880.93,9.0
2024-05,FOOD,4942.0,258.0
2024-05,FOOD SUPPLEMENTS,7933.05,370.0
2024-05,GALENICALS AND SOLUTIONS,5015.0,82.0
2024-05,GIT,22588.760000000002,971.0
2024-05,GUT AND HORMONES,35718.08,848.0
2024-05,HAIR CARE,1237.0,59.0
2024-05,HOME REMEDY,7984.1,90.0
2024-05,MANUAL MEDICAL DEVICES,5020.0,4.0
2024-05,NEEDLES AND TUBINGS,921.56,70.0
2024-05,NEUROLOGICAL DRUGS,3724.98,116.0
2024-05,ONCOLOGY AND SPECIALTY DRUGS,226.72,26.0
2024-05,ORAL CARE,5135.7,69.0
2024-05,ORTHO SUPPORT,1056.0,14.0
2024-05,PAIN MANAGEMENT,45279.87,2116.0
2024-05,PERSONAL PROTECTIVE EQUIPMENT,3224.08,79.0
2024-05,"PLASTIC, GLASSWARE, AND STAINLESS",876.4,12.0
2024-05,PROMO PACKS,3589.4500000000003,84.0
2024-05,RESPIRATORY,83698.7,2669.0
2024-05,SKIN AND BODY,8685.56,158.0
2024-05,SPECIAL CATEGORY 1,1168.0,32.0
2024-05,VITAMINS,73036.69,3394.0
2024-05,WOUND CARE,5585.91,492.0
2024-06,ADULT MILK,4153.43,29.0
2024-06,ANTIBIOTICS,74903.69,1256.0
2024-06,ANTIDIABETICS,9512.25,595.0
2024-06,ASSISTIVE DEVICE,41598.0,16.0
2024-06,BEVERAGES,10889.5,343.0
2024-06,CARDIOVASCULAR,46296.159999999996,4674.0
2024-06,COLD CHAIN,28944.8,18.0
2024-06,COTTONS AND HYGIENE,8264.9,154.0
2024-06,DERMATOLOGICALS,13400.2,69.0
2024-06,DIAGNOSTIC,670.0,35.0
2024-06,DIAPERS,15365.38,78.0
2024-06,DISINFECTANT,2964.75,57.0
2024-06,DISPOSABLES,4184.75,133.0
2024-06,EENT,4426.6,23.0
2024-06,ELECTRONIC MEDICAL DEVICES,3252.86,7.0
2024-06,FOOD,4794.5,306.0
2024-06,FOOD SUPPLEMENTS,4411.5,256.0
2024-06,GALENICALS AND SOLUTIONS,3702.0,72.0
2024-06,GIT,23731.03,780.0
2024-06,GUT AND HORMONES,31214.98,439.0
2024-06,HAIR CARE,519.25,9.0
2024-06,HOME REMEDY,3763.0,49.0
2024-06,MANUAL MEDICAL DEVICES,3280.0,4.0
2024-06,NEEDLES AND TUBINGS,4052.73,288.0
2024-06,NEUROLOGICAL DRUGS,2673.5,85.0
2024-06,ORAL CARE,3354.35,39.0
2024-06,ORTHO SUPPORT,2249.0,27.0
2024-06,PAIN MANAGEMENT,29563.09,1933.0
2024-06,PERSONAL PROTECTIVE EQUIPMENT,3254.19,97.0
2024-06,"PLASTIC, GLASSWARE, AND STAINLESS",282.9,5.0
2024-06,PROMO PACKS,3155.05,77.0
2024-06,RESPIRATORY,63870.67,2267.0
2024-06,SKIN AND BODY,8006.39,129.0
2024-06,SPECIAL CATEGORY 1,812.0,5.0
2024-06,VITAMINS,60760.28,2725.0
2024-06,WOUND CARE,5355.6,897.0
2024-07,ADULT MILK,16449.05,43.0
2024-07,ANTIBIOTICS,84280.88,1566.0
2024-07,ANTIDIABETICS,16449.59,896.0
2024-07,ASSISTIVE DEVICE,62583.7,15.0
2024-07,BEVERAGES,13174.71,411.0
2024-07,CARDIOVASCULAR,46812.99,4433.0
2024-07,COLD CHAIN,170627.52,99.0
2024-07,COTTONS AND HYGIENE,7378.5,193.0
2024-07,DERMATOLOGICALS,12338.15,66.0
2024-07,DIAGNOSTIC,858.5,107.0
2024-07,DIAPERS,13057.75,77.0
2024-07,DISINFECTANT,3880.25,71.0
2024-07,DISPOSABLES,4568.6,176.0
2024-07,EENT,4340.35,18.0
2024-07,ELECTRONIC MEDICAL DEVICES,6721.46,6.0
2024-07,FOOD,5653.58,344.0
2024-07,FOOD SUPPLEMENTS,3946.25,237.0
2024-07,GALENICALS AND SOLUTIONS,4475.95,86.0
2024-07,GIT,26130.97,875.0
2024-07,GUT AND HORMONES,32650.84,600.0
2024-07,HAIR CARE,65.0,1.0
2024-07,HOME REMEDY,3735.75,53.0
2024-07,MANUAL MEDICAL DEVICES,560.0,1.0
2024-07,NEEDLES AND TUBINGS,2013.36,132.0
2024-07,NEUROLOGICAL DRUGS,7956.98,241.0
2024-07,ORAL CARE,4631.35,44.0
2024-07,ORTHO SUPPORT,4365.0,17.0
2024-07,PAIN MANAGEMENT,41421.49,2119.0
2024-07,PEDIATRIC MILK,720.0,1.0
2024-07,PERSONAL PROTECTIVE EQUIPMENT,3251.0,23.0
2024-07,"PLASTIC, GLASSWARE, AND STAINLESS",439.1,8.0
2024-07,PROMO PACKS,3132.4,86.0
2024-07,RESPIRATORY,62047.23,2230.0
2024-07,SKIN AND BODY,8123.71,149.0
2024-07,SPECIAL CATEGORY 1,623.75,35.0
2024-07,VITAMINS,70983.88,3143.0
2024-07,WOUND CARE,2722.17,285.0
2024-08,ADULT MILK,1563.49,12.0
2024-08,ANTIBIOTICS,101239.65,1541.0
2024-08,ANTIDIABETICS,21831.68,972.0
2024-08,ASSISTIVE DEVICE,14907.99,11.0
2024-08,BEVERAGES,15523.85,485.0
2024-08,CARDIOVASCULAR,54386.27,4568.0
2024-08,COLD CHAIN,220.0,1.0
2024-08,COTTONS AND HYGIENE,9679.45,226.0
2024-08,DERMATOLOGICALS,5724.1,62.0
2024-08,DIAGNOSTIC,2955.0,38.0
2024-08,DIAPERS,17523.18,92.0
2024-08,DISINFECTANT,5476.33,95.0
2024-08,DISPOSABLES,6603.48,180.0
2024-08,EENT,5035.29,28.0
2024-08,ELECTRONIC MEDICAL DEVICES,8545.99,12.0
2024-08,FOOD,5916.0,348.0
2024-08,FOOD SUPPLEMENTS,5734.75,265.0
2024-08,GALENICALS AND SOLUTIONS,7093.35,123.0
2024-08,GIT,35353.7,1203.0
2024-08,GUT AND HORMONES,32215.47,739.0
2024-08,HAIR CARE,387.0,5.0
2024-08,HOME REMEDY,3961.7,59.0
2024-08,MANUAL MEDICAL DEVICES,560.0,1.0
2024-08,NEEDLES AND TUBINGS,564.86,31.0
2024-08,NEUROLOGICAL DRUGS,2225.3,113.0
2024-08,ORAL CARE,3868.5,88.0
2024-08,ORTHO SUPPORT,1111.2,90.0
2024-08,PAIN MANAGEMENT,56159.72,2657.0
2024-08,PEDIATRIC MILK,1240.0,2.0
2024-08,PERSONAL PROTECTIVE EQUIPMENT,2546.86,61.0
2024-08,"PLASTIC, GLASSWARE, AND STAINLESS",2397.4,25.0
2024-08,PROMO PACKS,4886.5,136.0
2024-08,RESPIRATORY,101660.08,3740.0
2024-08,SKIN AND BODY,9794.13,168.0
2024-08,SPECIAL CATEGORY 1,130.0,26.0
2024-08,VITAMINS,87588.36,3537.0
2024-08,WOUND CARE,1597.09,339.0
2024-09,ADULT MILK,2547.7,43.0
2024-09,ANTIBIOTICS,106502.52,1439.0
2024-09,ANTIDIABETICS,30816.28,2015.0
2024-09,ASSISTIVE DEVICE,150837.0,15.0
2024-09,BEVERAGES,13557.0,421.0
2024-09,CARDIOVASCULAR,102772.23,7022.0
2024-09,COTTONS AND HYGIENE,8816.3,207.0
2024-09,DERMATOLOGICALS,9312.5,75.0
2024-09,DIAGNOSTIC,770.0,10.0
2024-09,DIAPERS,15975.98,78.0
2024-09,DISINFECTANT,4226.75,62.0
2024-09,DISPOSABLES,6741.92,171.0
2024-09,EENT,6282.0,23.0
2024-09,ELECTRONIC MEDICAL DEVICES,9941.91,23.0
2024-09,FOOD,6045.0,301.0
2024-09,FOOD SUPPLEMENTS,5700.61,323.0
2024-09,GALENICALS AND SOLUTIONS,4217.25,73.0
2024-09,GIT,31319.88,1361.0
2024-09,GUT AND HORMONES,30128.28,771.0
2024-09,HAIR CARE,431.0,9.0
2024-09,HOME REMEDY,2295.5,37.0
2024-09,MANUAL MEDICAL DEVICES,9340.0,10.0
2024-09,NEEDLES AND TUBINGS,1128.28,80.0
2024-09,NEUROLOGICAL DRUGS,2825.1,123.0
2024-09,ORAL CARE,1926.15,30.0
2024-09,ORTHO SUPPORT,2194.6,529.0
2024-09,PAIN MANAGEMENT,54819.62,3259.0
2024-09,PEDIATRIC MILK,2235.0,8.0
2024-09,PERSONAL PROTECTIVE EQUIPMENT,1560.25,32.0
2024-09,"PLASTIC, GLASSWARE, AND STAINLESS",428.84,13.0
2024-09,PROMO PACKS,6769.38,137.0
2024-09,RESPIRATORY,99562.45,3583.0
2024-09,SKIN AND BODY,8499.11,137.0
2024-09,SPECIAL CATEGORY 1,637.0,61.0
2024-09,VITAMINS,86648.75,4051.0
2024-09,WOUND CARE,3397.37,216.0
2024-10,ADULT MILK,6310.79,59.0
2024-10,ANTIBIOTICS,136363.39,1604.0
2024-10,ANTIDIABETICS,17827.51,661.0
2024-10,ASSISTIVE DEVICE,35239.8,16.0
2024-10,BEVERAGES,14648.0,470.0
2024-10,CARDIOVASCULAR,54741.68,4908.0
2024-10,COTTONS AND HYGIENE,11732.15,259.0
2024-10,DERMATOLOGICALS,12126.52,70.0
2024-10,DIAGNOSTIC,3191.8,36.0
2024-10,DIAPERS,18672.19,120.0
2024-10,DISINFECTANT,3720.75,78.0
2024-10,DISPOSABLES,6117.45,161.0
2024-10,EENT,3926.6,23.0
2024-10,ELECTRONIC MEDICAL DEVICES,16166.4,11.0
2024-10,FOOD,6479.0,424.0
2024-10,FOOD SUPPLEMENTS,10783.63,537.0
2024-10,GALENICALS AND SOLUTIONS,4739.35,84.0
2024-10,GIT,29947.77,1049.0
2024-10,GUT AND HORMONES,18149.170000000002,369.0
2024-10,HAIR CARE,1694.75,34.0
2024-10,HOME REMEDY,4191.8,55.0
2024-10,HOUSEHOLD CHEMICALS,269.0,10.0
2024-10,MANUAL MEDICAL DEVICES,6800.0,11.0
2024-10,NEEDLES AND TUBINGS,855.72,27.0
2024-10,NEUROLOGICAL DRUGS,2151.5,67.0
2024-10,ORAL CARE,5940.0,66.0
2024-10,ORTHO SUPPORT,872.04,86.0
2024-10,PAIN MANAGEMENT,48422.11,2303.0
2024-10,PEDIATRIC MILK,990.0,17.0
2024-10,PERSONAL PROTECTIVE EQUIPMENT,2988.1099999999997,34.0
2024-10,"PLASTIC, GLASSWARE, AND STAINLESS",649.1,12.0
2024-10,PROMO PACKS,6348.45,130.0
2024-10,RESPIRATORY,107518.44,2874.0
2024-10,SKIN AND BODY,11398.89,186.0
2024-10,SPECIAL CATEGORY 1,901.0,104.0
2024-10,VITAMINS,95931.0,3623.0
2024-10,WOUND CARE,2113.43,216.0
2024-11,ADULT MILK,2221.86,86.0
2024-11,ANTIBIOTICS,93117.2,1596.0
2024-11,ANTIDIABETICS,20781.82,1041.0
2024-11,ASSISTIVE DEVICE,51569.0,13.0
2024-11,BEVERAGES,14281.76,475.0
2024-11,CARDIOVASCULAR,48638.56,4274.0
2024-11,COLD CHAIN,184.4,1.0
2024-11,COTTONS AND HYGIENE,9079.34,235.0
2024-11,DERMATOLOGICALS,8100.24,52.0
2024-11,DIAGNOSTIC,1845.0,30.0
2024-11,DIAPERS,16285.69,102.0
2024-11,DISINFECTANT,3987.54,76.0
2024-11,DISPOSABLES,5260.89,173.0
2024-11,EENT,3729.75,23.0
2024-11,ELECTRONIC MEDICAL DEVICES,9391.2,11.0
2024-11,FOOD,5691.58,341.0
2024-11,FOOD SUPPLEMENTS,13564.25,528.0
2024-11,GALENICALS AND SOLUTIONS,4497.65,91.0
2024-11,GIT,30230.66,1058.0
2024-11,GUT AND HORMONES,26592.43,502.0
2024-11,HAIR CARE,2828.0,93.0
2024-11,HOME REMEDY,3694.94,59.0
2024-11,HOUSEHOLD CHEMICALS,482.46,19.0
2024-11,MANUAL MEDICAL DEVICES,1097.6,2.0
2024-11,NEEDLES AND TUBINGS,1027.22,66.0
2024-11,NEUROLOGICAL DRUGS,5450.4,176.0
2024-11,ONCOLOGY AND SPECIALTY DRUGS,638.8,36.0
2024-11,ORAL CARE,4985.14,51.0
2024-11,ORTHO SUPPORT,3619.62,42.0
2024-11,PAIN MANAGEMENT,42573.7,2892.0
2024-11,PEDIATRIC MILK,3905.0,19.0
2024-11,PERSONAL PROTECTIVE EQUIPMENT,3354.0,12.0
2024-11,"PLASTIC, GLASSWARE, AND STAINLESS",1504.26,17.0
2024-11,PROMO PACKS,6036.77,138.0
2024-11,RESPIRATORY,80272.42,2648.0
2024-11,SKIN AND BODY,11001.78,183.0
2024-11,SPECIAL CATEGORY 1,93.25,47.0
2024-11,VITAMINS,71494.95,3447.0
2024-11,WOUND CARE,2444.24,387.0
2024-12,ADULT MILK,15099.789999999999,53.0
2024-12,ANTIBIOTICS,106135.01,1136.0
2024-12,ANTIDIABETICS,15465.17,746.0
2024-12,ASSISTIVE DEVICE,18698.5,16.0
2024-12,BEVERAGES,13325.25,418.0
2024-12,CARDIOVASCULAR,41285.05,4335.0
2024-12,COLD CHAIN,624.4,3.0
2024-12,COTTONS AND HYGIENE,9021.75,251.0
2024-12,DERMATOLOGICALS,5892.67,46.0
2024-12,DIAGNOSTIC,975.0,24.0
2024-12,DIAPERS,6541.43,48.0
2024-12,DISINFECTANT,3597.97,73.0
2024-12,DISPOSABLES,5579.27,175.0
2024-12,EENT,5702.25,20.0
2024-12,ELECTRONIC MEDICAL DEVICES,2100.8,10.0
2024-12,FOOD,3535.5,195.0
2024-12,FOOD SUPPLEMENTS,14020.85,490.0
2024-12,GALENICALS AND SOLUTIONS,5885.2,105.0
2024-12,GIT,33094.11,1164.0
2024-12,GUT AND HORMONES,12926.74,206.0
2024-12,HAIR CARE,1569.9,43.0
2024-12,HOME REMEDY,2803.5,49.0
2024-12,HOUSEHOLD CHEMICALS,252.0,11.0
2024-12,MANUAL MEDICAL DEVICES,560.0,1.0
2024-12,NEEDLES AND TUBINGS,459.57,29.0
2024-12,NEUROLOGICAL DRUGS,1599.55,74.0
2024-12,ORAL CARE,5850.75,67.0
2024-12,ORTHO SUPPORT,2402.66,43.0
2024-12,PAIN MANAGEMENT,47594.47,2615.0
2024-12,PEDIATRIC MILK,215.0,8.0
2024-12,PERSONAL PROTECTIVE EQUIPMENT,479.08,17.0
2024-12,"PLASTIC, GLASSWARE, AND STAINLESS",995.15,13.0
2024-12,PROMO PACKS,5329.25,93.0
2024-12,RESPIRATORY,92690.0,2927.0
2024-12,SKIN AND BODY,9818.9,194.0
2024-12,SPECIAL CATEGORY 1,18.0,9.0
2024-12,VITAMINS,75235.68,2657.0
2024-12,WOUND CARE,1648.06,202.0
2025-01,ADULT MILK,16033.64,50.0
2025-01,ANTIBIOTICS,108224.39,1326.0
2025-01,ANTIDIABETICS,17438.67,893.0
2025-01,ASSISTIVE DEVICE,15567.5,19.0
2025-01,BEVERAGES,12190.5,364.0
2025-01,CARDIOVASCULAR,41338.74,4146.0
2025-01,COTTONS AND HYGIENE,13718.25,288.0
2025-01,DERMATOLOGICALS,7441.25,55.0
2025-01,DIAGNOSTIC,1828.36,41.0
2025-01,DIAPERS,12656.53,76.0
2025-01,DISINFECTANT,5589.41,82.0
2025-01,DISPOSABLES,4871.07,153.0
2025-01,EENT,7258.1,29.0
2025-01,ELECTRONIC MEDICAL DEVICES,11506.2,30.0
2025-01,FOOD,3925.18,285.0
2025-01,FOOD SUPPLEMENTS,22692.65,677.0
2025-01,GALENICALS AND SOLUTIONS,5557.0,107.0
2025-01,GIT,31489.22,1109.0
2025-01,GUT AND HORMONES,26545.34,412.0
2025-01,HAIR CARE,2302.5,71.0
2025-01,HOME REMEDY,3713.0,66.0
2025-01,HOUSEHOLD CHEMICALS,288.0,13.0
2025-01,MANUAL MEDICAL DEVICES,16380.0,22.0
2025-01,NEEDLES AND TUBINGS,628.88,69.0
2025-01,NEUROLOGICAL DRUGS,5081.08,122.0
2025-01,ORAL CARE,4912.5,56.0
2025-01,ORTHO SUPPORT,836.62,14.0
2025-01,PAIN MANAGEMENT,48167.59,2576.0
2025-01,PEDIATRIC MILK,1272.0,21.0
2025-01,PERSONAL PROTECTIVE EQUIPMENT,3080.15,40.0
2025-01,"PLASTIC, GLASSWARE, AND STAINLESS",968.87,25.0
2025-01,PROMO PACKS,7104.85,119.0
2025-01,RESPIRATORY,107155.28,3191.0
2025-01,SKIN AND BODY,11153.56,184.0
2025-01,SPECIAL CATEGORY 1,49.0,17.0
2025-01,VITAMINS,86424.09,3721.0
2025-01,WOUND CARE,1736.79,356.0
2025-02,ADULT MILK,12744.35,36.0
2025-02,ANTIBIOTICS,94672.32,1026.0
2025-02,ANTIDIABETICS,14092.2,804.0
2025-02,ASSISTIVE DEVICE,35371.5,18.0
2025-02,BEVERAGES,11340.0,301.0
2025-02,CARDIOVASCULAR,44817.04,3995.0
2025-02,COTTONS AND HYGIENE,9498.1,215.0
2025-02,DERMATOLOGICALS,6417.65,33.0
2025-02,DIAGNOSTIC,894.1,30.0
2025-02,DIAPERS,9307.0,45.0
2025-02,DISINFECTANT,3508.25,49.0
2025-02,DISPOSABLES,3978.68,114.0
2025-02,EENT,2787.05,10.0
2025-02,ELECTRONIC MEDICAL DEVICES,11518.0,15.0
2025-02,FOOD,3442.3,240.0
2025-02,FOOD SUPPLEMENTS,9164.25,263.0
2025-02,GALENICALS AND SOLUTIONS,3083.6,61.0
2025-02,GIT,26499.73,976.0
2025-02,GUT AND HORMONES,19172.29,479.0
2025-02,HAIR CARE,1626.75,64.0
2025-02,HOME REMEDY,5012.57,62.0
2025-02,HOUSEHOLD CHEMICALS,108.0,5.0
2025-02,MANUAL MEDICAL DEVICES,12680.0,15.0
2025-02,MEMBERS EXCLUSIVE,150.0,1.0
2025-02,NEEDLES AND TUBINGS,570.5,28.0
2025-02,NEUROLOGICAL DRUGS,1643.0,53.0
2025-02,ORAL CARE,4254.75,47.0
2025-02,ORTHO SUPPORT,1867.5,18.0
2025-02,PAIN MANAGEMENT,48257.1,2069.0
2025-02,PEDIATRIC MILK,635.5,13.0
2025-02,PERSONAL PROTECTIVE EQUIPMENT,3967.75,38.0
2025-02,"PLASTIC, GLASSWARE, AND STAINLESS",756.5,11.0
2025-02,PROMO PACKS,5131.85,100.0
2025-02,RESPIRATORY,83777.66,2843.0
2025-02,SKIN AND BODY,8857.8,152.0
2025-02,SPECIAL CATEGORY 1,161.5,66.0
2025-02,VITAMINS,58840.98,2422.0
2025-02,WOUND CARE,2911.32,553.0
2025-03,ADULT MILK,15179.92,3013.0
2025-03,ANTIBIOTICS,106597.77,1416.0
2025-03,ANTIDIABETICS,26364.83,952.0
2025-03,ASSISTIVE DEVICE,45196.0,11.0
2025-03,BEVERAGES,14019.6,459.0
2025-03,CARDIOVASCULAR,48511.58,4352.0
2025-03,COTTONS AND HYGIENE,10162.95,248.0
2025-03,DERMATOLOGICALS,7706.63,34.0
2025-03,DIAGNOSTIC,1015.0,21.0
2025-03,DIAPERS,11080.98,53.0
2025-03,DISINFECTANT,3991.0,63.0
2025-03,DISPOSABLES,5413.36,148.0
2025-03,EENT,2134.94,10.0
2025-03,ELECTRONIC MEDICAL DEVICES,9691.8,10.0
2025-03,FOOD,4409.54,336.0
2025-03,FOOD SUPPLEMENTS,15737.75,371.0
2025-03,GALENICALS AND SOLUTIONS,4932.0,87.0
2025-03,GIT,24858.59,823.0
2025-03,GUT AND HORMONES,17016.1,433.0
2025-03,HAIR CARE,1015.5,61.0
2025-03,HOME REMEDY,5628.0,80.0
2025-03,HOUSEHOLD CHEMICALS,77.5,4.0
2025-03,MANUAL MEDICAL DEVICES,10580.0,18.0
2025-03,NEEDLES AND TUBINGS,6066.0,15.0
2025-03,NEUROLOGICAL DRUGS,5858.96,161.0
2025-03,ORAL CARE,5000.8,59.0
2025-03,ORTHO SUPPORT,1705.51,94.0
2025-03,PAIN MANAGEMENT,36294.66,1814.0
2025-03,PEDIATRIC MILK,855.0,10.0
2025-03,PERSONAL PROTECTIVE EQUIPMENT,685.0,9.0
2025-03,"PLASTIC, GLASSWARE, AND STAINLESS",619.5,8.0
2025-03,PROMO PACKS,5861.6,115.0
2025-03,RESPIRATORY,88637.05,2379.0
2025-03,SKIN AND BODY,9130.33,151.0
2025-03,SPECIAL CATEGORY 1,230.0,65.0
2025-03,VITAMINS,68389.76,2712.0
2025-03,WOUND CARE,2353.0,322.0
