month,item_code,description,category,tab
2023-01,4806526298695,"""ICEBAG 6"""" PARA AID""",,
2023-01,8906044870444,A.R.A. + H (LOSARTAN POTASSIUM + HYDROCHLOROTHIAZIDE) 50MG/12 TAB,,
2023-01,92561950000012,ABDOMINAL BINDER (BLUE,,
2023-01,39572141,ADVAN PREGNANCY TEST,,
2023-01,4800153300677,ADVIL LIQUIGEL (IBUPROFEN) CAP,,
2023-01,4806517213096,AFICIONADO COOL FANCY RED 55ML,,
2023-01,4806517210026,AFICIONADO FRESH PINK 55ML,,
2023-01,4806517214666,AFICIONADO ICY DIVE 55ML,,
2023-01,480778853619,ALAXAN FR (IBUPROFEN + PARACETAMOL) CAP,,
2023-01,8902269016674,ALCLAV (CO-AMOXICLAV) 625MG TAB,,
2023-01,745110103516,ALCOSURE ISOPROPYL ALC 70% 3.7L,,
2023-01,4807788547071,ALGESIA (PARACETAMOL + TRAMADOL) 37.5/325 MG TAB,,
2023-01,4807788580931,ALGINA (SODIUM ALGINATE) SUS,,
2023-01,4806527194088,ALLECUR (CETIRIZINE) 10MG TAB,,
2023-01,4807788519948,ALLERKID 2.5MG DROPS 10ML,,
2023-01,4807788532022,ALLERKID 5MG SYR 60ML,,
2023-01,4807788740977,ALLERTA (LORATADINE) 10MG TAB 2+1 PACK,,
2023-01,4806523303071,ALLUPREX (ALLOPURINOL) 300MG TAB,,
2023-01,4800369000071,ALLURASE(ALLOPURINOL) 100MG TAB,,
2023-01,4807788408853,ALNIX (CETIRIZINE) 10MG TAB,,
2023-01,4807788519849,ALNIX 2.5MG DROP 10ML,,
2023-01,4807788519818,ALNIX 5MG/5ML SYR 60ML,,
2023-01,4807788520838,ALNIX PLUS (CETIRIZINE+PHENYLEPHRINE) 5MG/10MG TAB,,
2023-01,4807788530691,ALNIX PLUS SYR 5MG 60ML,,
2023-01,4800064630061,ALTHEA PILLS,,
2023-01,4806504084104,AMECIRON (FERROUS + FOLIC) TAB,,
2023-01,4806523301633,AMLOREX (AMLODIPINE) 5MG TAB,,
2023-01,4806524772913,AMLOTHIX (AMLODIPINE) 10MG TAB,,
2023-01,4806524772906,AMLOTHIX (AMLODIPINE) 5MG TAB,,
2023-01,4800318120027,AMOXIL CAP 500MG,,
2023-01,4807788416537,AMVASC BE (AMLODIPINE) 5MG TAB,,
2023-01,80844341,ANEROID SPHYGMO W/ STET (PROHEALTH,,
2023-01,4800333227923,ANORO ELLIPTA 62.5/25MCG,,
2023-01,4806527192954,APCIRON (MULTIVITAMINS + IRON + BUCLIZINE) CAP,,
2023-01,4800067123140,APOLLO LIPBALM ORIG 7G,,
2023-01,4800067123133,APOLLO LIPBALM PINK 7G,,
2023-01,4800067642573,APOLLO PETROLEUM JELLY 25G,,
2023-01,4800067644843,APOLLO PETROLEUM JELLY 50G,,
2023-01,48037617,APOLLO SEBO DE MACHO 10G,,
2023-01,4807788401465,APPEBON W/ IRON CAP,,
2023-01,10000200185,APTRADOL (TRAMADOL HYDROCHLORIDE) 50MG CAP,,
2023-01,4800307835352,ARBLOC (LOSARTAN) 100MG FCT,,
2023-01,4800307835154,ARBLOC 50MG FCT,,
2023-01,4800489114368,ARCOXIA (ETORICOXIB) 120MG TAB,,
2023-01,4800489114320,ARCOXIA (ETORICOXIB) 60MG TAB,,
2023-01,4800489114344,ARCOXIA 90MG TAB,,
2023-01,606722893032,ARM SLING L,,
2023-01,606722893033,ARM SLING M,,
2023-01,606723000000,ARM SLING XL,,
2023-01,4800204719915,ASCOFFTE CAP 10+5 PROMO PACK,,
2023-01,69853920,ASCORSAPH ZEE(ASCORBIC ACID+ZN)500MG/10MG CAP,,
2023-01,4800369000811,ASFRENON-GF (SALBUTAMOL GUAIFENESIN) 1MG/50MG PER 5ML SYRUP 60ML,,
2023-01,4800369000286,ASFRENONSYR 2MG 60ML SYR,,
2023-01,4807788519733,ASMALINÂ® 2MG SYR 60ML,,
2023-01,4800363204239,ASPEC EC 100MG TAB,,
2023-01,4807788402226,ASPILETS (ASPIRIN) 80MG TAB,,
2023-01,4806508830318,ASTEROL (PROPANOLOL HYDROCHLORIDE) 40MG TAB,,
2023-01,4806518900230,ATC COENZYME,,
2023-01,4806521160782,ATENURIX (FEBUXOSTAT) 40MG FCT,,
2023-01,1900010074,ATORSAPH-10 (ATORVASTATIN) 10MG FC TAB,,
2023-01,38119798,ATORSAPH-20 (ATORVASTATIN) 20MG FC TAB,,
2023-01,4800333900437,AUGMENTIN (CO-AMOXICLAV) 457MG 70ML,,
2023-01,4800333162491,AUGMENTIN 625MG TAB,,
2023-01,8961100510665,AURORA (ROSUVASTATIN) 10MG FC TAB,,
2023-01,8961100510672,AURORA (ROSUVASTATIN) 20MG FC TAB,,
2023-01,4800888141101,AXE DEO SPRAY DARK TEMPTATION 50ML,,
2023-01,8851932323901,AXE DEO SPRAY GOLD TEMPTATION 50ML,,
2023-01,6921665001499,AXMAXOLV (SALBUTAMOL) 100MCG/ACTUATION,,
2023-01,4806523301312,AXMEL (AMOXICILLIN TRIHYDRATE) 500MG CAP,,
2023-01,4806523301336,AXMEL (AMOXICILLIN) 250MG 60ML SUSP,,
2023-01,78901964,AZISAPH (AZITHROMYCIN) 500MG TAB,,
2023-01,85441781,B-PLEX (VIT B1+B6+B12) CAP,,
2023-01,4800435199432,B-PRIME (VIT B-COMPLEX) CAP,,
2023-01,4806502350164,B.T. TISYU 12&#039;S 400SH 2P,,
2023-01,4806502350126,B.T. TISYU 4&#039;S 400SH 2P,,
2023-01,4806531820744,BACIFLORA PROBIOTIC DIETARY SUPP 5ML,,
2023-01,4800140001105,BACTIDOL LIQUID 250ML,,
2023-01,4800140001099,BACTIDOL ORAL 120ML,,
2023-01,4800140001082,BACTIDOL ORAL 60ML,,
2023-01,4807788524843,BACTIFREE 2% 20MG OINT TUBE,,
2023-01,4807788524560,BACTIFREE OINTMENT 10G,,
2023-01,4801010194002,BAND AID PLASTIC STRIPS,,
2023-01,25761726337,BANDAGE SCISSOR 3 1/2,,
2023-01,96711170,BAROLE 20 (RABEPRAZOLE SODIUM) CAP,,
2023-01,4800067056004,BBFLO GENTLE BUDS PLASTIC 36TIP,,
2023-01,4800067702321,BBFLO GENTLE BUDS WHITE 200s TIPS+36 TIPS,,
2023-01,4800067058367,BBFLO NASAL ASPIRATOR,,
2023-01,480006707070567,BBFLO PETROLEUM JELLY POWDERY FRESH 25G,,
2023-01,4800067070604,BBFLO PETROLEUM JELLY SOOTH & RELAX 25G,,
2023-01,4800067052211,BBFLO SILICON NIPPLE M,,
2023-01,33456416,BEDPAN PLASTIC,,
2023-01,4801010206118,BENADRYL AH (DIPHENHYDRAMINE) CAP,,
2023-01,4800417001081,BENCH ALCOGEL CLASSIC HAND SANITIZER 100G,,
2023-01,4800417005225,BENCH ATLANTIS 75ML BODY SPRAY,,
2023-01,4800417008288,BENCH BARE ME NOT BODY SPRAY 100ML,,
2023-01,4800417061924,BENCH DAILY SPELL CLEAN FUN 70ML,,
2023-01,4800417005218,BENCH EIGHT BODY SPRAY 75ML,,
2023-01,4800417061955,BENCH MORNING RUSH BODY MIST 70ML,,
2023-01,4800417060590,BENCH SO IN LOVE DEO BODY SPRAY 50ML,,
2023-01,4801962413152,BEROCCA EFF TAB ORANGE 15&#039;,,
2023-01,4801962122269,BEROCCA TAB 1&#039;S,,
2023-01,48035880,BETADINE (POVIDONE IODINE) WOUND SOLUTION 7.5ML,,
2023-01,4800204008613,BETADINE FEM WASH 100ML,,
2023-01,4800204008620,BETADINE FEM WASH 50ML,,
2023-01,4800204001720,BETADINE GARGLE 120ML,,
2023-01,4800204001713,BETADINE GARGLE 60ML,,
2023-01,12165633962,BETADINE WOUND 7.5ML,,
2023-01,4800204002017,BETADINE WOUND SOL&#039;N 60ML,,
2023-01,8906076770101,BETTERVENT (SALBUTAMOL) 1MG/ML (2.5MG/2.5ML) SOL&#039;N,,
2023-01,8906045605021,BETZINE (BETAHISTINE HYDROCHLORIDE) 16MG TAB,,
2023-01,8906045605038,BETZINE (BETAHISTINE HYDROCHLORIDE) 24MG TAB,,
2023-01,4806520890246,BEWELL-C CAP(PPACK 5+1,,
2023-01,4800326628782,BIGEN DARK BROWN,,
2023-01,4800011113968,BIODERM SOAP COOLNESS BLUE 135G,,
2023-01,4806527650263,BIODOL (PARACETAMOL) 250MG/5ML SUSP 60ML,,
2023-01,4800301800370,BIOFITEA (SENNA LEAVES 1SENNA POS) SAC,,
2023-01,4807788526762,BIOFLU (PENYLEPHINE + CHLORPHENAMINE + PARACETAMOL) TAB,,
2023-01,4807788565600,BIOFLU SUSPENSION 2.5MG,,
2023-01,4807788550668,BIOGESIC (PARACETAMOL) 100MG 15ML ORANGE DRP,,
2023-01,4807788519177,BIOGESIC (PARACETAMOL) 250MG/5ML ORANGE 60ML,,
2023-01,4807788561688,BIOGESIC (PARACETAMOL) 500MG TAB,,
2023-01,4807788519184,BIOGESIC 120MG/5ML OR SYR 60ML,,
2023-01,4806527191582,BIOGIC (PARACETAMOL) 500MG TAB,,
2023-01,57282039539,BIOPLUS PROBIOTICS,,
2023-01,8904172926156,BIXOCOT (ETORICOXIB) 120MG FCT,,
2023-01,6922748503015,BL CREAM 7G,,
2023-01,4806501898889,BLUE CROSS PREG TEST DELUXE URINE,,
2023-01,4800304810130,BONAMINE CHEW(ADULT)TAB 25MG,,
2023-01,4800304810062,BONAMINE CHEW(KIDS)TAB 12.5MG,,
2023-01,4800153151231,BONNA 0-6 MONTHS 350G,,
2023-01,93494626238,BP SET BLUE CROSS W/STET,,
2023-01,8904360300065,BRELVASTIN (ATORVASTATIN) 20MG,,
2023-01,4800348114515,BREZU (PROCATEROL) 5MCG/ML 60ML SYR,,
2023-01,8906044713802,BUDEXA (BUDESONIDE) 250MCG/ML RESP,,
2023-01,4800136400042,BUSCOPAN TAB,,
2023-01,4800136400011,BUSCOPAN VENUS TAB 10MG500MG,,
2023-01,4806529430672,BUTAMOL (SALBUTAMOL) 2MG/5ML SYR 60ML,,
2023-01,4800141512945,C.Y GABRIEL PAPAYA 60G,,
2023-01,61229488,CALCIFESAPH ( CALCIUM+VITAMIN D3) TAB,,
2023-01,1900010077,CALCISAPH (CALCIUM CARBONATE) 500MG TAB,,
2023-01,4806524143348,CALCITROL 500 1250MG/250IU TAB,,
2023-01,4807788562630,CALCIUMADE (CALCIUM + VITAMIN + MINERALS) TAB,,
2023-01,8961100510023,CALIPTROL (ATORVASTATIN) 40MG,,
2023-01,746876000705,CALMOSEPTINE OINT SAC 3.5G,,
2023-01,1000200029,CALMSAPH (ALUM. MAG. HYDROXIDE) 200MG/100MG CHEWABLE TAB,,
2023-01,4800318000190,CALPOL 2-6 YRS 120MG/5ML SUSP 60ML,,
2023-01,4800318002392,CALTRATE ADVANCE TAB 30s,,
2023-01,4807788520579,CANDEZ (CANDESARTAN + CILEXETIL) 8MG TAB,,
2023-01,4801962202763,CANESTEN 3G CREAM,,
2023-01,4801962202770,CANESTEN 5G,,
2023-01,4806517790313,CARDIPRES (CARVEDILOL) 12.5MG FC TAB,,
2023-01,4806519200674,CARDOZ (CARVEDILOL) 25MG TAB,,
2023-01,4806519200988,CARDOZ (CARVEDILOL) 6.25MG TAB,,
2023-01,8850007331308,CAREFREE BREATHABLE PL 8s,,
2023-01,4800488070030,CARESS ADULT DIAPER L10+1,,
2023-01,4800488959236,CARESS ADULT DIAPER L2,,
2023-01,4800488070023,CARESS ADULT DIAPER M1,,
2023-01,4800488070016,CARESS ADULT DIAPER M10+1,,
2023-01,14800488960796,CARESS ADULT DIAPER M20+2,,
2023-01,4800488070283,CARESS ADULT DIAPER XL10,,
2023-01,4800488099741,CARESS UNDERPAD M10,,
2023-01,4800488958888,CARESS UNDERPADS XL8,,
2023-01,4807788417169,CARVID (CARVEDILOL) 25MG TAB,,
2023-01,4800011121536,CASINO 500ML,,
2023-01,4800011121543,CASINO FEMME 150ML,,
2023-01,4800011121567,CASINO FEMME 500ML,,
2023-01,4800011122229,CASINO FEMME DUAL MOIST 250ML,,
2023-01,4800292103047,CATAPRES TAB (ETHYL ALC) 75MCG,,
2023-01,4806523301800,CEASCOL (CARBOCISTEINE) 500MG CAP,,
2023-01,4806524840124,CECLOR DROP 20ML,,
2023-01,4807788519207,CEELIN DROP 30ML,,
2023-01,4807788563286,CEELIN PLUS (ASCORBIC ACID + ZINC) CHEW TAB,,
2023-01,4807788549648,CEELIN PLUS 40MG DRP 15ML,,
2023-01,4807788523648,CEELIN PLUS SYR 120ML,,
2023-01,4807788519221,CEELIN SYR 120ML,,
2023-01,4806529630393,CEFUCLAV (CEFUROXIME AXETIL + CLAVULANATE POTASSIUM) 500MG/125MG FC TAB,,
2023-01,29253999,CEFUSAPH (CEFUROXIME AXETIL) 500MG FC TAB,,
2023-01,8964001206033,CELCOXX CAP 200MG,,
2023-01,8964001206040,CELCOXX CAP 400MG,,
2023-01,4800332151168,CELEBREX (CELOCOXIB) 200MG CAP,,
2023-01,4800153302152,CENTRUM ADVANCE TAB 30,,
2023-01,4800304010219,CENTRUM SILVER ADV TAB 1s,,
2023-01,4800153302169,CENTRUM SILVER ADV TAB 30,,
2023-01,4800153302220,CENTRUM(ADVANCE)TAB,,
2023-01,4806523302708,CETIREX (CETIRIZINE) 5MG/5ML 60ML SYR,,
2023-01,4809015596449,CETOZ-L (LEVOCETIRIZINE DIHYDROCHLORIDE) 5MG FCT,,
2023-01,4800488100089,CHARMEE BREATHABLE PANTY LINER GREEN 20&#039;S,,
2023-01,4800488100072,CHARMEE BREATHABLE PANTY LINER GREEN 8&#039;S,,
2023-01,4800488011484,CHARMEE COTTONY NON WINGS 8&#039;S,,
2023-01,4800488011415,CHARMEE COTTONY W/WINGS 8+1,,
2023-01,4800488958581,CHARMEE DRY NET NON WINGS 8&#039;S,,
2023-01,4800488011477,CHARMEE FEMININE PADS 4s,,
2023-01,4800488958529,CHARMEE LIGHT W/WINGS 8&#039;S,,
2023-01,4800488070481,CHARMEE MENSTRUAL PANTS M 2&#039;S,,
2023-01,4800488114772,CHARMEE PANTYLINER GO GIRL 20+2,,
2023-01,4800488100058,CHARMEE UNSCENTED BREATHABLE PANTY LINER PINK 8&#039;S,,
2023-01,4806510690016,CHERIFER DROP 15ML/230&#039;,,
2023-01,4806510690023,CHERIFER DROP 30ML/160&#039;,,
2023-01,4806510690054,CHERIFER FORTE 120ML,,
2023-01,4806510690337,CHERIFER IMMUNOMAX SYR 120ML,,
2023-01,4801962207751,CIPROBAY 500MG TAB,,
2023-01,4806523301992,CIPRODIN-FC (CIPROFLOXACIN) 500MG TAB,,
2023-01,4806513980091,CIPROFLOX 500MG TAB,,
2023-01,8964001206101,CLARIGET (CLARITHROMYCIN) 500MGTAB,,
2023-01,4800067122068,CLEENE CLIO TBRUSH ECONOMY,,
2023-01,4806523303088,CLIN-GEN (CLINDAMYCIN) 300MG CAP,,
2023-01,54864344,CLIO DENTAL FLOSS 20M,,
2023-01,4800067147085,CLIO DENTAL FLOSS 50M (CLEENE,,
2023-01,4806520351211,CLODIN (CLONIDINE) 150MG TAB,,
2023-01,4806520352621,CLODIN (CLONIDINE) 75MCG TAB,,
2023-01,8908006972531,CLOHEAL (CLOPIDOGREL) 75MG TAB,,
2023-01,4807788553584,CLONIPRESS 75MCG TAB,,
2023-01,28924852,CLOOK CARE (OXYGEN REGULATOR,,
2023-01,1900010130,CLOXYL (CLOXACILLIN) 500MG CAP,,
2023-01,4800562050118,CO-ALEVA TAB 10MG/.5MG,,
2023-01,4806521160294,CO-ALTRIA (MONTELUKAST SODIUM + LEVOCITIRIZINE DEHYDROCHLORIDE) 10MG/5MG TAB,,
2023-01,4800319851050,CO-DIOVAN (VALSARTAN HYDROCHLOROTHIAZIDE) 80MG/12.5MG TAB,,
2023-01,8850006320501,COLGATE AMINO POWDER 140G,,
2023-01,8850006321133,COLGATE AMINO POWDER 37G,,
2023-01,8850006320518,COLGATE AMINO POWDER 74G,,
2023-01,8850006327463,COLGATE TRIPLE ACTION 169 FOR 2 TUBES,,
2023-01,16594159,COMMODE CHAIR W/O WHEELS,,
2023-01,21904530,COMMODE CHAIR WITH WHEELS,,
2023-01,4800261123823,CONSAC (TOBRAMYCIN) 5ML OPTHALMIC SOL&#039;N,,
2023-01,4807788349088,CONZACE 9+1 CAP,,
2023-01,4807788405043,CONZACE CAP,,
2023-01,4806504653348,CORVELAM 800MG (SEVELAMER CARBONATE) TAB,,
2023-01,91709035,COS-MED BLOOD TRANSFUSION SET,,
2023-01,4806529431112,COUXIN (AMBROXOL HCI) 30MG TAB,,
2023-01,4806529430047,COUXIN (AMBROXOL) 15MG/5ML SYR 60ML,,
2023-01,55172578,CRUTCHES MEDIUM 5&#039;7-5&#039;10,,
2023-01,93063151044,"CRUTCHES SMALL 5&#039;2""-5&#039;6""",,
2023-01,4800306590078,DAFLON (DIOSMIN + HEPERIDIN) 500MG TAB,,
2023-01,4800346002074,DAKTARIN ORAL GEL 3.5g,,
2023-01,4806534770008,DANZEDIN 80000 EC TAB,,
2023-01,4807788406019,DAZOMET (METRONIDAZOLE) 500MG TAB,,
2023-01,4807788535771,DECILONE FORTE 4MG TAB,,
2023-01,4807788556738,DECOLGEN FORTE (PHENYLEPROPANOLAMINE HCI + CHLORPHENAMINE MALEATE + PARACETAMOL,,
2023-01,4807788658975,DECOLGEN NO DROWSE (PHENYLEPROPANOLAMINE HCI + PARACETAMOL,,
2023-01,29314057013711,DEQUADIN LOZENGES (DEQUALINIUM CHLORIDE) ORANGE,,
2023-01,8904220114719,DERMAZOLE SHAMPOO 20MG SACHET 8ML,,
2023-01,1900010022,DERMOTRIM (CLOTRIMAZOLE) 10MG/G CREAM,,
2023-01,4800333160824,DERMOVATE (CLOBETASOL PROPIONATE) 5G CREAM,,
2023-01,4806524140835,DERPSON (PREDNISONE) 5MG TAB,,
2023-01,4806503121336,DIABEATS (GLIMEPERIDE) 2MG TAB,,
2023-01,4800301902692,DIACEL (DICYCLOVERINE) 10MG/5ML 60ML SYR,,
2023-01,4806524147926,DIACURE (LOPERAMIDE) 2MG CAP,,
2023-01,4800306591013,DIAMICRON MR (GLICAZIDE) 60MG TAB,,
2023-01,4801962113106,DIANE 35 TAB 21&#039;..,,
2023-01,4800301903132,DIASTATIN (SIMVASTATIN) 40MG TAB,,
2023-01,4807788048462,DIATABS (LOPERAMIDE) CAP,,
2023-01,8904180801162,DICTAS (DICLOFENAC SODIUM) 50MG,,
2023-01,4806529430245,DICYCLOVERINE 10MG/5ML 60ML,,
2023-01,9314057002629,DIFFLAM LOZENGES (BENZYDAMINE HYDROCHLORIDE) 3MG,,
2023-01,4806530870108,DIGITAL THERMOMETER (INDOPLAS,,
2023-01,4800319890035,DIOVAN CAP 80MG,,
2023-01,986033331456,DISP SYRINGE 3CC PROHEALTH,,
2023-01,4807788530882,DISUDRIN 60ML SYR,,
2023-01,4807788530875,DISUDRIN DRP 10ML,,
2023-01,27161753,DOCOR 250 (HYDROCORTISONE SODIUM SUCCINATE) 250MG/ML VIAL,,
2023-01,4807788519290,DOLAN FP FORTE 200MG 60ML,,
2023-01,4800346002647,DOLCET (TRAMADOL HCI + PARACETAMOL) 37.5/325MG TAB,,
2023-01,4807788407375,DOLFENAL (MEFENAMIC ACID) 500MG,,
2023-01,4800253243850,DOLO NEUROBION(PARACETAMOL + VITAMIN B1+ VITAMIN B6 + VITAMIN B12) TAB,,
2023-01,4800888154354,DOVE STRAIGHT & SILKY 170ML,,
2023-01,8717644190494,DOVE WHITE BEAUTY BAR 100G,,
2023-01,8717163616444,DOVE WHITE BEAUTY BAR 135G,,
2023-01,4807788563095,DOXOFIX (DOXOFYLLINE) 400MG TAB,,
2023-01,4800003492576,DR. KAUFMANN IR SULFUR WHITE 80G,,
2023-01,4800011179063,DR. S WONG&#039;S SULFUR SOAP 135G,,
2023-01,4800011178769,DR. S WONG&#039;S SULFUR W/ ALOE VERA SOAP 135G,,
2023-01,4800011178745,DR. S WONG&#039;S SULFUR W/ ALOE VERA SOAP 80G,,
2023-01,4807788416476,DRENEX 3MG TAB,,
2023-01,90392780266,DROPPER,,
2023-01,4807788050236,DUAVENT P-NEB 500MCG (IPRATROPRIUM + SALBUTAMOL,,
2023-01,4800136390039,DULCOLAX SUPP ADULT 10MG,,
2023-01,4800333162446,DUODART (DUTASTERIDE TAMSULOSIN HCL) 500/400MCGCAP,,
2023-01,4806530220309,DUOTRAM (PARA + TRAMA HCL) 325MG/37.5MG TAB,,
2023-01,4800286242646,DUPHASTON(DYDROGESTERONE) 10MG TAB,,
2023-01,4807788519856,E-ZINC SYR 60ML,,
2023-01,4800562011812,ECTRIN 300 MG CAP,,
2023-01,4800011132945,EFFICASCENT EXTREME 100ML,,
2023-01,4800011132938,EFFICASCENT EXTREME 50ML,,
2023-01,48035156,EFFICASCENT OIL EXTRA STRENGTH 25ML,,
2023-01,4800011133430,EFFICASCENT OIL EXTRA STRENGTH 50ML,,
2023-01,4800011132921,EFFICASCENT OIL EXTREME25ML,,
2023-01,4800011139401,EFFICASCENT RELAXSCENT OIL 3ML,,
2023-01,4800011139418,EFFICASCENT RELAXSCENT OIL 6ML,,
2023-01,80475628042,ELASTIC BANDAGE 3x5,,
2023-01,29682409253,ELASTIC BANDAGE 4x5,,
2023-01,4806524147131,EMICOX (CELECOXIB) 200MG,,
2023-01,4807788410016,ENERVON 30s TAB,,
2023-01,4800360302204,ENERVON TAB,,
2023-01,4806527192664,ENOCEE (ASCORBIC ACID) 500MG TAB,,
2023-01,8886451003812,ENSURE GOLD VANILLA 400G,,
2023-01,4806511171095,EPERISONE HCL (PERISPA) 50MG,,
2023-01,4800488958970,EQ DRY L 32+2,,
2023-01,4800488958932,EQ DRY M 18+1,,
2023-01,4800488958949,EQ DRY M 36+2,,
2023-01,4800488958789,EQ DRY M 4&#039;S,,
2023-01,4800488958994,EQ DRY XL 14+1,,
2023-01,4800488958802,EQ DRY XL 4&#039;S,,
2023-01,4800488958819,EQ DRY XXL 3&#039;S,,
2023-01,4800136730019,ERCEFLORA (BASILLUS CLAUSII) ORAL SOLUTION 5ML,,
2023-01,4800003439557,ESKINOL CLASSIC W/ GRAINS 225L,,
2023-01,8904186010063,ESOTAZ (ESOMEPRAZOLE) 40MG CAP,,
2023-01,4800136060062,ESSENTIALE FORTE CAP,,
2023-01,4806504087242,EURIVIT-M (MULTIVITAMINS + MINERALS) TAB,,
2023-01,4800253240675,EUTHYROX (LEVOTHYROXINE) 100MCG TAB,,
2023-01,4800253240668,EUTHYROX (LEVOTHYROXINE) 50MCG TAB,,
2023-01,4800253240644,EUTHYROX 25MCG TAB,,
2023-01,4807788558381,EXFLEM (ACETYLCYSTEINE) 600MG SACH,,
2023-01,4807788519870,EXPEL 15MG SYR 60ML,,
2023-01,4807788519887,EXPEL 6MG DROP 15ML,,
2023-01,8885015220115,EYE MO BLUE,,
2023-01,8885015220122,EYE MO RED EYE FORMULA 7.5ML,,
2023-01,4809011398160,EYEBERRY CAP,,
2023-01,4806518920054,FASTUM GEL 30G,,
2023-01,8904159620923,FEBUDAY-40 (FEBUXOSTAT) 40MG TAB,,
2023-01,1900010258,FEFOSAPH (DRIED FERROUS SULFATE FOLIC ACID) 300MG/250MCG,,
2023-01,4809013708738,FELOSTAL (FELODIPINE) 5MG TAB,,
2023-01,4806524781045,FELOSTAL ER-10 (FELODIPINE) 10MG ER TAB,,
2023-01,4806502352588,FEMME FACIAL TISSUE UNSCENTED,,
2023-01,4806502359914,FEMME INTERFOLDED PAPER TOWEL 1PLY,,
2023-01,4806527190882,FENOBRIT( FENOFIBRATE) 200MG,,
2023-01,4806035211581,FENOCARE (FENOFIBRATE) 200MG CAP,,
2023-01,4806521160591,FENOSTAT 10MG/160MG TAB,,
2023-01,4807788058034,FERLIN DROPS 15ML,,
2023-01,4806529430337,FERLUM PLUS (FERROUS SULFATE + FOLIC ACID) 186MG/400MCG CAP,,
2023-01,4806502367223,FERN-C PLUS (SODIUM ASCORBATE) CAP,,
2023-01,4806505142124,FERRICORE (FERROUS SULFATE) 325MG TAB,,
2023-01,54142885510,FERSELLE,,
2023-01,4800338585165,FEVRAL (IBUPROFEN) 200MG TAB,,
2023-01,4806789010003,FISSAN PRICKLY HEAT POWDER 50ML,,
2023-01,4800136590026,FLAGYL ORALSUSP 60ML,,
2023-01,4806513980114,FLAMACOX 200MG CAP,,
2023-01,4800281329632,FLANAX FORTE 550MG TAB,,
2023-01,4807788566409,FLOTERA (LACTOBACILLUS REUTERI) CHEWABLE TAB,,
2023-01,4807788571519,FLOTERA 5ML DRP,,
2023-01,4800308731318,FLUIMUCIL (ACETYLCYTEINE) 200MG,,
2023-01,4800308991491,FLUIMUCIL 600MG TAB,,
2023-01,4800308731172,FLUIMUCIL GRAN (ACETYLCYTEINE) 100MG,,
2023-01,4806517242362,FOLART CAP,,
2023-01,34335010350,FOLEY CATH 14,,
2023-01,15291549203,FOLEY CATH 16,,
2023-01,93760857537,FOLEY CATH FR14,,
2023-01,4806524147896,FOLIZ (FOLIC ACID) 5MG CAP,,
2023-01,4806505141387,FORMET (METFORMIN) 500MG TAB,,
2023-01,4806529570316,FORTIS VITAMINS (VITAMIN B-COMPLEX) 100MG/5MG/50MCG TAB,,
2023-01,4800234406465,FORXIGA (DAPAGLIFLOZIN) 10MG,,
2023-01,4806518550145,FUNGISOL (BENZOIC ACID + SALICYLIC ACID) 4ML,,
2023-01,4807788552167,FUNXION (PREGABALIN) 75MG CAP,,
2023-01,4806520351105,FUSEDEX (FUROSEMIDE) 40MG TAB,,
2023-01,4800319015155,GALVUSMET (VILDAGLIPTIN + METFORMIN) 50/500MG TAB,,
2023-01,4803925061141,GATORADE BLUE BOLT 500ML,,
2023-01,4803925061127,GATORADE ORANGE CHILL 500ML,,
2023-01,4803925061103,GATORADE TROPICAL FRUIT 500ML,,
2023-01,4806526296813,GAUZE PAD 3X3 STERILE (PARTNERS,,
2023-01,6100010004,GAUZE PAD 4X4 TRUCARE,,
2023-01,5000158071155,GAVISCON DOUBLE ACTION SAC 10ML,,
2023-01,5000158071162,GAVISCON DOUBLE ACTION TAB,,
2023-01,4801002903568,GAVISCON TABLET,,
2023-01,4806533600337,GENTACARE (GENTAMICIN) 80MG/2ML (40MG/ML) I.M./I.V.,,
2023-01,6920557238456,GENTAM (GENTAMICIN) 80MG/2ML (40MG/ML) 2ML AMP,,
2023-01,4806529710057,GETZAR (LOSARTAN POTASSIUM) 50MG TAB,,
2023-01,4987176092267,GILLETE RAZOR BLUE 2 FLEXI,,
2023-01,4806523431040,GIRAN-16 (CANDESARTAN) 16MG TAB,,
2023-01,4806523431033,GIRAN-8 (CANDESARTAN) 8MG TAB,,
2023-01,4806517790207,GLIMESYN (GLIMEPIRIDE) 2MG TAB,,
2023-01,43182085938,GLOMED LATEX GLOVES MEDIUM,,
2023-01,46454312761,GLOMED LATEX GLOVES SMALL,,
2023-01,4807788729989,GLUBITOR OD (GLICLAZIDE) 60MG PR TAB,,
2023-01,8427030007588,GLUCERNA VANILLA 900G,,
2023-01,4807788544650,GLUMET (METFORMIN HCI) 1G,,
2023-01,4807788402202,GLUMET (METFORMIN HCI) 500MG TAB,,
2023-01,4800292173019,GLYXAMBI FC (EMPAGLIFLOZIN + LINAGLIPTIN) 10MG/5MG TAB,,
2023-01,4800292173026,GLYXAMBI FC TAB 25MG/5MG,,
2023-01,8904180810744,GORTIZONE (HYDROCORTISONE) 250MG IM/IV,,
2023-01,1000200053,GOUTSAPH (COLCHICINE) 500MCG TAB,,
2023-01,4800047860706,GREENCROSS 40% W/ MOIST 500ML,,
2023-01,4800047820236,GREENCROSS 70% 150ML,,
2023-01,4800047820014,GREENCROSS 70% 500ML,,
2023-01,4800047820243,GREENCROSS 70% SOLUTION W/ MOIST. 150ML,,
2023-01,4800047820199,GREENCROSS 70% W/ MOIST 250ML,,
2023-01,4800047820182,GREENCROSS 70% W/ MOIST 500ML,,
2023-01,4800047820250,GREENCROSS 70% W/ MOIST 60ML,,
2023-01,4807788519368,GROWEE PEDTECH (MULTIVITAMINS) 15ML DROP,,
2023-01,4800135010853,GYNEPRO 60ML +MODESS SET,,
2023-01,4800135005217,GYNEPRO ULTRA PRO FEM WASH 150ML,,
2023-01,4806513103018,HAILEY TAWAS SOFT & SCENTED,,
2023-01,4806513103353,HAILEY TAWAS UNSCENTED,,
2023-01,4801288820153,HAPPY ABSORBENT COTTON 10G,,
2023-01,4801288822003,HAPPY ABSORBENT COTTON 150G,,
2023-01,4801288820504,HAPPY ABSORBENT COTTON 40G,,
2023-01,1000200098,HARVIMIDE (LOPERAMIDE) 2MG CAP,,
2023-01,4807788067067,HEMOSTAN (TRANEXAMIC ACID) 500MG CAP,,
2023-01,4806527191230,HEMOSTAP) TRANEXAMIC ACID 500MG CAP,,
2023-01,4800348110012,HERACLENE (DIBENCOZIDE) 1MG CAP,,
2023-01,4806504850136,HIDRASEC 100MG CAP,,
2023-01,4807788520463,HIMOX (AMOXICILLIN) 500MG CAP,,
2023-01,4806529430269,HISTAZYN (DIPHENHYDRAMINE) 50MG CAP,,
2023-01,4800573055195,HIVENT PLUS (SALBUTAMOL+IPRATROPIUM BROMIDE) 2.5MG+500MCG/2.5ML AMP,,
2023-01,77965633,HOSPITAL BED 2-CRANKS MANUAL,,
2023-01,4807788410603,HYDRITE GRANULES (ORAL REHYDRATION SALTS) APPLE SAC,,
2023-01,4806503540007,HYGEEN COTTON BALLS 50s,,
2023-01,4800488960379,HYPANTS ADULT DIAPER LARGE 10s,,
2023-01,500001000123,I-SHIELD ICE BAG 6&#039;,,
2023-01,8992916232038,IBERET ACTIVE (MULTIVITAMINS + IRON) TAB,,
2023-01,4806517790252,ICOX (CELCOXIB) 200MG CAP,,
2023-01,4807788519399,IMMUNOSIN (INOSIPLEX) 250MG/5ML SYRUP,,
2023-01,4807788562593,IMMUNPRO 500MG TAB,,
2023-01,4800346000179,IMODIUM (LOPERAMIDE) 2MG CAP,,
2023-01,8994388106619,INBUMIN 250MG (STRIATIN) FC TAB,,
2023-01,4800234407332,INDERAL (PROPRANOLOL) 40MG TAB,,
2023-01,4806530871211,INDOPLAS DISP SYRINGE 1CC,,
2023-01,1900010113,INHIBITA (OMEPRAZOLE) 40MG EC TAB,,
2023-01,4806522630659,INTERPHIL (IRBESARTAN) 150MG TAB,,
2023-01,4806522630642,INTERPHIL (IRBESARTAN) 300MG TAB,,
2023-01,4800011159041,IPI (ACEITE DE MANZANILLA) 100ML,,
2023-01,48033053,IPI (ACEITE DE MANZANILLA) 25ML,,
2023-01,4800011159034,IPI (ACEITE DE MANZANILLA) 50ML,,
2023-01,BO-0364,IRIS SCISSOR OLTEN 4 1/2,,
2023-01,4800304051496,ISORDIL SUBL TAB 5MG,,
2023-01,4806517790276,ITORVAZ 40 (ATORVASTATIN) 40MG FC TAB,,
2023-01,4800489118250,JANUMET (SITAGLIPTIN + METFORMIN) 50MG/500MG TAB,,
2023-01,4800489112340,JANUVIA TAB 50MG,,
2023-01,4806509690539,JIMM&#039;S 5 IN 1 COFFEE 21G,,
2023-01,4806509690607,JIMM&#039;S 7IN1 COFFEE MIX,,
2023-01,4801010501312,JOHNSONS BABY OIL 125ML,,
2023-01,4801010501213,JOHNSONS BABY OIL 50ML,,
2023-01,4801010504306,JOHNSONS BABY OIL ALOE VERA 125ML,,
2023-01,48038065,JOHNSONS BABY OIL ALOE VERA 25ML,,
2023-01,4801010504207,JOHNSONS BABY OIL ALOE VERA 50ML,,
2023-01,4801010503323,JOHNSONS BABY OIL LITE 125ML,,
2023-01,4801010503224,JOHNSONS BABY OIL LITE 50ML,,
2023-01,48040693,JOHNSONS BLOSSOMS BABY POWDER 25G,,
2023-01,4801010104209,JOHNSONS MILK+RICE BABY POWDER 100G,,
2023-01,48032742,JOHNSONS WHITE BABY POWDER 25G,,
2023-01,4806508321885,K-LYTE (POTASSIUM CHLORIDE) 600MG TAB,,
2023-01,4806522631175,KALIUM DURULES TAB 750MG,,
2023-01,4800012341094,KAMILLOSAN NM SPRAY 370.5MG 15ML,,
2023-01,4806505140724,KARVIDOL (CARVEDILOL) 25MG TAB,,
2023-01,4806523302067,KATHREX (COTRIMOXAZOLE) 960MG TAB,,
2023-01,4809010332776,KATIALIS M 15G,,
2023-01,4809010332769,KATIALIS S 5G,,
2023-01,4809012413466,KATINKO INHALER,,
2023-01,4809012413039,KATINKO JAR 30G,,
2023-01,4809012413046,KATINKO TINS 10G,,
2023-01,4806517790023,KENZAR (LOSARTAN POTASSIUM) 50MG FC TAB,,
2023-01,4806518661209,KETESSE (DEXKETOPROFEN) 25MG TAB,,
2023-01,2345665555556,KIDNEY CARE CAP,,
2023-01,74329007,KING MED DISPOSABLE SYRINGE 10CC,,
2023-01,96619926626,KIRKLAND FISH OIL 1000IU,,
2023-01,4806525170701,KLARITHIX (CLARITHROMYCIN) 500MG FCT,,
2023-01,4807788518767,KLAZ (CLARITHROMYCIN) 250MG/5ML SUS 70ML,,
2023-01,4719863691301,KNEE SUPPORT (ELASTIC) L,,
2023-01,4717237020379,KNEE SUPPORT 704 IM XL,,
2023-01,4809014128672,KOJIESAN CLASSIC 3s 65G,,
2023-01,4987072081808,KOOL FEVER BABY 2&#039;S,,
2023-01,4987072005538,KOOL FEVER KIDS 2&#039;S,,
2023-01,4807788079466,KREMIL S (ALUMINUM HYDROXIDE + MAGNESIUM HYDROXIDE + SIMETICONE) TAB,,
2023-01,4807788550958,KREMIL S ADVANCE (FAMOTIDINE + CALCIUM CARBONATE + MAGNESIUM HYDROXIDE) TAB,,
2023-01,4800136960010,LACTACYD PRO SENSITIVE 60ML,,
2023-01,4800064630023,LADY PILLS (ETHINYL ESTRADIOL + LEVONORGESTEROL,,
2023-01,4806506315428,LAMPEIN JUMBO PACK L 54S,,
2023-01,4806506315435,LAMPEIN JUMBO PACK XL 48s,,
2023-01,4806524840018,LANOXIN (DIGOXIN) TAB 0.25MG,,
2023-01,4800136650027,LASIX TAB 40MG,,
2023-01,8996001600399,LE MINERALE 1.5ML,,
2023-01,8996001600375,LE MINERALE 330ML,,
2023-01,8996001600764,LE MINERALE 5L,,
2023-01,8996001600269,LE MINERALE 600ML,,
2023-01,4806523302289,LEUKOREX (MONTELUKAST SODIUM) 10MG FC TAB,,
2023-01,1210001136144,LIPITOR TAB 20MG,,
2023-01,8850007814290,LISTERINE COOL MINT 100ML,,
2023-01,9310059050071,LISTERINE COOL MINT 250ML,,
2023-01,8850007814313,LISTERINE FRESH BURST 100ML,,
2023-01,8850007814382,LISTERINE TOTAL CARE 100ML,,
2023-01,8850007812173,LISTERINE TOTAL CARE 250ML,,
2023-01,4809012254458,LIVERAIDE (SILYMARIN) CAP,,
2023-01,4807788522078,LIVERPRIME (SILYBIN-PHOSPHATIDYLCHOLINE + MULTIVITAMINS + ZINC) CAP,,
2023-01,8995227502234,LOLA REMEDIOS,,
2023-01,4800304940011,LOMOTIL (LOPERAMIDE HCI) TAB,,
2023-01,6926499021170,LS BL SOAP 115G,,
2023-01,4806517790528,LUSTATIN 10 (ROSUVASTATIN CALCIUM) 10MG TAB,,
2023-01,4806517790627,LUSTATIN 20 (ROSUVASTATIN CALCIUM) 20MG TAB,,
2023-01,9556111408088,LYSOL CRISP LINEN 510G,,
2023-01,1000010199,MAALOX (ALUMINUM HYDROXIDE MAGNESIUM HYDROXIDE SIMETHECONE) TAB,,
2023-01,4800136620112,MAALOX PLUS (ALUMINUM HYDROXIDE MAGNESIUM HYDROXIDE SIMETHECONE) TAB,,
2023-01,4800136620013,MAALOX SUSP. 180ML,,
2023-01,4807788741950,MAXVIT (MULTIVITAMINS MINERALS+GINSENG+ROYAL JELLY) CAP 6+1 SET,,
2023-01,4806524140651,MECID (MEFENAMIC) 500MG CAP,,
2023-01,61792502891,MEDICINE CUP,,
2023-01,4807788545121,MEDICOL ADVANCE 400MG (IBUPROFEN,,
2023-01,4807788417206,MEDICOL ADVANCE SOFTGEL (IBUPROFEN) CAP,,
2023-01,4806501130156,MEDIFORTAN CAP,,
2023-01,4806501130125,MEDIFORTAN-AS (MULTIVITAMINS + BUCLIZINE HCI ) CAP,,
2023-01,4800067551165,MEDIPLAST BANTAM PLASTIC STRIPS,,
2023-01,1900010249,MELOTAB (MELOXICAM) 15MG TAB,,
2023-01,4800067552179,MENTOPAS PLASTER 1X10,,
2023-01,0189061125300878,MEOXICLAV-D5 (CO-AMOXICLAV) 457MG/5ML SUSP,,
2023-01,1000010494,MEPTIN TAB 25MG,,
2023-01,4806505141240,METO (METOCLOPRAMIDE) 10MG TAB,,
2023-01,4806503124566,MIA FORTE (SAMBONG LEAF) TAB,,
2023-01,4800292138032,MICARDIS 40MG TAB,,
2023-01,4800292138087,MICARDIS PLUS 40MG TAB,,
2023-01,88124903602,MICROPORE 1 INCH,,
2023-01,79206034723,MICROPORE 1/2 INCH,,
2023-01,4806507310606,MIDOL 200MG TAB,,
2023-01,4809010508898,MILCU DEO POWDER 40G,,
2023-01,4809010508812,MILCU DEO POWDER 80G,,
2023-01,4801010327103,MODESS ALL NIGHT W/WINGS 4s,,
2023-01,8850007371403,MODESS REGULAR W/WINGS 8s,,
2023-01,8904172922233,MONTI PLUS (MONTELUKAST + LEVOCITIRIZINE) 10/5MG TAB,,
2023-01,8964001206316,MONTIGET (MONTELUKAST SODIUM) 5MG TAB,,
2023-01,8964001206286,MONTIGET (MONTELUKAST SODIUM) GRANULES,,
2023-01,4807788530622,MONTRA 30MG CAP,,
2023-01,96284025,MOPIBAC (MUPIROCIN OINTMENT) 2% 5G TUBE,,
2023-01,4800346000193,MOTILIUM (DOMPERIDONE) 10MG TAB,,
2023-01,4807788535702,MOVELAX 3.3MG/5ML 120ML,,
2023-01,4800136340010,MUCOSOLVAN 75MG CAP,,
2023-01,4800136340072,MUCOSOLVAN TAB 30MG,,
2023-01,4800369000675,MUCOTUSS FORTE (PHENYLPROPANOLAMINE HCL + CHLORPHENIRAMINE MALEATE + PARACETAMOL + DEXTROMETHORPHAN,,
2023-01,4807788586957,MUPICIN 10G (MUPIROCIN) OINTMENT,,
2023-01,4806533601587,MUPIROW (MUPIROCIN) 20MG/G OINTMENT 5G,,
2023-01,4809013625004,MX3 CAP,,
2023-01,4809013625080,MX3 COFFEE,,
2023-01,4806523303095,MYDOXY (DOXYCYCLINE) 100MG CAP,,
2023-01,4800324090277,MYONAL TAB,,
2023-01,4800135000328,MYRA 400IU (VITAMIN E) 30s CAP,,
2023-01,4800135010488,MYRA 400IU 14S FOR 149,,
2023-01,4800135003176,MYRA CLASSIC MOISTURIZING LOTION 100ML,,
2023-01,4800135003183,MYRA CLASSIC MOISTURIZING LOTION 200ML,,
2023-01,4800135003169,MYRA CLASSIC MOISTURIZING LOTION 50ML,,
2023-01,4800135003251,MYRA CLASSIC WHITENING LOTION 100ML,,
2023-01,4800135003268,MYRA CLASSIC WHITENING LOTION 200ML,,
2023-01,4800135003244,MYRA CLASSIC WHITENING LOTION 50ML,,
2023-01,4800135011591,MYRA E (VITAMIN E) 12+2 SULIT PACK,,
2023-01,4800135000311,MYRA E 400 CAP,,
2023-01,4806523302487,MYREX SYR 60ML,,
2023-01,4807788560438,NAFARIN A TAB,,
2023-01,4806532560151,NASATAPP (PHENYLPROPANOLAMINE + BROMPHENIRAMINE HCL) 12.5MG 60ML SYRUP,,
2023-01,4806532560489,NASATAPP NO DROWSE (PARACETAMOL + PHENYLEPHRINE HYDROCHLORIDE) 500MG/25MG TAB,,
2023-01,4807788696281,NASOFLO NASAL SPRAY 50MCG,,
2023-01,4800348112740,NATRAVOX (CO-AMOXICLAV) 457MG/5ML 70ML,,
2023-01,4800301902821,NATRAZOL (LOSARTAN) 100MG TAB,,
2023-01,8906005114990,NAXCIL-600 (ACETYLCYSTEINE) 600MG POWDER,,
2023-01,4806523246118,NEB KIT ACCUMAX,,
2023-01,8964001206330,NEBIL 5MG (NEBIVOLOL) TAB,,
2023-01,4806518661230,NEBILET 5MG TAB,,
2023-01,500010208,NEBULIZER (SESEMED,,
2023-01,94255989100,NEBULIZER KIT RESPISENZ,,
2023-01,4800289820711,NEOBLOC (METOPROLOL) 50MG,,
2023-01,4800289821510,NEOFORM 500MG TAB,,
2023-01,4807788559593,NEOZEP FORTE (PHENYLEPHRINE HCL + PARACETAMOL) TAB,,
2023-01,4807788560650,NEOZEP NO-DROWSE (PHENYLEPHRINE HCL + PARACETAMOL) TAB,,
2023-01,4807788519900,NEOZEP SYRUP 60ML,,
2023-01,4806524781854,NEPHORMIN TAB,,
2023-01,8885010432315,NEUFEMME CAP,,
2023-01,4800253243836,NEUROBION TAB,,
2023-01,4807788535542,NEUROGEN E TAB,,
2023-01,4806520083006,NEUROZ (PREGABALIN) 75MG CAP,,
2023-01,32299253505,NGT F18,,
2023-01,8901302063286,NITROFIX SR (ISOSORBIDE MONONITRATE) 30MG TAB,,
2023-01,42300052,NIVEA EXTRA WHITE SERUM ROLL ON 20ML,,
2023-01,4800021003898,NIVEA MEN COOL KICK ROLL-ON 50ML X2,,
2023-01,4005808837472,NIVEA ROLL ON EXTRA WHITENING 50ML,,
2023-01,4800021100262,NIVEA SAKURA ROLL-ON 50ML X2,,
2023-01,4005808353996,NIVEA WHITE & REPAIR 250ML LOTION,,
2023-01,4800346000155,NIZORAL CREAM 3.5 G,,
2023-01,4800289822500,NOPHLEGM (ACETYLCYSTEINE) 600MG POWDER ORAL SOLUTION,,
2023-01,4800314100122,NORGESIC FORTE TAB,,
2023-01,4806508329355,NORMANAL 450MG/50MG TAB,,
2023-01,4800304050079,NORVASC (AMLODIPINE BESYLATE) 10MG TAB,,
2023-01,4800304050031,NORVASC (AMLODIPINE BESYLATE) 5MG TAB,,
2023-01,8904179014702,NOVASARTAN (LOSARTAN K) 50MG FC TAB,,
2023-01,4800488959328,NURSY BABY WIPES SCENTED 66&#039;S,,
2023-01,4800488959878,NURSY BABY WIPES SCENTED 90&#039;S,,
2023-01,4800488958154,NURSY BABY WIPES UNSCENTED 30&#039;S,,
2023-01,4800488958147,NURSY BABY WIPES UNSCENTED 66&#039;S,,
2023-01,4800488958116,NURSY BABY WIPES UNSCENTED 90,,
2023-01,4807788519771,NUTRILIN SYRUP 120ML,,
2023-01,4806517790450,NUVERT (BETAHISTINE HCL) 16MG FC TAB,,
2023-01,4807788525574,OBIMIN PLUS (MULTIVITAMINS + MINERALS + DHA+ EPA) CAP,,
2023-01,4801234130480,OFF KIDS LOTION 100ML,,
2023-01,48038379,OFF KIDS SAC 6ML,,
2023-01,48031837,OFF OVERTIME 50ML,,
2023-01,4806527193784,OFPLEMED FORTE (VITEX NEGUNDO L LAGUNDI LEAF) 600MG TAB,,
2023-01,4809015142035,OHHIRAs PROPOLIS 600MG CAP,,
2023-01,4800011145303,OMEGA ADVANCE SPRAY 50ML,,
2023-01,4800011736013,OMEGA PAIN KILLER 15ML,,
2023-01,4800011736037,OMEGA PAIN KILLER 60ML,,
2023-01,4806524142327,OMEPHIL-20 (OMEPRAZOLE) 20MG CAP,,
2023-01,4975479495304,OMRON AUTO BP MONITOR HEM-8712,,
2023-01,4806506749223,ORAHEX ALCOHOL FREE 120ML,,
2023-01,4806506740022,ORAHEX REGULAR 120ML,,
2023-01,1900010155,ORANOL ( PROPRANOLOL HCL) 40MG TAB,,
2023-01,4806505141561,ORANOL (PROPANOLOL HYDROCHLORIDE) 10MG TAB,,
2023-01,99875334642,OXYGEN TANK 15LBS,,
2023-01,4808888413594,PALMOLIVE INTENSIVE MOISTURE 90ML,,
2023-01,8906045886284,PANTO PLUS (PANTOPRAZOLE + DOMPERIDONE) 40MG/30MG TAB 30,,
2023-01,4806513980336,PANTOVIC 40MG EC TAB,,
2023-01,8904172923254,PAROPHEN (PARACETAMOL + ORPHENADRINE) TAB,,
2023-01,4806526299388,PARTNERS LUBRICATING JELLY 5G,,
2023-01,4806512430016,PAU LINIMENT 30ML,,
2023-01,4806512430009,PAU LINIMENT 60ML,,
2023-01,4806512120146,PECOF SYRUP 100ML,,
2023-01,4806501132013,PEDIAFORTAN AS 120ML (MULTIVITAMINS + BUCLIZINE HCL + LYSINE HCL) SYR,,
2023-01,4806501130019,PEDIAFORTAN AS SYR 60ML,,
2023-01,4800221736827,PEDIALYTE MILD 30 GRAPES 500ML,,
2023-01,4807788413321,PEDIAMOX (AMOXICILLIN) 100MG/ML 10ML,,
2023-01,4807788413338,PEDIAMOX (AMOXICILLIN) 250MG/5ML SUSP 60ML,,
2023-01,4806510690573,PEDZINC PLUS SY 120ML,,
2023-01,63940596,PENLIGHT RED,,
2023-01,8904184004972,PERGLIM M-2 (GLIMEPERIDE METFORMIN HCl) 2MG/500MG TAB,,
2023-01,4800135005705,PH CARE COOLING COMFORT 50ML,,
2023-01,4800135005903,PH CARE FLORAL CLEAN 50ML,,
2023-01,4800204506027,PHAREX VIT BCOMPLEX (VITAMIN B1 + B6 + B12,,
2023-01,4806031903398,PHAREX VITAMIN (VITAMIN B1+B6+B12) 17+3 TAB NS,,
2023-01,4806524141108,PHILSTAT (SIMVASTATIN) 10MG F.C TAB,,
2023-01,41720005175,PLASTIC URINAL,,
2023-01,4809014678092,PLEMEX FORTE (VITEX NEGUNDO L. LAGUNDI LEAF) CAP,,
2023-01,4809014678047,PLEMEX FORTE 600MG/5ML 120ML,,
2023-01,4809014678054,PLEMEX FORTE 600MG/5ML 60ML,,
2023-01,4806523342568,PLETAXOL (CILOSTAZOL) 50MG TAB,,
2023-01,4807788414021,PLOGREL (CLOPIDOGREL) 75MG TAB,,
2023-01,4800261123755,POLY+NEO+DEXA EYE DROP (ISORE,,
2023-01,4800363011431,POLYNERV CAP 1000MG,,
2023-01,4800140000771,PONSTAN SF 500MG (MEFENAMIC ACID) CAP,,
2023-01,4806032201004,POTEN CEE PLUS ZINC (ASCORBIC ACID + ZINC,,
2023-01,4800204005612,POTEN-CEE SUGAR COATED TAB 500MG ..,,
2023-01,4806505754488,PRED 20 (PREDNISOLONE) 60ML,,
2023-01,4806524781113,PREDU-XL (TRIMETAZIDINE) 35MG MR TAB,,
2023-01,4806532560274,PRENAREX PLUS (MULTIVITIMINS+FOLIC ACID+IRON) CAP,,
2023-01,4806504269921,PREND (PREDNISONE) 20MG TAB,,
2023-01,4807788569738,PROGLIN 50MG TAB,,
2023-01,4807788618153,PROGLINMET (VILDAGLIPTIN + METFORMIN) 50/500MG TAB,,
2023-01,24830461,PROHEALTH NEBULIZER VMNB03,,
2023-01,4300010002,PROHEALTH PULSE OXIMETER,,
2023-01,71528104703,PROHEALTHCARE DISP. MASK,,
2023-01,4800363081182,PROLIX (PREDNISONE) 10MG 60ML SUSP.,,
2023-01,4800363081151,PROLIX (PREDNISONE) 20MG TAB,,
2023-01,1900010134,PROMETIN (METOPROLOL) 50MG TAB,,
2023-01,4806517790566,PRONERV (VITAMIN B COMPLEX) CAP,,
2023-01,4806516400992,PROPAN TLC 250ML,,
2023-01,4806516400985,PROPAN TLC SYR 120ML,,
2023-01,4800204031512,PROPAN W/. IRON (BUCLIZINE HCL + MULTIVITAMINS + MINERALS) CAP,,
2023-01,4800304990252,PROVERA 10MG TAB,,
2023-01,4806529302191,PURE PROTECT NATURAL SANITIZER 70% 500ML,,
2023-01,93070409,PYRESAPH (PARACETAMOL) 125MG/5ML 60ML,,
2023-01,8906002050963,QUANIL (CITICOLINE) 500MG TAB 30,,
2023-01,4806504654802,QUATROFOL (METHYLTETRAHYDROFOLIC ACID) CAPS,,
2023-01,4806523431330,RABAPHEN (DIPHENHYDRAMINE HCL) 50MG/ML 1ML AMP,,
2023-01,4806505140144,RANITEIN (RANITIDINE) 150MG TAB,,
2023-01,4800261123915,RAPIDAX (POLYMYXIN B SO4+NEOMYCIN SO4+DEXAMETHASONE) 5ML,,
2023-01,4809010740137,RDL FACIAL CLEANSER PAPAYA 150ML,,
2023-01,4809010740144,RDL FACIAL CLEANSER PAPAYA 75ML,,
2023-01,4809010740014,RDL3 60ML,,
2023-01,33835549,RECLINING WHEELCHAIR WITH COMMODE,,
2023-01,4809013427288,REFLUXID DUO (PANTOPRAZOLE SODIUM + DOMPERIDONE) 40MG/30MG SR CAP,,
2023-01,4806035205429,REGIVASC (AMLODIPINE BESILATE) 10MG TAB,,
2023-01,26046143,RELAXSAPH (IPRATROPIUM BROMIDE + SALBUTAMOL SULFATE) 200MCG/1MG PER ML 2.5ML AMP,,
2023-01,4800204013617,RELEAF(SAMBONG)FORTE 500MG,,
2023-01,4806511301218,REMEHIST (LORATADINE) 10MG TAB,,
2023-01,4806511990641,RENABAL (KETOANALOGUES + ESSENTIAL AMINO ACIDS) FC TAB,,
2023-01,4806504653164,RENAKULT CAP(PROBIOTIC,,
2023-01,4806504269952,RENALEAF (SAMBONG) 500MG TAB,,
2023-01,8964001206361,REVENTA 70MG TAB,,
2023-01,4807788522283,REVICON FORTE (MULTIVITAMINS + MINERALS + AMINO ACIDS) TAB,,
2023-01,4807788522290,REVICON FORTE TAB 30&#039;S BOT,,
2023-01,4807788571373,REXIDOL FTE TAB,,
2023-01,4800888158932,REXONA ROLL ON POWDER DRY BRIGHTENING 50ML,,
2023-01,48035583,RHEA AROMATIC SPIRIT OF AMMONIA 15ML,,
2023-01,4800067453513,RHEA HYDROGEN PEROXIDE 10VOL 120ML,,
2023-01,4800067453544,RHEA HYDROGEN PEROXIDE 20VOL 120ML,,
2023-01,4800067451700,RHEA POVIDONE IODINE 10% SOL 60ML,,
2023-01,4806511301287,RINITYN (LORATIDINE) 10MG TAB 5+5,,
2023-01,8964001206385,RISEK (OMEPRAZOLE) 40MG CAP 14,,
2023-01,8964001206378,RISEK CAP 20MG,,
2023-01,4806033300195,RM AMLODIPINE 10MG,,
2023-01,4806033300201,RM AMLODIPINE 5MG,,
2023-01,4807788562548,RM AMOXCILLIN 500MG CAP,,
2023-01,4806033300379,RM ATORVASTATIN 10MG TAB,,
2023-01,4806033300386,RM ATORVASTATIN 20MG TAB,,
2023-01,4806033300829,RM CLOPIDOGREL 75MG TAB,,
2023-01,4806033302731,RM COLCHICINE 500MG,,
2023-01,4806033305480,RM LOSARTAN 50MG TAB,,
2023-01,4806033304131,RM MEFENAMIC ACID 500MG TAB,,
2023-01,4800153300691,ROBIKIDS 250MG/5ML SUSPENSION 60ML,,
2023-01,4800318001883,ROBITUSSIN DM 120ML,,
2023-01,4800153953439,ROBITUSSIN DM 60ML,,
2023-01,4800153953262,ROBITUSSIN EXPECTORANT (GUAIFENESIN) 120ML,,
2023-01,4800153953828,ROBITUSSIN L-GEL (GUAIFENESIN) 200MG CAP,,
2023-01,4806518900391,ROBUST TAB 550MG,,
2023-01,8964001206422,ROVISTA (ROSUVASTATIN) 10MG TAB,,
2023-01,8964001206439,ROVISTA (ROSUVASTATIN)20MG TAB,,
2023-01,4800284162120,ROWATINEX CAP,,
2023-01,4902430935616,SAFEGUARD FLORAL PINK W/ ALOE 130G,,
2023-01,4902430951357,SAFEGUARD FLORAL PINK W/ ALOE 60G,,
2023-01,4902430934800,SAFEGUARD PURE WHITE 130G,,
2023-01,4902430945554,SAFEGUARD PURE WHITE 60G,,
2023-01,48003603022041,SALINASE DROP 30ML,,
2023-01,4800360275683,SALINASE NASAL SPRAY 30ML,,
2023-01,8935196509315-1,SALONPAS PLASTER 20s,,
2023-01,4800253243867,SANGOBION IRON+ (MULTIVITAMINS + MINERALS) CAP,,
2023-01,4806502351901,SANICARE BATHROOM TISSUE 1&#039;S,,
2023-01,4806502352397,SANICARE CLEANSING WIPES - ALOE 15 SHEETS,,
2023-01,4806502163849,SANICARE CLEANSING WIPES - ALOE 35+5 SH FREE,,
2023-01,4806502352380,SANICARE CLEANSING WIPES - ALOE 80 SHEETS,,
2023-01,4806502163917,SANICARE CLEANSING WIPES - LAVENDER 15 SHEETS,,
2023-01,4806502163924,SANICARE CLEANSING WIPES - LAVENDER 35+5 SHEETS,,
2023-01,4806502350072,SANICARE COTTON BALLS 150s,,
2023-01,4806502350034,SANICARE COTTON BUDS 200 STEM,,
2023-01,4806502350171,SANICARE COTTON BUDS 200 STEM CAN,,
2023-01,4806502351642,SANICARE FT ECONO BOX 140P 3PLY,,
2023-01,4806502359624,SANICARE KT REGULAR TWIN 2&#039;S,,
2023-01,4806502163979,SANICARE PLAYTIME WIPES - CRISP CUCUMBER 35SHEETS,,
2023-01,4806502163986,SANICARE PLAYTIME WIPES - CRISP CUCUMBER 80SHEETS,,
2023-01,24019699,SANITARY BALM (CAMPHOR+MENTHOL) 32G,,
2023-01,8906011513497,SANIX (CEFIXIME) 200MG TAB,,
2023-01,94571134,SAPHETOR (ETORICOXIB) 120MG FC TAB,,
2023-01,73682899,SAPHLECOX 400 (CELECOXIB) 400MG CAP,,
2023-01,1900010021,SAPHLOPID (CLOPIDOGREL) 75MG TAB,,
2023-01,78014183,SAPHLOR-50 (LOSARTAN) 50MG TAB,,
2023-01,25213478,SAPHORMIN T500 (METFORMIN HCL) 500MG TAB,,
2023-01,1900010203,SAPHRIDONE (DOMPERIDONE) 10MG TAB,,
2023-01,1900010138,SAPHRIN (ASPIRIN) 80MG TAB,,
2023-01,1000200071,SAPHROXOL (AMBROXOL HCI) 75MG CAP,,
2023-01,4800067642696,SEBO DE MACHO 25G,,
2023-01,8902399005746,SECUNDA (CEFUROXIME) 500MG CAP,,
2023-01,4806035208246,SELCEE (ASCORBIC ACID) 500MG,,
2023-01,21958939,SENOKOT (CALCIUM SENNOSIDES) 8.77MG TAB,,
2023-01,4800204022411,SENOKOT FORTE (CALCIUM SENNOSIDES) 17.54MG TAB,,
2023-01,8991991161332,SENSODYNE FRESHMINT 100G,,
2023-01,4800286231718,SERC 16MG TAB,,
2023-01,4809013427011,SEREMAX FORTE (PREGABALIN + MECOBALAMIN + ALPHA LIPOIC ACID) 75MG/750MCG/100MG CAP,,
2023-01,4800333169346,SERETIDE (SALMETEROL + FLUTICASONE PROP)25/50MCG MDI,,
2023-01,4800333169360,SERETIDE 25/250MCG MDI,,
2023-01,4800333169353,SERETIDE INHALER 25/125,,
2023-01,4800308765108,SILGRAM 750MG,,
2023-01,4806507831552,SILKA GREEN PAPAYA LOT 100ML,,
2023-01,4806507831545,SILKA GREEN PAPAYA LOT 50ML,,
2023-01,4806507832214,SILKA GREEN PAPAYA SOAP 65G,,
2023-01,4806507831088,SILKA ORANGE PAPAYA SOAP 135G,,
2023-01,4806507832481,SILKA ORANGE PAPAYA SOAP 65G,,
2023-01,4806507831064,SILKA ORANGE PAPAYA WHITENING LOTION 100ML,,
2023-01,4800318705286,SINECOD FORTE (BUTAMIRATE CITRATE) TAB 50MG,,
2023-01,4029799118167,SINUPRET FORTE DRAGEES,,
2023-01,4806506318832,SISTERS DAY MAXI REG 8+1,,
2023-01,4806506318955,SISTERS DRY MAXI NO WINGS,,
2023-01,4806506318856,SISTERS NIGHT PLUS 8&#039;S W/ WINGS,,
2023-01,4806506318863,SISTERS NIGHT PLUS HEAVY PLUS 8+1,,
2023-01,4806506318900,SISTERS OVERNIGHT DRY 4+1 W/ WINGS,,
2023-01,4806506318917,SISTERS PANTYLINER 20+2,,
2023-01,4806506318870,SISTERS PANTYLINER BLUE 8S,,
2023-01,4807788556370,SKELAN 550MG CAP,,
2023-01,4806503650263,SLEEPWELL (MELATONIN) 3MG CAP,,
2023-01,4807788402646,SOLMUX (CARBOCISTEINE) 500MG CAP,,
2023-01,4807788564191,SOLMUX ADVANCE (CARBOCISTEINE + ZINC) 500MG,,
2023-01,4807788730022,SOLMUX ADVANCE 5+1 FC TAB,,
2023-01,4807788557384,SOLMUX BRONCHO CAP,,
2023-01,4807788519696,SOLMUX FORTE 60ML SUSP,,
2023-01,4807788519702,SOLMUX PED TR 200MG SYR 60ML,,
2023-01,4806518661223,SPASMOMEN 40MG TAB,,
2023-01,72414791587,SPECIMEN COLLECTION KIT,,
2023-01,4806504654505,SPIRE 25MG TAB,,
2023-01,8906041275778,SPIRODEN (SPIRONOLACTONE) 25MG TAB,,
2023-01,4806517790597,SPIROFAR (SPIRONOLACTONE) 25MG TAB,,
2023-01,4806503124443,SQFEN (IBUPROFEN) 200MG/5ML 60ML SUSP,,
2023-01,4806524780291,STABETA 40 (PROPRANOLOL HCI) 40 MG TAB,,
2023-01,4806517971996,STERICORT (HYDROCORTISONE SODIUM SUCCINATE) 100MG IV/IM,,
2023-01,4806517970999,STERICORT (HYDROCORTISONE SODIUM SUCCINATE) 250MG IV/IM,,
2023-01,8994388106237,STIMUNO (PHYLLANTHUS NIRURI) 250MG CAP,,
2023-01,8994388106275,STIMUNO 25MG/5ML SYRUP 100ML,,
2023-01,8994388100563,STIMUNO 25MG/5ML SYRUP 60ML,,
2023-01,8851198048525,STREPSILS COOL 8s,,
2023-01,8851198078522,STREPSILS EXTRA STRONG (DICHLOROBENZYL ALCOHOL + AMYLMETACRESOL + ASCORBIC ACID,,
2023-01,8851198038526,STREPSILS LOZ (ORANGE) 8s,,
2023-01,6582773211,STRESS BALL,,
2023-01,4800153302374,STRESSTABS W/. IRON TAB 30&#039;S,,
2023-01,4800153302398,STRESSTABS WIRON TAB,,
2023-01,4800119131666,STYLEX EXTREME HOLD (YELLOW) 125G,,
2023-01,4800119131659,STYLEX EXTREME HOLD (YELLOW) 50G,,
2023-01,4800119131697,STYLEX NORMAL HOLD (GREEN) 50G,,
2023-01,8906005112378,SULTAM (TAMSULOSIN HCL) 200MCG E.C TAB,,
2023-01,4807788654045,SUMAPEN 500MG CAP,,
2023-01,4806506319075,SUPER TWINS BABY PANTS XL 8S,,
2023-01,4807788551177,SUPRACID 650MG,,
2023-01,4806524145687,SURE-GUARD DISPOSABLE SYRINGE 5CC,,
2023-01,4806524144239,SURE-GUARD ELASTIC BANDAGE 10X5,,
2023-01,4806524142822,SURE-GUARD GAUZE BANDAGE ROLL 4X10,,
2023-01,4806524149166,SURE-GUARD LATEX SURGICAL GLOVES 7.0 PAIR,,
2023-01,4806524144772,SURE-GUARD URINE BAG 2L,,
2023-01,4806524144925,SUREGUARD STERILE LATEX GLOVES 7.5 PAIR,,
2023-01,4806502850015,SYMDEX D FORTE TAB,,
2023-01,4806502850008,SYMDEX D TAB,,
2023-01,SD,Sales Discount Variance,,
2023-01,4806514620057,TAPDIN (METHIMAZOLE) 20MG TAB,,
2023-01,4807788562043,TASCIT 15MEQ (POTASSIUM CITRATE,,
2023-01,4806528271023,TAXIM-O (CEFIXIME) 400MG TAB,,
2023-01,8902269002196,TAXIM-O 200MG TAB,,
2023-01,8995201800554,TEMPRA 100MG/ML ORANGE 30ML DROPS,,
2023-01,8995201800479,TEMPRA 120MG SYRUP 60ML (ORANGE,,
2023-01,8995201800530,TEMPRA FORTE (ORANGE) 60ML,,
2023-01,4807788411914,TERGECEF (CEFIXIME) 200MG CAP,,
2023-01,4807788411884,TERGECEF 100MG/5ML 30ML SUSP,,
2023-01,4800369000545,TERRAFERON (FERROUS SULFATE + FOLIC ACID + B-COMPLEX + NICOTINAMIDE) CAP,,
2023-01,4807788568090,TIKI-TIKI 120ML SYR,,
2023-01,4807788568083,TIKI-TIKI 30ML DRP BOT,,
2023-01,4806517790214,TMZ-MR (TRIMETAZIDINE HCL) 35MG TAB,,
2023-01,1900010168,TOLLMAN (CEFALEXIN) 500MG CAP,,
2023-01,4809014258249,TOOTHACHE DROPS (LAR,,
2023-01,50808076,"TOPCARE TONGUE DEPRESSOR 6"" STERILE",,
2023-01,53953971,TOURNIQUET FLAT BLUE,,
2023-01,4806514630209,TOZAM (LOSARTAN + AMLODIPINE) 50MG/5MG FC TAB,,
2023-01,8904186000521,TRIMEBET (TRIMETAZIDINE) 35G TAB,,
2023-01,4800064610674,TRUST CONDOM REGULAR,,
2023-01,4800064610414,TRUST PILLS (ETHINYL ESTRADIOL + LEVONORGESTREL,,
2023-01,72574300,TUDOR MACRO & INFUSION SET1ML=60GTT ADULT,,
2023-01,4807788572097,TUSERAN FORTE (DEXTROMETHORPAN HBR + PHENYLEPROPANOLAMINE HCI + PARACETAMOL) CAP,,
2023-01,4807788572899,TUSERAN PPA CAP 4/PACK,,
2023-01,4807788058850,UH FERSULFATE IRON 65MG TAB,,
2023-01,4806517790047,ULTIMA CAP 10s,,
2023-01,4807788552280,ULTRAXIME SYR 100MG 30ML,,
2023-01,4806525173566,UNICIL (SULTAMICILLIN TOSILATE) 750MG FC TAB,,
2023-01,8853935013353,UNIGAN (PARACETAMOL + HYOSCINE-N-BUTYLBROMIDE) 500MG/10MG FC TAB,,
2023-01,25802609256,URINE BAG 1L W/O HOOK,,
2023-01,89647612573,URINE COLLECTOR,,
2023-01,4807788558657,URINORM (FEBUXOSTAT) 40MG TAB,,
2023-01,4806505141295,URISOL (ALLOPURINOL) 100MG TAB,,
2023-01,8806472023811,URSOMAX (URSODEOXYCHOLIC ACID) 300MG TAB,,
2023-01,29314057013407,VALDA PASTILLES MENTHOL ZIP POUCH 20G,,
2023-01,4806527190547,VENTOBROX SYR 60ML,,
2023-01,4800333900031,VENTOLIN NEBULES 2.5MG/2.5ML,,
2023-01,4806520350900,VENTOMAX (SALBUTAMOL) 2MG TAB,,
2023-01,4806513980138,VERTROL (BETAHISTINE HYDROCHLORIDE) 16MG TAB,,
2023-01,4806504656479,VESSEL DUE-F 250 LSU (SULODEXIDE,,
2023-01,4800307854315,VIBEE TAB,,
2023-01,4987176016928,VICKS BABY RUB 20G,,
2023-01,4987176013491,VICKS INHALER KEY CHAIN,,
2023-01,4987176035585,VICKS INHALER TWIN PACK 0.5MLX2,,
2023-01,4987176600776,VICKS VAPORUB 10G,,
2023-01,4987176009678,VICKS VAPORUB 25G,,
2023-01,4987176600769,VICKS VAPORUB 5G,,
2023-01,4806517790382,VIRBEZ (IRBESARTAN) 150MG TAB,,
2023-01,4800333162101,VIRLIX (CETIRIZINE) 10MG TAB,,
2023-01,4801010231103,VISINE ORIGINAL 15ML,,
2023-01,4800119213461,VITRESS HAIR CUTICLE COAT CLASSIC 30ML,,
2023-01,4800046000752,VIVALYTE 250ML ORANGE,,
2023-01,4800046000738,VIVALYTE E-DRINK APPLE 250ML,,
2023-01,4800046000844,VIVALYTE PLUS APPLE 4.8G SACHET,,
2023-01,4800046000899,VIVALYTE PLUS ORANGE 4.8G SACHET,,
2023-01,4806527191520,VN2 (SALBUTAMOL SULFATE) 2MG/5ML SYR 60ML,,
2023-01,4800318749853,VOLTAREN EMULGEL 1% 20G,,
2023-01,8994388193985,VOMETA DROPS,,
2023-01,4806032401336,VONWELT PREDNISONE 10MG TAB,,
2023-01,92785007,WALKER W/O WHEELS,,
2023-01,4300010005,WHEELCHAIR BLACK ECONO,,
2023-01,4902430293402,WHISPER BREATHABLE COTTONY SOFT W/.WINGS 8&#039;S,,
2023-01,4806501283159,WHITE FLOWER AC#5 1.5ML,,
2023-01,4806501283135,WHITE FLOWER C#3 5ML,,
2023-01,4806501283142,WHITE FLOWER C#4 2.5ML,,
2023-01,4801981107971,WILKINS PURE 500ML,,
2023-01,710535105469,XANTHONE PLUS CAP,,
2023-01,745114069078,XANTHONE PLUS GOLD CAP,,
2023-01,4800234406489,XIGDUO XR (DAPAGLIFLOZIN + METFORMIN) 10/1000MG TAB,,
2023-01,4800234406472,XIGDUO XR (DAPAGLIFLOZIN + METFORMIN)10/500MG TAB,,
2023-01,4800369001252,XIPRO TAB 500MG,,
2023-01,4800333213322,XYZAL (LEVOCETIRIZINE) 5MG TAB 30&#039;,,
2023-01,4806504850075,ZANIDIP 10MG TAB,,
2023-01,4806511300327,ZEBET (GLICLAZIDE) 80MG TAB,,
2023-01,4806505140656,ZEFALEX (CEFALEXIN) 500MG CAP,,
2023-01,4807788535719,ZEGEN 500MG TAB,,
2023-01,4807788530929,ZENITH (AZITHROMYCIN MONOHYDRATE) 200MG/5ML SUSP 20ML,,
2023-01,5415062354940,ZITHROMAX (AZITHROMYCIN) 500MG,,
2023-01,8964001206538,ZOLID (PIOGLITAZONE HCI) 30MG TAB,,
2023-01,4806520081040,ZYDUSATORVA (ATORVASTATIN) 20MG,,
2023-01,4800308560857,ZYKAST (MONTELUKAST NA + LEVOCETIRIZINE HCL) TAB 10MG/5MG,,
