year,item_code,description,category,tab
2023,57282039539,BIOPLUS PROBIOTICS,ADULT MILK,F&B
2023,8886451003812,ENSURE GOLD VANILLA 400G,ADULT MILK,F&B
2023,54142885510,FERSELLE,ADULT MILK,F&B
2023,8427030007588,GLUCERNA VANILLA 900G,ADULT MILK,F&B
2023,SD,Sales Discount Variance,ADULT MILK,F&B
2023,8902269016674,ALCLAV (CO-AMOXICLAV) 625MG TAB,ANTIBIOTICS,PRESCRIPTION
2023,4800318120027,AMOXIL CAP 500MG,ANTIBIOTICS,PRESCRIPTION
2023,4800333900437,AUGMENTIN (CO-AMOXICLAV) 457MG 70ML,ANTIBIOTICS,PRESCRIPTION
2023,4800333162491,AUGMENTIN 625MG TAB,ANTIBIOTICS,PRESCRIPTION
2023,4806523301312,AXMEL (AMOXICILLIN TRIHYDRATE) 500MG CAP,ANTIBIOTICS,GENERICS
2023,4806523301336,AXMEL (AMOXICILLIN) 250MG 60ML SUSP,ANTIBIOTICS,GENERICS
2023,78901964,AZISAPH (AZITHROMYCIN) 500MG TAB,ANTIBIOTICS,GENERICS
2023,4806524840124,CECLOR DROP 20ML,ANTIBIOTICS,PRESCRIPTION
2023,4806529630393,CEFUCLAV (CEFUROXIME AXETIL + CLAVULANATE POTASSIUM) 500MG/125MG FC TAB,ANTIBIOTICS,PRESCRIPTION
2023,29253999,CEFUSAPH (CEFUROXIME AXETIL) 500MG FC TAB,ANTIBIOTICS,GENERICS
2023,4801962207751,CIPROBAY 500MG TAB,ANTIBIOTICS,PRESCRIPTION
2023,4806523301992,CIPRODIN-FC (CIPROFLOXACIN) 500MG TAB,ANTIBIOTICS,GENERICS
2023,4806513980091,CIPROFLOX 500MG TAB,ANTIBIOTICS,PRESCRIPTION
2023,8964001206101,CLARIGET (CLARITHROMYCIN) 500MGTAB,ANTIBIOTICS,PRESCRIPTION
2023,4806523303088,CLIN-GEN (CLINDAMYCIN) 300MG CAP,ANTIBIOTICS,GENERICS
2023,1900010130,CLOXYL (CLOXACILLIN) 500MG CAP,ANTIBIOTICS,GENERICS
2023,4807788406019,DAZOMET (METRONIDAZOLE) 500MG TAB,ANTIBIOTICS,PRESCRIPTION
2023,4807788410016,ENERVON 30s TAB,ANTIBIOTICS,PRESCRIPTION
2023,4800136590026,FLAGYL ORALSUSP 60ML,ANTIBIOTICS,PRESCRIPTION
2023,4806533600337,GENTACARE (GENTAMICIN) 80MG/2ML (40MG/ML) I.M./I.V.,ANTIBIOTICS,GENERICS
2023,6920557238456,GENTAM (GENTAMICIN) 80MG/2ML (40MG/ML) 2ML AMP,ANTIBIOTICS,GENERICS
2023,4807788520463,HIMOX (AMOXICILLIN) 500MG CAP,ANTIBIOTICS,PRESCRIPTION
2023,4807788519399,IMMUNOSIN (INOSIPLEX) 250MG/5ML SYRUP,ANTIBIOTICS,PRESCRIPTION
2023,4806523302067,KATHREX (COTRIMOXAZOLE) 960MG TAB,ANTIBIOTICS,GENERICS
2023,4806525170701,KLARITHIX (CLARITHROMYCIN) 500MG FCT,ANTIBIOTICS,PRESCRIPTION
2023,4807788518767,KLAZ (CLARITHROMYCIN) 250MG/5ML SUS 70ML,ANTIBIOTICS,PRESCRIPTION
2023,0189061125300878,MEOXICLAV-D5 (CO-AMOXICLAV) 457MG/5ML SUSP,ANTIBIOTICS,PRESCRIPTION
2023,4806523303095,MYDOXY (DOXYCYCLINE) 100MG CAP,ANTIBIOTICS,PRESCRIPTION
2023,4800348112740,NATRAVOX (CO-AMOXICLAV) 457MG/5ML 70ML,ANTIBIOTICS,PRESCRIPTION
2023,4806524781854,NEPHORMIN TAB,ANTIBIOTICS,PRESCRIPTION
2023,4807788413321,PEDIAMOX (AMOXICILLIN) 100MG/ML 10ML,ANTIBIOTICS,PRESCRIPTION
2023,4807788413338,PEDIAMOX (AMOXICILLIN) 250MG/5ML SUSP 60ML,ANTIBIOTICS,PRESCRIPTION
2023,93070409,PYRESAPH (PARACETAMOL) 125MG/5ML 60ML,ANTIBIOTICS,GENERICS
2023,8906011513497,SANIX (CEFIXIME) 200MG TAB,ANTIBIOTICS,PRESCRIPTION
2023,4800308765108,SILGRAM 750MG,ANTIBIOTICS,PRESCRIPTION
2023,4800153302398,STRESSTABS WIRON TAB,ANTIBIOTICS,PRESCRIPTION
2023,4807788654045,SUMAPEN 500MG CAP,ANTIBIOTICS,PRESCRIPTION
2023,4806528271023,TAXIM-O (CEFIXIME) 400MG TAB,ANTIBIOTICS,PRESCRIPTION
2023,8902269002196,TAXIM-O 200MG TAB,ANTIBIOTICS,PRESCRIPTION
2023,4807788411914,TERGECEF (CEFIXIME) 200MG CAP,ANTIBIOTICS,PRESCRIPTION
2023,4807788411884,TERGECEF 100MG/5ML 30ML SUSP,ANTIBIOTICS,PRESCRIPTION
2023,1900010168,TOLLMAN (CEFALEXIN) 500MG CAP,ANTIBIOTICS,GENERICS
2023,4807788552280,ULTRAXIME SYR 100MG 30ML,ANTIBIOTICS,PRESCRIPTION
2023,4806525173566,UNICIL (SULTAMICILLIN TOSILATE) 750MG FC TAB,ANTIBIOTICS,GENERICS
2023,4800369001252,XIPRO TAB 500MG,ANTIBIOTICS,PRESCRIPTION
2023,4806505140656,ZEFALEX (CEFALEXIN) 500MG CAP,ANTIBIOTICS,GENERICS
2023,4807788530929,ZENITH (AZITHROMYCIN MONOHYDRATE) 200MG/5ML SUSP 20ML,ANTIBIOTICS,PRESCRIPTION
2023,5415062354940,ZITHROMAX (AZITHROMYCIN) 500MG,ANTIBIOTICS,PRESCRIPTION
2023,4800307835154,ARBLOC 50MG FCT,ANTIDIABETICS,PRESCRIPTION
2023,4806503121336,DIABEATS (GLIMEPERIDE) 2MG TAB,ANTIDIABETICS,GENERICS
2023,4800306591013,DIAMICRON MR (GLICAZIDE) 60MG TAB,ANTIDIABETICS,PRESCRIPTION
2023,4806505141387,FORMET (METFORMIN) 500MG TAB,ANTIDIABETICS,GENERICS
2023,4800234406465,FORXIGA (DAPAGLIFLOZIN) 10MG,ANTIDIABETICS,PRESCRIPTION
2023,4800319015155,GALVUSMET (VILDAGLIPTIN + METFORMIN) 50/500MG TAB,ANTIDIABETICS,PRESCRIPTION
2023,4806517790207,GLIMESYN (GLIMEPIRIDE) 2MG TAB,ANTIDIABETICS,PRESCRIPTION
2023,4807788729989,GLUBITOR OD (GLICLAZIDE) 60MG PR TAB,ANTIDIABETICS,PRESCRIPTION
2023,4807788544650,GLUMET (METFORMIN HCI) 1G,ANTIDIABETICS,PRESCRIPTION
2023,4807788402202,GLUMET (METFORMIN HCI) 500MG TAB,ANTIDIABETICS,PRESCRIPTION
2023,4800292173019,GLYXAMBI FC (EMPAGLIFLOZIN + LINAGLIPTIN) 10MG/5MG TAB,ANTIDIABETICS,PRESCRIPTION
2023,4800292173026,GLYXAMBI FC TAB 25MG/5MG,ANTIDIABETICS,PRESCRIPTION
2023,4800489118250,JANUMET (SITAGLIPTIN + METFORMIN) 50MG/500MG TAB,ANTIDIABETICS,PRESCRIPTION
2023,4800489112340,JANUVIA TAB 50MG,ANTIDIABETICS,PRESCRIPTION
2023,4800289821510,NEOFORM 500MG TAB,ANTIDIABETICS,PRESCRIPTION
2023,4806508329355,NORMANAL 450MG/50MG TAB,ANTIDIABETICS,GENERICS
2023,8904184004972,PERGLIM M-2 (GLIMEPERIDE METFORMIN HCl) 2MG/500MG TAB,ANTIDIABETICS,PRESCRIPTION
2023,4806523342568,PLETAXOL (CILOSTAZOL) 50MG TAB,ANTIDIABETICS,GENERICS
2023,4807788569738,PROGLIN 50MG TAB,ANTIDIABETICS,PRESCRIPTION
2023,25213478,SAPHORMIN T500 (METFORMIN HCL) 500MG TAB,ANTIDIABETICS,GENERICS
2023,1900010138,SAPHRIN (ASPIRIN) 80MG TAB,ANTIDIABETICS,GENERICS
2023,4800234406489,XIGDUO XR (DAPAGLIFLOZIN + METFORMIN) 10/1000MG TAB,ANTIDIABETICS,PRESCRIPTION
2023,4800234406472,XIGDUO XR (DAPAGLIFLOZIN + METFORMIN)10/500MG TAB,ANTIDIABETICS,PRESCRIPTION
2023,4806511300327,ZEBET (GLICLAZIDE) 80MG TAB,ANTIDIABETICS,PRESCRIPTION
2023,8964001206538,ZOLID (PIOGLITAZONE HCI) 30MG TAB,ANTIDIABETICS,PRESCRIPTION
2023,28924852,CLOOK CARE (OXYGEN REGULATOR,ASSISTIVE DEVICE,MED-SURG
2023,16594159,COMMODE CHAIR W/O WHEELS,ASSISTIVE DEVICE,MED-SURG
2023,21904530,COMMODE CHAIR WITH WHEELS,ASSISTIVE DEVICE,MED-SURG
2023,55172578,CRUTCHES MEDIUM 5&#039;7-5&#039;10,ASSISTIVE DEVICE,MED-SURG
2023,93063151044,"CRUTCHES SMALL 5&#039;2""-5&#039;6""",ASSISTIVE DEVICE,MED-SURG
2023,77965633,HOSPITAL BED 2-CRANKS MANUAL,ASSISTIVE DEVICE,MED-SURG
2023,4975479495304,OMRON AUTO BP MONITOR HEM-8712,ASSISTIVE DEVICE,MED-SURG
2023,99875334642,OXYGEN TANK 15LBS,ASSISTIVE DEVICE,MED-SURG
2023,63940596,PENLIGHT RED,ASSISTIVE DEVICE,MED-SURG
2023,33835549,RECLINING WHEELCHAIR WITH COMMODE,ASSISTIVE DEVICE,MED-SURG
2023,25802609256,URINE BAG 1L W/O HOOK,ASSISTIVE DEVICE,MED-SURG
2023,92785007,WALKER W/O WHEELS,ASSISTIVE DEVICE,MED-SURG
2023,4300010005,WHEELCHAIR BLACK ECONO,ASSISTIVE DEVICE,MED-SURG
2023,4806526298695,"""ICEBAG 6"""" PARA AID""",BEVERAGES,F&B
2023,4803925061141,GATORADE BLUE BOLT 500ML,BEVERAGES,F&B
2023,4803925061127,GATORADE ORANGE CHILL 500ML,BEVERAGES,F&B
2023,4803925061103,GATORADE TROPICAL FRUIT 500ML,BEVERAGES,F&B
2023,8996001600399,LE MINERALE 1.5ML,BEVERAGES,F&B
2023,8996001600375,LE MINERALE 330ML,BEVERAGES,F&B
2023,8996001600764,LE MINERALE 5L,BEVERAGES,F&B
2023,8996001600269,LE MINERALE 600ML,BEVERAGES,F&B
2023,4800136620013,MAALOX SUSP. 180ML,BEVERAGES,F&B
2023,4806529302191,PURE PROTECT NATURAL SANITIZER 70% 500ML,BEVERAGES,F&B
2023,4801981107971,WILKINS PURE 500ML,BEVERAGES,F&B
2023,8906044870444,A.R.A. + H (LOSARTAN POTASSIUM + HYDROCHLOROTHIAZIDE) 50MG/12 TAB,CARDIOVASCULAR,PRESCRIPTION
2023,4806523301633,AMLOREX (AMLODIPINE) 5MG TAB,CARDIOVASCULAR,GENERICS
2023,4806524772913,AMLOTHIX (AMLODIPINE) 10MG TAB,CARDIOVASCULAR,GENERICS
2023,4806524772906,AMLOTHIX (AMLODIPINE) 5MG TAB,CARDIOVASCULAR,GENERICS
2023,4807788416537,AMVASC BE (AMLODIPINE) 5MG TAB,CARDIOVASCULAR,PRESCRIPTION
2023,4800307835352,ARBLOC (LOSARTAN) 100MG FCT,CARDIOVASCULAR,PRESCRIPTION
2023,4800363204239,ASPEC EC 100MG TAB,CARDIOVASCULAR,GENERICS
2023,4807788402226,ASPILETS (ASPIRIN) 80MG TAB,CARDIOVASCULAR,PRESCRIPTION
2023,4806508830318,ASTEROL (PROPANOLOL HYDROCHLORIDE) 40MG TAB,CARDIOVASCULAR,GENERICS
2023,1900010074,ATORSAPH-10 (ATORVASTATIN) 10MG FC TAB,CARDIOVASCULAR,PRESCRIPTION
2023,38119798,ATORSAPH-20 (ATORVASTATIN) 20MG FC TAB,CARDIOVASCULAR,PRESCRIPTION
2023,8961100510665,AURORA (ROSUVASTATIN) 10MG FC TAB,CARDIOVASCULAR,PRESCRIPTION
2023,8961100510672,AURORA (ROSUVASTATIN) 20MG FC TAB,CARDIOVASCULAR,PRESCRIPTION
2023,8904360300065,BRELVASTIN (ATORVASTATIN) 20MG,CARDIOVASCULAR,PRESCRIPTION
2023,8961100510023,CALIPTROL (ATORVASTATIN) 40MG,CARDIOVASCULAR,PRESCRIPTION
2023,4807788520579,CANDEZ (CANDESARTAN + CILEXETIL) 8MG TAB,CARDIOVASCULAR,PRESCRIPTION
2023,4806517790313,CARDIPRES (CARVEDILOL) 12.5MG FC TAB,CARDIOVASCULAR,PRESCRIPTION
2023,4806519200674,CARDOZ (CARVEDILOL) 25MG TAB,CARDIOVASCULAR,GENERICS
2023,4806519200988,CARDOZ (CARVEDILOL) 6.25MG TAB,CARDIOVASCULAR,GENERICS
2023,4807788417169,CARVID (CARVEDILOL) 25MG TAB,CARDIOVASCULAR,PRESCRIPTION
2023,4800292103047,CATAPRES TAB (ETHYL ALC) 75MCG,CARDIOVASCULAR,GENERICS
2023,4806520352621,CLODIN (CLONIDINE) 75MCG TAB,CARDIOVASCULAR,GENERICS
2023,8908006972531,CLOHEAL (CLOPIDOGREL) 75MG TAB,CARDIOVASCULAR,PRESCRIPTION
2023,4807788553584,CLONIPRESS 75MCG TAB,CARDIOVASCULAR,PRESCRIPTION
2023,4800319851050,CO-DIOVAN (VALSARTAN HYDROCHLOROTHIAZIDE) 80MG/12.5MG TAB,CARDIOVASCULAR,PRESCRIPTION
2023,4800301903132,DIASTATIN (SIMVASTATIN) 40MG TAB,CARDIOVASCULAR,GENERICS
2023,4800319890035,DIOVAN CAP 80MG,CARDIOVASCULAR,PRESCRIPTION
2023,4809013708738,FELOSTAL (FELODIPINE) 5MG TAB,CARDIOVASCULAR,GENERICS
2023,4806524781045,FELOSTAL ER-10 (FELODIPINE) 10MG ER TAB,CARDIOVASCULAR,GENERICS
2023,4806527190882,FENOBRIT( FENOFIBRATE) 200MG,CARDIOVASCULAR,GENERICS
2023,4806035211581,FENOCARE (FENOFIBRATE) 200MG CAP,CARDIOVASCULAR,GENERICS
2023,4806521160591,FENOSTAT 10MG/160MG TAB,CARDIOVASCULAR,PRESCRIPTION
2023,4806520351105,FUSEDEX (FUROSEMIDE) 40MG TAB,CARDIOVASCULAR,GENERICS
2023,4806529710057,GETZAR (LOSARTAN POTASSIUM) 50MG TAB,CARDIOVASCULAR,PRESCRIPTION
2023,4806523431040,GIRAN-16 (CANDESARTAN) 16MG TAB,CARDIOVASCULAR,GENERICS
2023,4806523431033,GIRAN-8 (CANDESARTAN) 8MG TAB,CARDIOVASCULAR,GENERICS
2023,4807788067067,HEMOSTAN (TRANEXAMIC ACID) 500MG CAP,CARDIOVASCULAR,PRESCRIPTION
2023,4806527191230,HEMOSTAP) TRANEXAMIC ACID 500MG CAP,CARDIOVASCULAR,GENERICS
2023,4800234407332,INDERAL (PROPRANOLOL) 40MG TAB,CARDIOVASCULAR,PRESCRIPTION
2023,4806522630659,INTERPHIL (IRBESARTAN) 150MG TAB,CARDIOVASCULAR,GENERICS
2023,4806522630642,INTERPHIL (IRBESARTAN) 300MG TAB,CARDIOVASCULAR,GENERICS
2023,4800304051496,ISORDIL SUBL TAB 5MG,CARDIOVASCULAR,PRESCRIPTION
2023,4806517790276,ITORVAZ 40 (ATORVASTATIN) 40MG FC TAB,CARDIOVASCULAR,PRESCRIPTION
2023,4806517790023,KENZAR (LOSARTAN POTASSIUM) 50MG FC TAB,CARDIOVASCULAR,PRESCRIPTION
2023,4806524840018,LANOXIN (DIGOXIN) TAB 0.25MG,CARDIOVASCULAR,PRESCRIPTION
2023,4800136650027,LASIX TAB 40MG,CARDIOVASCULAR,PRESCRIPTION
2023,1210001136144,LIPITOR TAB 20MG,CARDIOVASCULAR,PRESCRIPTION
2023,4806517790528,LUSTATIN 10 (ROSUVASTATIN CALCIUM) 10MG TAB,CARDIOVASCULAR,PRESCRIPTION
2023,4806517790627,LUSTATIN 20 (ROSUVASTATIN CALCIUM) 20MG TAB,CARDIOVASCULAR,PRESCRIPTION
2023,4800292138032,MICARDIS 40MG TAB,CARDIOVASCULAR,PRESCRIPTION
2023,4800292138087,MICARDIS PLUS 40MG TAB,CARDIOVASCULAR,PRESCRIPTION
2023,4807788530622,MONTRA 30MG CAP,CARDIOVASCULAR,PRESCRIPTION
2023,4800301902821,NATRAZOL (LOSARTAN) 100MG TAB,CARDIOVASCULAR,GENERICS
2023,8964001206330,NEBIL 5MG (NEBIVOLOL) TAB,CARDIOVASCULAR,PRESCRIPTION
2023,4806518661230,NEBILET 5MG TAB,CARDIOVASCULAR,PRESCRIPTION
2023,4800289820711,NEOBLOC (METOPROLOL) 50MG,CARDIOVASCULAR,PRESCRIPTION
2023,8901302063286,NITROFIX SR (ISOSORBIDE MONONITRATE) 30MG TAB,CARDIOVASCULAR,GENERICS
2023,4800304050079,NORVASC (AMLODIPINE BESYLATE) 10MG TAB,CARDIOVASCULAR,PRESCRIPTION
2023,4800304050031,NORVASC (AMLODIPINE BESYLATE) 5MG TAB,CARDIOVASCULAR,PRESCRIPTION
2023,8904179014702,NOVASARTAN (LOSARTAN K) 50MG FC TAB,CARDIOVASCULAR,GENERICS
2023,1900010155,ORANOL ( PROPRANOLOL HCL) 40MG TAB,CARDIOVASCULAR,PRESCRIPTION
2023,4806505141561,ORANOL (PROPANOLOL HYDROCHLORIDE) 10MG TAB,CARDIOVASCULAR,GENERICS
2023,4807788414021,PLOGREL (CLOPIDOGREL) 75MG TAB,CARDIOVASCULAR,PRESCRIPTION
2023,4806524781113,PREDU-XL (TRIMETAZIDINE) 35MG MR TAB,CARDIOVASCULAR,GENERICS
2023,1900010134,PROMETIN (METOPROLOL) 50MG TAB,CARDIOVASCULAR,GENERICS
2023,8906002050963,QUANIL (CITICOLINE) 500MG TAB 30,CARDIOVASCULAR,GENERICS
2023,4806035205429,REGIVASC (AMLODIPINE BESILATE) 10MG TAB,CARDIOVASCULAR,GENERICS
2023,4806033300195,RM AMLODIPINE 10MG,CARDIOVASCULAR,PRESCRIPTION
2023,4806033300201,RM AMLODIPINE 5MG,CARDIOVASCULAR,PRESCRIPTION
2023,4806033300379,RM ATORVASTATIN 10MG TAB,CARDIOVASCULAR,PRESCRIPTION
2023,4806033300386,RM ATORVASTATIN 20MG TAB,CARDIOVASCULAR,PRESCRIPTION
2023,4806033300829,RM CLOPIDOGREL 75MG TAB,CARDIOVASCULAR,PRESCRIPTION
2023,4806033305480,RM LOSARTAN 50MG TAB,CARDIOVASCULAR,GENERICS
2023,8964001206422,ROVISTA (ROSUVASTATIN) 10MG TAB,CARDIOVASCULAR,PRESCRIPTION
2023,8964001206439,ROVISTA (ROSUVASTATIN)20MG TAB,CARDIOVASCULAR,PRESCRIPTION
2023,94571134,SAPHETOR (ETORICOXIB) 120MG FC TAB,CARDIOVASCULAR,PRESCRIPTION
2023,1900010021,SAPHLOPID (CLOPIDOGREL) 75MG TAB,CARDIOVASCULAR,PRESCRIPTION
2023,78014183,SAPHLOR-50 (LOSARTAN) 50MG TAB,CARDIOVASCULAR,GENERICS
2023,4806504654505,SPIRE 25MG TAB,CARDIOVASCULAR,GENERICS
2023,8906041275778,SPIRODEN (SPIRONOLACTONE) 25MG TAB,CARDIOVASCULAR,GENERICS
2023,4806517790597,SPIROFAR (SPIRONOLACTONE) 25MG TAB,CARDIOVASCULAR,PRESCRIPTION
2023,4806524780291,STABETA 40 (PROPRANOLOL HCI) 40 MG TAB,CARDIOVASCULAR,PRESCRIPTION
2023,4806517790214,TMZ-MR (TRIMETAZIDINE HCL) 35MG TAB,CARDIOVASCULAR,PRESCRIPTION
2023,4806514630209,TOZAM (LOSARTAN + AMLODIPINE) 50MG/5MG FC TAB,CARDIOVASCULAR,PRESCRIPTION
2023,8904186000521,TRIMEBET (TRIMETAZIDINE) 35G TAB,CARDIOVASCULAR,GENERICS
2023,4806504656479,VESSEL DUE-F 250 LSU (SULODEXIDE,CARDIOVASCULAR,PRESCRIPTION
2023,4806517790382,VIRBEZ (IRBESARTAN) 150MG TAB,CARDIOVASCULAR,PRESCRIPTION
2023,4806504850075,ZANIDIP 10MG TAB,CARDIOVASCULAR,PRESCRIPTION
2023,4806520081040,ZYDUSATORVA (ATORVASTATIN) 20MG,CARDIOVASCULAR,PRESCRIPTION
2023,4806502350164,B.T. TISYU 12&#039;S 400SH 2P,COTTONS AND HYGIENE,PERSONAL CARE
2023,4806502350126,B.T. TISYU 4&#039;S 400SH 2P,COTTONS AND HYGIENE,PERSONAL CARE
2023,4800067702321,BBFLO GENTLE BUDS WHITE 200s TIPS+36 TIPS,COTTONS AND HYGIENE,PERSONAL CARE
2023,4806502352588,FEMME FACIAL TISSUE UNSCENTED,COTTONS AND HYGIENE,PERSONAL CARE
2023,4806502359914,FEMME INTERFOLDED PAPER TOWEL 1PLY,COTTONS AND HYGIENE,PERSONAL CARE
2023,4801288820153,HAPPY ABSORBENT COTTON 10G,COTTONS AND HYGIENE,PERSONAL CARE
2023,4801288822003,HAPPY ABSORBENT COTTON 150G,COTTONS AND HYGIENE,PERSONAL CARE
2023,4801288820504,HAPPY ABSORBENT COTTON 40G,COTTONS AND HYGIENE,PERSONAL CARE
2023,4806503540007,HYGEEN COTTON BALLS 50s,COTTONS AND HYGIENE,PERSONAL CARE
2023,4801010327103,MODESS ALL NIGHT W/WINGS 4s,COTTONS AND HYGIENE,PERSONAL CARE
2023,8850007371403,MODESS REGULAR W/WINGS 8s,COTTONS AND HYGIENE,PERSONAL CARE
2023,4800488959328,NURSY BABY WIPES SCENTED 66&#039;S,COTTONS AND HYGIENE,PERSONAL CARE
2023,4800488959878,NURSY BABY WIPES SCENTED 90&#039;S,COTTONS AND HYGIENE,PERSONAL CARE
2023,4800488958154,NURSY BABY WIPES UNSCENTED 30&#039;S,COTTONS AND HYGIENE,PERSONAL CARE
2023,4800488958147,NURSY BABY WIPES UNSCENTED 66&#039;S,COTTONS AND HYGIENE,PERSONAL CARE
2023,4800488958116,NURSY BABY WIPES UNSCENTED 90,COTTONS AND HYGIENE,PERSONAL CARE
2023,4806502351901,SANICARE BATHROOM TISSUE 1&#039;S,COTTONS AND HYGIENE,HOUSEHOLD GOODS
2023,4806502352397,SANICARE CLEANSING WIPES - ALOE 15 SHEETS,COTTONS AND HYGIENE,PERSONAL CARE
2023,4806502163849,SANICARE CLEANSING WIPES - ALOE 35+5 SH FREE,COTTONS AND HYGIENE,PERSONAL CARE
2023,4806502352380,SANICARE CLEANSING WIPES - ALOE 80 SHEETS,COTTONS AND HYGIENE,PERSONAL CARE
2023,4806502163917,SANICARE CLEANSING WIPES - LAVENDER 15 SHEETS,COTTONS AND HYGIENE,PERSONAL CARE
2023,4806502163924,SANICARE CLEANSING WIPES - LAVENDER 35+5 SHEETS,COTTONS AND HYGIENE,PERSONAL CARE
2023,4806502350072,SANICARE COTTON BALLS 150s,COTTONS AND HYGIENE,PERSONAL CARE
2023,4806502350034,SANICARE COTTON BUDS 200 STEM,COTTONS AND HYGIENE,PERSONAL CARE
2023,4806502350171,SANICARE COTTON BUDS 200 STEM CAN,COTTONS AND HYGIENE,PERSONAL CARE
2023,4806502351642,SANICARE FT ECONO BOX 140P 3PLY,COTTONS AND HYGIENE,PERSONAL CARE
2023,4806502359624,SANICARE KT REGULAR TWIN 2&#039;S,COTTONS AND HYGIENE,HOUSEHOLD GOODS
2023,4806502163979,SANICARE PLAYTIME WIPES - CRISP CUCUMBER 35SHEETS,COTTONS AND HYGIENE,PERSONAL CARE
2023,4806502163986,SANICARE PLAYTIME WIPES - CRISP CUCUMBER 80SHEETS,COTTONS AND HYGIENE,PERSONAL CARE
2023,4807788524843,BACTIFREE 2% 20MG OINT TUBE,DERMATOLOGICALS,PRESCRIPTION
2023,4807788524560,BACTIFREE OINTMENT 10G,DERMATOLOGICALS,PRESCRIPTION
2023,6922748503015,BL CREAM 7G,DERMATOLOGICALS,PRESCRIPTION
2023,746876000705,CALMOSEPTINE OINT SAC 3.5G,DERMATOLOGICALS,OTC
2023,4801962202763,CANESTEN 3G CREAM,DERMATOLOGICALS,OTC
2023,4801962202770,CANESTEN 5G,DERMATOLOGICALS,OTC
2023,4800346002074,DAKTARIN ORAL GEL 3.5g,DERMATOLOGICALS,OTC
2023,1900010022,DERMOTRIM (CLOTRIMAZOLE) 10MG/G CREAM,DERMATOLOGICALS,PRESCRIPTION
2023,4800333160824,DERMOVATE (CLOBETASOL PROPIONATE) 5G CREAM,DERMATOLOGICALS,PRESCRIPTION
2023,4806518550145,FUNGISOL (BENZOIC ACID + SALICYLIC ACID) 4ML,DERMATOLOGICALS,OTC
2023,4809010332776,KATIALIS M 15G,DERMATOLOGICALS,OTC
2023,4809010332769,KATIALIS S 5G,DERMATOLOGICALS,OTC
2023,96284025,MOPIBAC (MUPIROCIN OINTMENT) 2% 5G TUBE,DERMATOLOGICALS,GENERICS
2023,4807788586957,MUPICIN 10G (MUPIROCIN) OINTMENT,DERMATOLOGICALS,PRESCRIPTION
2023,4806533601587,MUPIROW (MUPIROCIN) 20MG/G OINTMENT 5G,DERMATOLOGICALS,OTC
2023,4800346000155,NIZORAL CREAM 3.5 G,DERMATOLOGICALS,OTC
2023,39572141,ADVAN PREGNANCY TEST,DIAGNOSTIC,MED-SURG
2023,4806501898889,BLUE CROSS PREG TEST DELUXE URINE,DIAGNOSTIC,MED-SURG
2023,93494626238,BP SET BLUE CROSS W/STET,DIAGNOSTIC,MED-SURG
2023,50808076,"TOPCARE TONGUE DEPRESSOR 6"" STERILE",DIAGNOSTIC,MED-SURG
2023,53953971,TOURNIQUET FLAT BLUE,DIAGNOSTIC,MED-SURG
2023,4800488070030,CARESS ADULT DIAPER L10+1,DIAPERS,PERSONAL CARE
2023,4800488959236,CARESS ADULT DIAPER L2,DIAPERS,PERSONAL CARE
2023,4800488070023,CARESS ADULT DIAPER M1,DIAPERS,PERSONAL CARE
2023,4800488070016,CARESS ADULT DIAPER M10+1,DIAPERS,PERSONAL CARE
2023,14800488960796,CARESS ADULT DIAPER M20+2,DIAPERS,PERSONAL CARE
2023,4800488070283,CARESS ADULT DIAPER XL10,DIAPERS,PERSONAL CARE
2023,4800488099741,CARESS UNDERPAD M10,DIAPERS,PERSONAL CARE
2023,4800488958888,CARESS UNDERPADS XL8,DIAPERS,PERSONAL CARE
2023,4800488958970,EQ DRY L 32+2,DIAPERS,PERSONAL CARE
2023,4800488958932,EQ DRY M 18+1,DIAPERS,PERSONAL CARE
2023,4800488958949,EQ DRY M 36+2,DIAPERS,PERSONAL CARE
2023,4800488958789,EQ DRY M 4&#039;S,DIAPERS,PERSONAL CARE
2023,4800488958994,EQ DRY XL 14+1,DIAPERS,PERSONAL CARE
2023,4800488958802,EQ DRY XL 4&#039;S,DIAPERS,PERSONAL CARE
2023,4800488958819,EQ DRY XXL 3&#039;S,DIAPERS,PERSONAL CARE
2023,4800488960379,HYPANTS ADULT DIAPER LARGE 10s,DIAPERS,PERSONAL CARE
2023,4806506315428,LAMPEIN JUMBO PACK L 54S,DIAPERS,PERSONAL CARE
2023,4806506315435,LAMPEIN JUMBO PACK XL 48s,DIAPERS,PERSONAL CARE
2023,4806506319075,SUPER TWINS BABY PANTS XL 8S,DIAPERS,PERSONAL CARE
2023,745110103516,ALCOSURE ISOPROPYL ALC 70% 3.7L,DISINFECTANT,HOUSEHOLD GOODS
2023,4800011121536,CASINO 500ML,DISINFECTANT,PERSONAL CARE
2023,4800011121543,CASINO FEMME 150ML,DISINFECTANT,PERSONAL CARE
2023,4800011121567,CASINO FEMME 500ML,DISINFECTANT,PERSONAL CARE
2023,4800011122229,CASINO FEMME DUAL MOIST 250ML,DISINFECTANT,PERSONAL CARE
2023,4800047860706,GREENCROSS 40% W/ MOIST 500ML,DISINFECTANT,PERSONAL CARE
2023,4800047820236,GREENCROSS 70% 150ML,DISINFECTANT,PERSONAL CARE
2023,4800047820014,GREENCROSS 70% 500ML,DISINFECTANT,PERSONAL CARE
2023,4800047820243,GREENCROSS 70% SOLUTION W/ MOIST. 150ML,DISINFECTANT,PERSONAL CARE
2023,4800047820199,GREENCROSS 70% W/ MOIST 250ML,DISINFECTANT,PERSONAL CARE
2023,4800047820182,GREENCROSS 70% W/ MOIST 500ML,DISINFECTANT,PERSONAL CARE
2023,4800047820250,GREENCROSS 70% W/ MOIST 60ML,DISINFECTANT,PERSONAL CARE
2023,4800067453513,RHEA HYDROGEN PEROXIDE 10VOL 120ML,DISINFECTANT,PERSONAL CARE
2023,4800067453544,RHEA HYDROGEN PEROXIDE 20VOL 120ML,DISINFECTANT,PERSONAL CARE
2023,4800067451700,RHEA POVIDONE IODINE 10% SOL 60ML,DISINFECTANT,PERSONAL CARE
2023,8850007331308,CAREFREE BREATHABLE PL 8s,DISPOSABLES,PERSONAL CARE
2023,4800488100089,CHARMEE BREATHABLE PANTY LINER GREEN 20&#039;S,DISPOSABLES,PERSONAL CARE
2023,4800488100072,CHARMEE BREATHABLE PANTY LINER GREEN 8&#039;S,DISPOSABLES,PERSONAL CARE
2023,4800488011484,CHARMEE COTTONY NON WINGS 8&#039;S,DISPOSABLES,PERSONAL CARE
2023,4800488011415,CHARMEE COTTONY W/WINGS 8+1,DISPOSABLES,PERSONAL CARE
2023,4800488958581,CHARMEE DRY NET NON WINGS 8&#039;S,DISPOSABLES,PERSONAL CARE
2023,4800488011477,CHARMEE FEMININE PADS 4s,DISPOSABLES,PERSONAL CARE
2023,4800488958529,CHARMEE LIGHT W/WINGS 8&#039;S,DISPOSABLES,PERSONAL CARE
2023,4800488070481,CHARMEE MENSTRUAL PANTS M 2&#039;S,DISPOSABLES,PERSONAL CARE
2023,4800488114772,CHARMEE PANTYLINER GO GIRL 20+2,DISPOSABLES,PERSONAL CARE
2023,4800488100058,CHARMEE UNSCENTED BREATHABLE PANTY LINER PINK 8&#039;S,DISPOSABLES,PERSONAL CARE
2023,986033331456,DISP SYRINGE 3CC PROHEALTH,DISPOSABLES,MED-SURG
2023,4806530871211,INDOPLAS DISP SYRINGE 1CC,DISPOSABLES,MED-SURG
2023,88124903602,MICROPORE 1 INCH,DISPOSABLES,MED-SURG
2023,79206034723,MICROPORE 1/2 INCH,DISPOSABLES,MED-SURG
2023,71528104703,PROHEALTHCARE DISP. MASK,DISPOSABLES,MED-SURG
2023,4806506318832,SISTERS DAY MAXI REG 8+1,DISPOSABLES,PERSONAL CARE
2023,4806506318955,SISTERS DRY MAXI NO WINGS,DISPOSABLES,PERSONAL CARE
2023,4806506318856,SISTERS NIGHT PLUS 8&#039;S W/ WINGS,DISPOSABLES,PERSONAL CARE
2023,4806506318863,SISTERS NIGHT PLUS HEAVY PLUS 8+1,DISPOSABLES,PERSONAL CARE
2023,4806506318900,SISTERS OVERNIGHT DRY 4+1 W/ WINGS,DISPOSABLES,PERSONAL CARE
2023,4806506318917,SISTERS PANTYLINER 20+2,DISPOSABLES,PERSONAL CARE
2023,4806506318870,SISTERS PANTYLINER BLUE 8S,DISPOSABLES,PERSONAL CARE
2023,4806524144772,SURE-GUARD URINE BAG 2L,DISPOSABLES,MED-SURG
2023,4800064610674,TRUST CONDOM REGULAR,DISPOSABLES,PERSONAL CARE
2023,89647612573,URINE COLLECTOR,DISPOSABLES,MED-SURG
2023,4902430293402,WHISPER BREATHABLE COTTONY SOFT W/.WINGS 8&#039;S,DISPOSABLES,PERSONAL CARE
2023,4800261123823,CONSAC (TOBRAMYCIN) 5ML OPTHALMIC SOL&#039;N,EENT,GENERICS
2023,8885015220115,EYE MO BLUE,EENT,OTC
2023,8885015220122,EYE MO RED EYE FORMULA 7.5ML,EENT,OTC
2023,4800261123915,RAPIDAX (POLYMYXIN B SO4+NEOMYCIN SO4+DEXAMETHASONE) 5ML,EENT,PRESCRIPTION
2023,4801010231103,VISINE ORIGINAL 15ML,EENT,PRESCRIPTION
2023,80844341,ANEROID SPHYGMO W/ STET (PROHEALTH,ELECTRONIC MEDICAL DEVICES,MED-SURG
2023,4806530870108,DIGITAL THERMOMETER (INDOPLAS,ELECTRONIC MEDICAL DEVICES,MED-SURG
2023,500010208,NEBULIZER (SESEMED,ELECTRONIC MEDICAL DEVICES,MED-SURG
2023,24830461,PROHEALTH NEBULIZER VMNB03,ELECTRONIC MEDICAL DEVICES,MED-SURG
2023,4300010002,PROHEALTH PULSE OXIMETER,ELECTRONIC MEDICAL DEVICES,MED-SURG
2023,4801010104209,JOHNSONS MILK+RICE BABY POWDER 100G,FOOD,F&B
2023,4800318749853,VOLTAREN EMULGEL 1% 20G,FOOD,F&B
2023,4800301800370,BIOFITEA (SENNA LEAVES 1SENNA POS) SAC,FOOD SUPPLEMENTS,OTC
2023,8994388106619,INBUMIN 250MG (STRIATIN) FC TAB,FOOD SUPPLEMENTS,OTC
2023,96619926626,KIRKLAND FISH OIL 1000IU,FOOD SUPPLEMENTS,OTC
2023,4809013625004,MX3 CAP,FOOD SUPPLEMENTS,OTC
2023,4809013625080,MX3 COFFEE,FOOD SUPPLEMENTS,F&B
2023,4806503650263,SLEEPWELL (MELATONIN) 3MG CAP,FOOD SUPPLEMENTS,OTC
2023,4800011132945,EFFICASCENT EXTREME 100ML,GALENICALS AND SOLUTIONS,MED-SURG
2023,4800011132938,EFFICASCENT EXTREME 50ML,GALENICALS AND SOLUTIONS,MED-SURG
2023,48035156,EFFICASCENT OIL EXTRA STRENGTH 25ML,GALENICALS AND SOLUTIONS,MED-SURG
2023,4800011133430,EFFICASCENT OIL EXTRA-S (METHYLSALICYLATE CHAMPOR + MENTHOL) 50ML,GALENICALS AND SOLUTIONS,MED-SURG
2023,4800011132921,EFFICASCENT OIL EXTREME25ML,GALENICALS AND SOLUTIONS,MED-SURG
2023,4800011139401,EFFICASCENT RELAXSCENT OIL 3ML,GALENICALS AND SOLUTIONS,MED-SURG
2023,4800011139418,EFFICASCENT RELAXSCENT OIL 6ML,GALENICALS AND SOLUTIONS,MED-SURG
2023,4800011159041,IPI (ACEITE DE MANZANILLA) 100ML,GALENICALS AND SOLUTIONS,MED-SURG
2023,48033053,IPI (ACEITE DE MANZANILLA) 25ML,GALENICALS AND SOLUTIONS,MED-SURG
2023,4800011159034,IPI (ACEITE DE MANZANILLA) 50ML,GALENICALS AND SOLUTIONS,MED-SURG
2023,4809012413039,KATINKO JAR 30G,GALENICALS AND SOLUTIONS,MED-SURG
2023,4809012413046,KATINKO TINS 10G,GALENICALS AND SOLUTIONS,MED-SURG
2023,4800067552179,MENTOPAS PLASTER 1X10,GALENICALS AND SOLUTIONS,MED-SURG
2023,4800011145303,OMEGA ADVANCE SPRAY 50ML,GALENICALS AND SOLUTIONS,MED-SURG
2023,4806526299388,PARTNERS LUBRICATING JELLY 5G,GALENICALS AND SOLUTIONS,MED-SURG
2023,4806512430016,PAU LINIMENT 30ML,GALENICALS AND SOLUTIONS,MED-SURG
2023,4806512430009,PAU LINIMENT 60ML,GALENICALS AND SOLUTIONS,MED-SURG
2023,48035583,RHEA AROMATIC SPIRIT OF AMMONIA 15ML,GALENICALS AND SOLUTIONS,MED-SURG
2023,24019699,SANITARY BALM (CAMPHOR+MENTHOL) 32G,GALENICALS AND SOLUTIONS,MED-SURG
2023,4809014258249,TOOTHACHE DROPS (LAR,GALENICALS AND SOLUTIONS,MED-SURG
2023,4987176600776,VICKS VAPORUB 10G,GALENICALS AND SOLUTIONS,MED-SURG
2023,4806501283159,WHITE FLOWER AC#5 1.5ML,GALENICALS AND SOLUTIONS,MED-SURG
2023,4800136400042,BUSCOPAN TAB,GIT,OTC
2023,4800136400011,BUSCOPAN VENUS TAB 10MG500MG,GIT,OTC
2023,1000200029,CALMSAPH (ALUM. MAG. HYDROXIDE) 200MG/100MG CHEWABLE TAB,GIT,PRESCRIPTION
2023,4806520351211,CLODIN (CLONIDINE) 150MG TAB,GIT,GENERICS
2023,4800301902692,DIACEL (DICYCLOVERINE) 10MG/5ML 60ML SYR,GIT,GENERICS
2023,4806524147926,DIACURE (LOPERAMIDE) 2MG CAP,GIT,GENERICS
2023,4807788048462,DIATABS (LOPERAMIDE) CAP,GIT,OTC
2023,4806529430245,DICYCLOVERINE 10MG/5ML 60ML,GIT,GENERICS
2023,4800136390039,DULCOLAX SUPP ADULT 10MG,GIT,OTC
2023,4800136730019,ERCEFLORA (BASILLUS CLAUSII) ORAL SOLUTION 5ML,GIT,OTC
2023,8904186010063,ESOTAZ (ESOMEPRAZOLE) 40MG CAP,GIT,PRESCRIPTION
2023,4807788566409,FLOTERA (LACTOBACILLUS REUTERI) CHEWABLE TAB,GIT,PRESCRIPTION
2023,4807788571519,FLOTERA 5ML DRP,GIT,PRESCRIPTION
2023,5000158071155,GAVISCON DOUBLE ACTION SAC 10ML,GIT,OTC
2023,5000158071162,GAVISCON DOUBLE ACTION TAB,GIT,OTC
2023,4801002903568,GAVISCON TABLET,GIT,OTC
2023,1000200098,HARVIMIDE (LOPERAMIDE) 2MG CAP,GIT,GENERICS
2023,4806504850136,HIDRASEC 100MG CAP,GIT,PRESCRIPTION
2023,4807788410603,HYDRITE GRANULES (ORAL REHYDRATION SALTS) APPLE SAC,GIT,OTC
2023,4800346000179,IMODIUM (LOPERAMIDE) 2MG CAP,GIT,OTC
2023,1900010113,INHIBITA (OMEPRAZOLE) 40MG EC TAB,GIT,GENERICS
2023,4807788079466,KREMIL S (ALUMINUM HYDROXIDE + MAGNESIUM HYDROXIDE + SIMETICONE) TAB,GIT,OTC
2023,4807788550958,KREMIL S ADVANCE (FAMOTIDINE + CALCIUM CARBONATE + MAGNESIUM HYDROXIDE) TAB,GIT,OTC
2023,4800304940011,LOMOTIL (LOPERAMIDE HCI) TAB,GIT,OTC
2023,1000010199,MAALOX (ALUMINUM HYDROXIDE MAGNESIUM HYDROXIDE SIMETHECONE) TAB,GIT,PRESCRIPTION
2023,4800136620112,MAALOX PLUS (ALUMINUM HYDROXIDE MAGNESIUM HYDROXIDE SIMETHECONE) TAB,GIT,PRESCRIPTION
2023,4806505141240,METO (METOCLOPRAMIDE) 10MG TAB,GIT,GENERICS
2023,4800346000193,MOTILIUM (DOMPERIDONE) 10MG TAB,GIT,PRESCRIPTION
2023,4807788535702,MOVELAX 3.3MG/5ML 120ML,GIT,PRESCRIPTION
2023,4806524142327,OMEPHIL-20 (OMEPRAZOLE) 20MG CAP,GIT,GENERICS
2023,8906045886284,PANTO PLUS (PANTOPRAZOLE + DOMPERIDONE) 40MG/30MG TAB 30,GIT,PRESCRIPTION
2023,4806513980336,PANTOVIC 40MG EC TAB,GIT,PRESCRIPTION
2023,4800221736827,PEDIALYTE MILD 30 GRAPES 500ML,GIT,OTC
2023,4806524141108,PHILSTAT (SIMVASTATIN) 10MG F.C TAB,GIT,OTC
2023,4806505140144,RANITEIN (RANITIDINE) 150MG TAB,GIT,GENERICS
2023,4809013427288,REFLUXID DUO (PANTOPRAZOLE SODIUM + DOMPERIDONE) 40MG/30MG SR CAP,GIT,PRESCRIPTION
2023,4806511301287,RINITYN (LORATIDINE) 10MG TAB 5+5,GIT,OTC
2023,8964001206385,RISEK (OMEPRAZOLE) 40MG CAP 14,GIT,PRESCRIPTION
2023,8964001206378,RISEK CAP 20MG,GIT,PRESCRIPTION
2023,1900010203,SAPHRIDONE (DOMPERIDONE) 10MG TAB,GIT,GENERICS
2023,21958939,SENOKOT (CALCIUM SENNOSIDES) 8.77MG TAB,GIT,OTC
2023,4800204022411,SENOKOT FORTE (CALCIUM SENNOSIDES) 17.54MG TAB,GIT,OTC
2023,4806518661223,SPASMOMEN 40MG TAB,GIT,PRESCRIPTION
2023,4800046000752,VIVALYTE 250ML ORANGE,GIT,OTC
2023,4800046000738,VIVALYTE E-DRINK APPLE 250ML,GIT,OTC
2023,4800046000844,VIVALYTE PLUS APPLE 4.8G SACHET,GIT,OTC
2023,4800046000899,VIVALYTE PLUS ORANGE 4.8G SACHET,GIT,OTC
2023,8994388193985,VOMETA DROPS,GIT,OTC
2023,4800064630061,ALTHEA PILLS,GUT AND HORMONES,PRESCRIPTION
2023,4806504653348,CORVELAM 800MG (SEVELAMER CARBONATE) TAB,GUT AND HORMONES,PRESCRIPTION
2023,4800306590078,DAFLON (DIOSMIN + HEPERIDIN) 500MG TAB,GUT AND HORMONES,OTC
2023,4801962113106,DIANE 35 TAB 21&#039;..,GUT AND HORMONES,PRESCRIPTION
2023,4800333162446,DUODART (DUTASTERIDE TAMSULOSIN HCL) 500/400MCGCAP,GUT AND HORMONES,PRESCRIPTION
2023,4800286242646,DUPHASTON(DYDROGESTERONE) 10MG TAB,GUT AND HORMONES,PRESCRIPTION
2023,4800253240675,EUTHYROX (LEVOTHYROXINE) 100MCG TAB,GUT AND HORMONES,PRESCRIPTION
2023,4800253240668,EUTHYROX (LEVOTHYROXINE) 50MCG TAB,GUT AND HORMONES,PRESCRIPTION
2023,4800253240644,EUTHYROX 25MCG TAB,GUT AND HORMONES,PRESCRIPTION
2023,4806508321885,K-LYTE (POTASSIUM CHLORIDE) 600MG TAB,GUT AND HORMONES,PRESCRIPTION
2023,4806522631175,KALIUM DURULES TAB 750MG,GUT AND HORMONES,PRESCRIPTION
2023,4800064630023,LADY PILLS (ETHINYL ESTRADIOL + LEVONORGESTEROL,GUT AND HORMONES,OTC
2023,4806503124566,MIA FORTE (SAMBONG LEAF) TAB,GUT AND HORMONES,PRESCRIPTION
2023,4807788618153,PROGLINMET (VILDAGLIPTIN + METFORMIN) 50/500MG TAB,GUT AND HORMONES,GENERICS
2023,4800304990252,PROVERA 10MG TAB,GUT AND HORMONES,PRESCRIPTION
2023,4800204013617,RELEAF(SAMBONG)FORTE 500MG,GUT AND HORMONES,PRESCRIPTION
2023,4806511990641,RENABAL (KETOANALOGUES + ESSENTIAL AMINO ACIDS) FC TAB,GUT AND HORMONES,PRESCRIPTION
2023,4806504269952,RENALEAF (SAMBONG) 500MG TAB,GUT AND HORMONES,GENERICS
2023,4800284162120,ROWATINEX CAP,GUT AND HORMONES,PRESCRIPTION
2023,8906005112378,SULTAM (TAMSULOSIN HCL) 200MCG E.C TAB,GUT AND HORMONES,PRESCRIPTION
2023,4806514620057,TAPDIN (METHIMAZOLE) 20MG TAB,GUT AND HORMONES,PRESCRIPTION
2023,4807788562043,TASCIT 15MEQ (POTASSIUM CITRATE,GUT AND HORMONES,PRESCRIPTION
2023,4800064610414,TRUST PILLS (ETHINYL ESTRADIOL + LEVONORGESTREL,GUT AND HORMONES,OTC
2023,8806472023811,URSOMAX (URSODEOXYCHOLIC ACID) 300MG TAB,GUT AND HORMONES,PRESCRIPTION
2023,4807788535719,ZEGEN 500MG TAB,GUT AND HORMONES,GENERICS
2023,4800326628782,BIGEN DARK BROWN,HAIR CARE,PERSONAL CARE
2023,8904220114719,DERMAZOLE SHAMPOO 20MG SACHET 8ML,HAIR CARE,PERSONAL CARE
2023,4800888154354,DOVE STRAIGHT & SILKY 170ML,HAIR CARE,PERSONAL CARE
2023,4808888413594,PALMOLIVE INTENSIVE MOISTURE 90ML,HAIR CARE,PERSONAL CARE
2023,4800119131666,STYLEX EXTREME HOLD (YELLOW) 125G,HAIR CARE,PERSONAL CARE
2023,4800119131659,STYLEX EXTREME HOLD (YELLOW) 50G,HAIR CARE,PERSONAL CARE
2023,4800119131697,STYLEX NORMAL HOLD (GREEN) 50G,HAIR CARE,PERSONAL CARE
2023,4800119213461,VITRESS HAIR CUTICLE COAT CLASSIC 30ML,HAIR CARE,PERSONAL CARE
2023,4987072081808,KOOL FEVER BABY 2&#039;S,HOME REMEDY,PERSONAL CARE
2023,4987072005538,KOOL FEVER KIDS 2&#039;S,HOME REMEDY,PERSONAL CARE
2023,4800011736013,OMEGA PAIN KILLER 15ML,HOME REMEDY,OTC
2023,4800011736037,OMEGA PAIN KILLER 60ML,HOME REMEDY,OTC
2023,8935196509315-1,SALONPAS PLASTER 20s,HOME REMEDY,OTC
2023,29314057013407,VALDA PASTILLES MENTHOL ZIP POUCH 20G,HOME REMEDY,PERSONAL CARE
2023,4987176016928,VICKS BABY RUB 20G,HOME REMEDY,PERSONAL CARE
2023,4987176035585,VICKS INHALER TWIN PACK 0.5MLX2,HOME REMEDY,OTC
2023,4987176009678,VICKS VAPORUB 25G,HOME REMEDY,OTC
2023,4987176600769,VICKS VAPORUB 5G,HOME REMEDY,OTC
2023,4806501283135,WHITE FLOWER C#3 5ML,HOME REMEDY,OTC
2023,4806501283142,WHITE FLOWER C#4 2.5ML,HOME REMEDY,OTC
2023,9556111408088,LYSOL CRISP LINEN 510G,HOUSEHOLD CHEMICALS,HOUSEHOLD GOODS
2023,91709035,COS-MED BLOOD TRANSFUSION SET,NEEDLES AND TUBINGS,MED-SURG
2023,34335010350,FOLEY CATH 14,NEEDLES AND TUBINGS,MED-SURG
2023,15291549203,FOLEY CATH 16,NEEDLES AND TUBINGS,MED-SURG
2023,93760857537,FOLEY CATH FR14,NEEDLES AND TUBINGS,MED-SURG
2023,74329007,KING MED DISPOSABLE SYRINGE 10CC,NEEDLES AND TUBINGS,MED-SURG
2023,94255989100,NEBULIZER KIT RESPISENZ,NEEDLES AND TUBINGS,MED-SURG
2023,32299253505,NGT F18,NEEDLES AND TUBINGS,MED-SURG
2023,4806524145687,SURE-GUARD DISPOSABLE SYRINGE 5CC,NEEDLES AND TUBINGS,MED-SURG
2023,72574300,TUDOR MACRO & INFUSION SET1ML=60GTT ADULT,NEEDLES AND TUBINGS,MED-SURG
2023,8906045605021,BETZINE (BETAHISTINE HYDROCHLORIDE) 16MG TAB,NEUROLOGICAL DRUGS,GENERICS
2023,8906045605038,BETZINE (BETAHISTINE HYDROCHLORIDE) 24MG TAB,NEUROLOGICAL DRUGS,PRESCRIPTION
2023,4807788552167,FUNXION (PREGABALIN) 75MG CAP,NEUROLOGICAL DRUGS,PRESCRIPTION
2023,4806520083006,NEUROZ (PREGABALIN) 75MG CAP,NEUROLOGICAL DRUGS,PRESCRIPTION
2023,4806517790450,NUVERT (BETAHISTINE HCL) 16MG FC TAB,NEUROLOGICAL DRUGS,GENERICS
2023,4800286231718,SERC 16MG TAB,NEUROLOGICAL DRUGS,PRESCRIPTION
2023,4806513980138,VERTROL (BETAHISTINE HYDROCHLORIDE) 16MG TAB,NEUROLOGICAL DRUGS,GENERICS
2023,4800140001105,BACTIDOL LIQUID 250ML,ORAL CARE,PERSONAL CARE
2023,4800140001099,BACTIDOL ORAL 120ML,ORAL CARE,PERSONAL CARE
2023,4800140001082,BACTIDOL ORAL 60ML,ORAL CARE,PERSONAL CARE
2023,4800204001720,BETADINE GARGLE 120ML,ORAL CARE,PERSONAL CARE
2023,4800204001713,BETADINE GARGLE 60ML,ORAL CARE,PERSONAL CARE
2023,4800067122068,CLEENE CLIO TBRUSH ECONOMY,ORAL CARE,PERSONAL CARE
2023,54864344,CLIO DENTAL FLOSS 20M,ORAL CARE,PERSONAL CARE
2023,4800067147085,CLIO DENTAL FLOSS 50M (CLEENE,ORAL CARE,PERSONAL CARE
2023,8850006320501,COLGATE AMINO POWDER 140G,ORAL CARE,PERSONAL CARE
2023,8850006321133,COLGATE AMINO POWDER 37G,ORAL CARE,PERSONAL CARE
2023,8850006320518,COLGATE AMINO POWDER 74G,ORAL CARE,PERSONAL CARE
2023,8850006327463,COLGATE TRIPLE ACTION 169 FOR 2 TUBES,ORAL CARE,PERSONAL CARE
2023,8850007814290,LISTERINE COOL MINT 100ML,ORAL CARE,PERSONAL CARE
2023,9310059050071,LISTERINE COOL MINT 250ML,ORAL CARE,PERSONAL CARE
2023,8850007814313,LISTERINE FRESH BURST 100ML,ORAL CARE,PERSONAL CARE
2023,8850007814382,LISTERINE TOTAL CARE 100ML,ORAL CARE,PERSONAL CARE
2023,8850007812173,LISTERINE TOTAL CARE 250ML,ORAL CARE,PERSONAL CARE
2023,4806506749223,ORAHEX ALCOHOL FREE 120ML,ORAL CARE,PERSONAL CARE
2023,4806506740022,ORAHEX REGULAR 120ML,ORAL CARE,PERSONAL CARE
2023,8991991161332,SENSODYNE FRESHMINT 100G,ORAL CARE,PERSONAL CARE
2023,92561950000012,ABDOMINAL BINDER (BLUE,ORTHO SUPPORT,MED-SURG
2023,606722893032,ARM SLING L,ORTHO SUPPORT,MED-SURG
2023,606722893033,ARM SLING M,ORTHO SUPPORT,MED-SURG
2023,606723000000,ARM SLING XL,ORTHO SUPPORT,MED-SURG
2023,80475628042,ELASTIC BANDAGE 3x5,ORTHO SUPPORT,MED-SURG
2023,29682409253,ELASTIC BANDAGE 4x5,ORTHO SUPPORT,MED-SURG
2023,4719863691301,KNEE SUPPORT (ELASTIC) L,ORTHO SUPPORT,MED-SURG
2023,4717237020379,KNEE SUPPORT 704 IM XL,ORTHO SUPPORT,MED-SURG
2023,6582773211,STRESS BALL,ORTHO SUPPORT,MED-SURG
2023,4806524144239,SURE-GUARD ELASTIC BANDAGE 10X5,ORTHO SUPPORT,MED-SURG
2023,4806524142822,SURE-GUARD GAUZE BANDAGE ROLL 4X10,ORTHO SUPPORT,MED-SURG
2023,4800153300677,ADVIL LIQUIGEL (IBUPROFEN) CAP,PAIN MANAGEMENT,OTC
2023,480778853619,ALAXAN FR (IBUPROFEN + PARACETAMOL) CAP,PAIN MANAGEMENT,OTC
2023,4807788547071,ALGESIA (PARACETAMOL + TRAMADOL) 37.5/325 MG TAB,PAIN MANAGEMENT,PRESCRIPTION
2023,4806523303071,ALLUPREX (ALLOPURINOL) 300MG TAB,PAIN MANAGEMENT,GENERICS
2023,4800369000071,ALLURASE(ALLOPURINOL) 100MG TAB,PAIN MANAGEMENT,PRESCRIPTION
2023,10000200185,APTRADOL (TRAMADOL HYDROCHLORIDE) 50MG CAP,PAIN MANAGEMENT,GENERICS
2023,4800489114368,ARCOXIA (ETORICOXIB) 120MG TAB,PAIN MANAGEMENT,GENERICS
2023,4800489114320,ARCOXIA (ETORICOXIB) 60MG TAB,PAIN MANAGEMENT,PRESCRIPTION
2023,4800489114344,ARCOXIA 90MG TAB,PAIN MANAGEMENT,PRESCRIPTION
2023,4806521160782,ATENURIX (FEBUXOSTAT) 40MG FCT,PAIN MANAGEMENT,PRESCRIPTION
2023,4806527650263,BIODOL (PARACETAMOL) 250MG/5ML SUSP 60ML,PAIN MANAGEMENT,GENERICS
2023,4807788526762,BIOFLU (PENYLEPHINE + CHLORPHENAMINE + PARACETAMOL) TAB,PAIN MANAGEMENT,OTC
2023,4807788565600,BIOFLU SUSPENSION 2.5MG,PAIN MANAGEMENT,OTC
2023,4807788550668,BIOGESIC (PARACETAMOL) 100MG 15ML ORANGE DRP,PAIN MANAGEMENT,OTC
2023,4807788519177,BIOGESIC (PARACETAMOL) 250MG/5ML ORANGE 60ML,PAIN MANAGEMENT,OTC
2023,4807788561688,BIOGESIC (PARACETAMOL) 500MG TAB,PAIN MANAGEMENT,OTC
2023,4807788519184,BIOGESIC 120MG/5ML OR SYR 60ML,PAIN MANAGEMENT,OTC
2023,4806527191582,BIOGIC (PARACETAMOL) 500MG TAB,PAIN MANAGEMENT,GENERICS
2023,8904172926156,BIXOCOT (ETORICOXIB) 120MG FCT,PAIN MANAGEMENT,PRESCRIPTION
2023,4800304810130,BONAMINE CHEW(ADULT)TAB 25MG,PAIN MANAGEMENT,OTC
2023,4800304810062,BONAMINE CHEW(KIDS)TAB 12.5MG,PAIN MANAGEMENT,OTC
2023,4800318000190,CALPOL 2-6 YRS 120MG/5ML SUSP 60ML,PAIN MANAGEMENT,OTC
2023,8964001206033,CELCOXX CAP 200MG,PAIN MANAGEMENT,PRESCRIPTION
2023,8964001206040,CELCOXX CAP 400MG,PAIN MANAGEMENT,PRESCRIPTION
2023,29314057013711,DEQUADIN LOZENGES (DEQUALINIUM CHLORIDE) ORANGE,PAIN MANAGEMENT,OTC
2023,8904180801162,DICTAS (DICLOFENAC SODIUM) 50MG,PAIN MANAGEMENT,PRESCRIPTION
2023,9314057002629,DIFFLAM LOZENGES (BENZYDAMINE HYDROCHLORIDE) 3MG,PAIN MANAGEMENT,OTC
2023,27161753,DOCOR 250 (HYDROCORTISONE SODIUM SUCCINATE) 250MG/ML VIAL,PAIN MANAGEMENT,GENERICS
2023,4807788519290,DOLAN FP FORTE 200MG 60ML,PAIN MANAGEMENT,OTC
2023,4800346002647,DOLCET (TRAMADOL HCI + PARACETAMOL) 37.5/325MG TAB,PAIN MANAGEMENT,PRESCRIPTION
2023,4807788407375,DOLFENAL (MEFENAMIC ACID) 500MG,PAIN MANAGEMENT,OTC
2023,4806530220309,DUOTRAM (PARA + TRAMA HCL) 325MG/37.5MG TAB,PAIN MANAGEMENT,GENERICS
2023,4806524147131,EMICOX (CELECOXIB) 200MG,PAIN MANAGEMENT,GENERICS
2023,4806511171095,EPERISONE HCL (PERISPA) 50MG,PAIN MANAGEMENT,PRESCRIPTION
2023,4800136060062,ESSENTIALE FORTE CAP,PAIN MANAGEMENT,PRESCRIPTION
2023,4806518920054,FASTUM GEL 30G,PAIN MANAGEMENT,PRESCRIPTION
2023,8904159620923,FEBUDAY-40 (FEBUXOSTAT) 40MG TAB,PAIN MANAGEMENT,PRESCRIPTION
2023,4800338585165,FEVRAL (IBUPROFEN) 200MG TAB,PAIN MANAGEMENT,GENERICS
2023,4806513980114,FLAMACOX 200MG CAP,PAIN MANAGEMENT,GENERICS
2023,4800281329632,FLANAX FORTE 550MG TAB,PAIN MANAGEMENT,OTC
2023,8904180810744,GORTIZONE (HYDROCORTISONE) 250MG IM/IV,PAIN MANAGEMENT,GENERICS
2023,1000200053,GOUTSAPH (COLCHICINE) 500MCG TAB,PAIN MANAGEMENT,GENERICS
2023,4806529430269,HISTAZYN (DIPHENHYDRAMINE) 50MG CAP,PAIN MANAGEMENT,GENERICS
2023,4806517790252,ICOX (CELCOXIB) 200MG CAP,PAIN MANAGEMENT,PRESCRIPTION
2023,4800012341094,KAMILLOSAN NM SPRAY 370.5MG 15ML,PAIN MANAGEMENT,OTC
2023,4806518661209,KETESSE (DEXKETOPROFEN) 25MG TAB,PAIN MANAGEMENT,PRESCRIPTION
2023,8995227502234,LOLA REMEDIOS,PAIN MANAGEMENT,OTC
2023,4806524140651,MECID (MEFENAMIC) 500MG CAP,PAIN MANAGEMENT,GENERICS
2023,4807788545121,MEDICOL ADVANCE 400MG (IBUPROFEN,PAIN MANAGEMENT,OTC
2023,4807788417206,MEDICOL ADVANCE SOFTGEL (IBUPROFEN) CAP,PAIN MANAGEMENT,OTC
2023,1900010249,MELOTAB (MELOXICAM) 15MG TAB,PAIN MANAGEMENT,GENERICS
2023,4806507310606,MIDOL 200MG TAB,PAIN MANAGEMENT,OTC
2023,4800324090277,MYONAL TAB,PAIN MANAGEMENT,PRESCRIPTION
2023,4800314100122,NORGESIC FORTE TAB,PAIN MANAGEMENT,PRESCRIPTION
2023,8904172923254,PAROPHEN (PARACETAMOL + ORPHENADRINE) TAB,PAIN MANAGEMENT,GENERICS
2023,4800140000771,PONSTAN SF 500MG (MEFENAMIC ACID) CAP,PAIN MANAGEMENT,OTC
2023,8964001206361,REVENTA 70MG TAB,PAIN MANAGEMENT,PRESCRIPTION
2023,4807788571373,REXIDOL FTE TAB,PAIN MANAGEMENT,OTC
2023,4806033302731,RM COLCHICINE 500MG,PAIN MANAGEMENT,PRESCRIPTION
2023,4806033304131,RM MEFENAMIC ACID 500MG TAB,PAIN MANAGEMENT,OTC
2023,73682899,SAPHLECOX 400 (CELECOXIB) 400MG CAP,PAIN MANAGEMENT,GENERICS
2023,4809013427011,SEREMAX FORTE (PREGABALIN + MECOBALAMIN + ALPHA LIPOIC ACID) 75MG/750MCG/100MG CAP,PAIN MANAGEMENT,PRESCRIPTION
2023,4807788556370,SKELAN 550MG CAP,PAIN MANAGEMENT,OTC
2023,4806503124443,SQFEN (IBUPROFEN) 200MG/5ML 60ML SUSP,PAIN MANAGEMENT,GENERICS
2023,4806517971996,STERICORT (HYDROCORTISONE SODIUM SUCCINATE) 100MG IV/IM,PAIN MANAGEMENT,GENERICS
2023,4806517970999,STERICORT (HYDROCORTISONE SODIUM SUCCINATE) 250MG IV/IM,PAIN MANAGEMENT,GENERICS
2023,8851198048525,STREPSILS COOL 8s,PAIN MANAGEMENT,OTC
2023,8851198078522,STREPSILS EXTRA STRONG (DICHLOROBENZYL ALCOHOL + AMYLMETACRESOL + ASCORBIC ACID,PAIN MANAGEMENT,OTC
2023,8851198038526,STREPSILS LOZ (ORANGE) 8s,PAIN MANAGEMENT,OTC
2023,8995201800554,TEMPRA 100MG/ML ORANGE 30ML DROPS,PAIN MANAGEMENT,OTC
2023,8995201800479,TEMPRA 120MG SYRUP 60ML (ORANGE,PAIN MANAGEMENT,OTC
2023,8995201800530,TEMPRA FORTE (ORANGE) 60ML,PAIN MANAGEMENT,OTC
2023,8853935013353,UNIGAN (PARACETAMOL + HYOSCINE-N-BUTYLBROMIDE) 500MG/10MG FC TAB,PAIN MANAGEMENT,PRESCRIPTION
2023,4807788558657,URINORM (FEBUXOSTAT) 40MG TAB,PAIN MANAGEMENT,PRESCRIPTION
2023,4806505141295,URISOL (ALLOPURINOL) 100MG TAB,PAIN MANAGEMENT,GENERICS
2023,4800153151231,BONNA 0-6 MONTHS 350G,PEDIATRIC MILK,F&B
2023,43182085938,GLOMED LATEX GLOVES MEDIUM,PERSONAL PROTECTIVE EQUIPMENT,MED-SURG
2023,46454312761,GLOMED LATEX GLOVES SMALL,PERSONAL PROTECTIVE EQUIPMENT,MED-SURG
2023,4806524149166,SURE-GUARD LATEX SURGICAL GLOVES 7.0 PAIR,PERSONAL PROTECTIVE EQUIPMENT,MED-SURG
2023,4806524144925,SUREGUARD STERILE LATEX GLOVES 7.5 PAIR,PERSONAL PROTECTIVE EQUIPMENT,MED-SURG
2023,25761726337,BANDAGE SCISSOR 3 1/2,"PLASTIC, GLASSWARE, AND STAINLESS",MED-SURG
2023,4800067056004,BBFLO GENTLE BUDS PLASTIC 36TIP,"PLASTIC, GLASSWARE, AND STAINLESS",MED-SURG
2023,4800067058367,BBFLO NASAL ASPIRATOR,"PLASTIC, GLASSWARE, AND STAINLESS",MED-SURG
2023,4800067052211,BBFLO SILICON NIPPLE M,"PLASTIC, GLASSWARE, AND STAINLESS",MED-SURG
2023,33456416,BEDPAN PLASTIC,"PLASTIC, GLASSWARE, AND STAINLESS",MED-SURG
2023,90392780266,DROPPER,"PLASTIC, GLASSWARE, AND STAINLESS",MED-SURG
2023,500001000123,I-SHIELD ICE BAG 6&#039;,"PLASTIC, GLASSWARE, AND STAINLESS",MED-SURG
2023,BO-0364,IRIS SCISSOR OLTEN 4 1/2,"PLASTIC, GLASSWARE, AND STAINLESS",MED-SURG
2023,61792502891,MEDICINE CUP,"PLASTIC, GLASSWARE, AND STAINLESS",MED-SURG
2023,41720005175,PLASTIC URINAL,"PLASTIC, GLASSWARE, AND STAINLESS",MED-SURG
2023,4807788740977,ALLERTA (LORATADINE) 10MG TAB 2+1 PACK,PROMO PACKS,PROMOTIONS
2023,85441781,B-PLEX (VIT B1+B6+B12) CAP,PROMO PACKS,PROMOTIONS
2023,4806520890246,BEWELL-C CAP(PPACK 5+1,PROMO PACKS,OTC
2023,4807788349088,CONZACE 9+1 CAP,PROMO PACKS,OTC
2023,4806031903398,PHAREX VITAMIN (VITAMIN B1+B6+B12) 17+3 TAB NS,PROMO PACKS,PROMOTIONS
2023,4807788730022,SOLMUX ADVANCE 5+1 FC TAB,PROMO PACKS,PROMOTIONS
2023,4807788572899,TUSERAN PPA CAP 4/PACK,PROMO PACKS,OTC
2023,4806527194088,ALLECUR (CETIRIZINE) 10MG TAB,RESPIRATORY,GENERICS
2023,4807788519948,ALLERKID 2.5MG DROPS 10ML,RESPIRATORY,OTC
2023,4807788532022,ALLERKID 5MG SYR 60ML,RESPIRATORY,OTC
2023,4807788408853,ALNIX (CETIRIZINE) 10MG TAB,RESPIRATORY,OTC
2023,4807788519849,ALNIX 2.5MG DROP 10ML,RESPIRATORY,OTC
2023,4807788519818,ALNIX 5MG/5ML SYR 60ML,RESPIRATORY,OTC
2023,4807788520838,ALNIX PLUS (CETIRIZINE+PHENYLEPHRINE) 5MG/10MG TAB,RESPIRATORY,OTC
2023,4807788530691,ALNIX PLUS SYR 5MG 60ML,RESPIRATORY,OTC
2023,4800333227923,ANORO ELLIPTA 62.5/25MCG,RESPIRATORY,PRESCRIPTION
2023,4800204719915,ASCOFFTE CAP 10+5 PROMO PACK,RESPIRATORY,OTC
2023,4800369000811,ASFRENON-GF (SALBUTAMOL GUAIFENESIN) 1MG/50MG PER 5ML SYRUP 60ML,RESPIRATORY,PRESCRIPTION
2023,4800369000286,ASFRENONSYR 2MG 60ML SYR,RESPIRATORY,PRESCRIPTION
2023,4807788519733,ASMALINÂ® 2MG SYR 60ML,RESPIRATORY,PRESCRIPTION
2023,6921665001499,AXMAXOLV (SALBUTAMOL) 100MCG/ACTUATION,RESPIRATORY,PRESCRIPTION
2023,4801010206118,BENADRYL AH (DIPHENHYDRAMINE) CAP,RESPIRATORY,PRESCRIPTION
2023,8906076770101,BETTERVENT (SALBUTAMOL) 1MG/ML (2.5MG/2.5ML) SOL&#039;N,RESPIRATORY,PRESCRIPTION
2023,4800348114515,BREZU (PROCATEROL) 5MCG/ML 60ML SYR,RESPIRATORY,PRESCRIPTION
2023,8906044713802,BUDEXA (BUDESONIDE) 250MCG/ML RESP,RESPIRATORY,GENERICS
2023,4806529430672,BUTAMOL (SALBUTAMOL) 2MG/5ML SYR 60ML,RESPIRATORY,GENERICS
2023,4806523301800,CEASCOL (CARBOCISTEINE) 500MG CAP,RESPIRATORY,GENERICS
2023,4806523302708,CETIREX (CETIRIZINE) 5MG/5ML 60ML SYR,RESPIRATORY,OTC
2023,4809015596449,CETOZ-L (LEVOCETIRIZINE DIHYDROCHLORIDE) 5MG FCT,RESPIRATORY,PRESCRIPTION
2023,4800562050118,CO-ALEVA TAB 10MG/.5MG,RESPIRATORY,PRESCRIPTION
2023,4806521160294,CO-ALTRIA (MONTELUKAST SODIUM + LEVOCITIRIZINE DEHYDROCHLORIDE) 10MG/5MG TAB,RESPIRATORY,PRESCRIPTION
2023,4806529431112,COUXIN (AMBROXOL HCI) 30MG TAB,RESPIRATORY,GENERICS
2023,4806529430047,COUXIN (AMBROXOL) 15MG/5ML SYR 60ML,RESPIRATORY,OTC
2023,4807788535771,DECILONE FORTE 4MG TAB,RESPIRATORY,PRESCRIPTION
2023,4807788556738,DECOLGEN FORTE (PHENYLEPROPANOLAMINE HCI + CHLORPHENAMINE MALEATE + PARACETAMOL,RESPIRATORY,OTC
2023,4807788658975,DECOLGEN NO DROWSE (PHENYLEPROPANOLAMINE HCI + PARACETAMOL,RESPIRATORY,OTC
2023,4806524140835,DERPSON (PREDNISONE) 5MG TAB,RESPIRATORY,GENERICS
2023,4807788530882,DISUDRIN 60ML SYR,RESPIRATORY,OTC
2023,4807788530875,DISUDRIN DRP 10ML,RESPIRATORY,OTC
2023,4807788563095,DOXOFIX (DOXOFYLLINE) 400MG TAB,RESPIRATORY,PRESCRIPTION
2023,4807788416476,DRENEX 3MG TAB,RESPIRATORY,PRESCRIPTION
2023,4807788050236,DUAVENT P-NEB 500MCG (IPRATROPRIUM + SALBUTAMOL,RESPIRATORY,PRESCRIPTION
2023,4800562011812,ECTRIN 300 MG CAP,RESPIRATORY,PRESCRIPTION
2023,4800360302204,ENERVON TAB,RESPIRATORY,OTC
2023,4807788558381,EXFLEM (ACETYLCYSTEINE) 600MG SACH,RESPIRATORY,PRESCRIPTION
2023,4807788519870,EXPEL 15MG SYR 60ML,RESPIRATORY,OTC
2023,4807788519887,EXPEL 6MG DROP 15ML,RESPIRATORY,OTC
2023,4800308731318,FLUIMUCIL (ACETYLCYTEINE) 200MG,RESPIRATORY,PRESCRIPTION
2023,4800308991491,FLUIMUCIL 600MG TAB,RESPIRATORY,PRESCRIPTION
2023,4800308731172,FLUIMUCIL GRAN (ACETYLCYTEINE) 100MG,RESPIRATORY,PRESCRIPTION
2023,4800573055195,HIVENT PLUS (SALBUTAMOL+IPRATROPIUM BROMIDE) 2.5MG+500MCG/2.5ML AMP,RESPIRATORY,PRESCRIPTION
2023,4806505140724,KARVIDOL (CARVEDILOL) 25MG TAB,RESPIRATORY,GENERICS
2023,4809012413466,KATINKO INHALER,RESPIRATORY,OTC
2023,4806523302289,LEUKOREX (MONTELUKAST SODIUM) 10MG FC TAB,RESPIRATORY,GENERICS
2023,1000010494,MEPTIN TAB 25MG,RESPIRATORY,GENERICS
2023,8904172922233,MONTI PLUS (MONTELUKAST + LEVOCITIRIZINE) 10/5MG TAB,RESPIRATORY,PRESCRIPTION
2023,8964001206316,MONTIGET (MONTELUKAST SODIUM) 5MG TAB,RESPIRATORY,PRESCRIPTION
2023,8964001206286,MONTIGET (MONTELUKAST SODIUM) GRANULES,RESPIRATORY,PRESCRIPTION
2023,4800136340010,MUCOSOLVAN 75MG CAP,RESPIRATORY,OTC
2023,4800136340072,MUCOSOLVAN TAB 30MG,RESPIRATORY,OTC
2023,4800369000675,MUCOTUSS FORTE (PHENYLPROPANOLAMINE HCL + CHLORPHENIRAMINE MALEATE + PARACETAMOL + DEXTROMETHORPHAN,RESPIRATORY,PRESCRIPTION
2023,4807788560438,NAFARIN A TAB,RESPIRATORY,OTC
2023,4806532560151,NASATAPP (PHENYLPROPANOLAMINE + BROMPHENIRAMINE HCL) 12.5MG 60ML SYRUP,RESPIRATORY,OTC
2023,4806532560489,NASATAPP NO DROWSE (PARACETAMOL + PHENYLEPHRINE HYDROCHLORIDE) 500MG/25MG TAB,RESPIRATORY,OTC
2023,4807788696281,NASOFLO NASAL SPRAY 50MCG,RESPIRATORY,PRESCRIPTION
2023,8906005114990,NAXCIL-600 (ACETYLCYSTEINE) 600MG POWDER,RESPIRATORY,PRESCRIPTION
2023,4807788559593,NEOZEP FORTE (PHENYLEPHRINE HCL + PARACETAMOL) TAB,RESPIRATORY,OTC
2023,4807788560650,NEOZEP NO-DROWSE (PHENYLEPHRINE HCL + PARACETAMOL) TAB,RESPIRATORY,OTC
2023,4807788519900,NEOZEP SYRUP 60ML,RESPIRATORY,OTC
2023,4800289822500,NOPHLEGM (ACETYLCYSTEINE) 600MG POWDER ORAL SOLUTION,RESPIRATORY,PRESCRIPTION
2023,4806527193784,OFPLEMED FORTE (VITEX NEGUNDO L LAGUNDI LEAF) 600MG TAB,RESPIRATORY,OTC
2023,4809015142035,OHHIRAs PROPOLIS 600MG CAP,RESPIRATORY,PRESCRIPTION
2023,4806512120146,PECOF SYRUP 100ML,RESPIRATORY,PRESCRIPTION
2023,4809014678092,PLEMEX FORTE (VITEX NEGUNDO L. LAGUNDI LEAF) CAP,RESPIRATORY,OTC
2023,4809014678047,PLEMEX FORTE 600MG/5ML 120ML,RESPIRATORY,OTC
2023,4809014678054,PLEMEX FORTE 600MG/5ML 60ML,RESPIRATORY,OTC
2023,4800261123755,POLY+NEO+DEXA EYE DROP (ISORE,RESPIRATORY,OTC
2023,4806505754488,PRED 20 (PREDNISOLONE) 60ML,RESPIRATORY,PRESCRIPTION
2023,4806504269921,PREND (PREDNISONE) 20MG TAB,RESPIRATORY,GENERICS
2023,4800363081182,PROLIX (PREDNISONE) 10MG 60ML SUSP.,RESPIRATORY,PRESCRIPTION
2023,4800363081151,PROLIX (PREDNISONE) 20MG TAB,RESPIRATORY,PRESCRIPTION
2023,4806523431330,RABAPHEN (DIPHENHYDRAMINE HCL) 50MG/ML 1ML AMP,RESPIRATORY,GENERICS
2023,26046143,RELAXSAPH (IPRATROPIUM BROMIDE + SALBUTAMOL SULFATE) 200MCG/1MG PER ML 2.5ML AMP,RESPIRATORY,PRESCRIPTION
2023,4806511301218,REMEHIST (LORATADINE) 10MG TAB,RESPIRATORY,GENERICS
2023,4807788562548,RM AMOXCILLIN 500MG CAP,RESPIRATORY,GENERICS
2023,4800153300691,ROBIKIDS 250MG/5ML SUSPENSION 60ML,RESPIRATORY,OTC
2023,4800318001883,ROBITUSSIN DM 120ML,RESPIRATORY,OTC
2023,4800153953439,ROBITUSSIN DM 60ML,RESPIRATORY,OTC
2023,4800153953262,ROBITUSSIN EXPECTORANT (GUAIFENESIN) 120ML,RESPIRATORY,OTC
2023,4800153953828,ROBITUSSIN L-GEL (GUAIFENESIN) 200MG CAP,RESPIRATORY,OTC
2023,48003603022041,SALINASE DROP 30ML,RESPIRATORY,OTC
2023,4800360275683,SALINASE NASAL SPRAY 30ML,RESPIRATORY,OTC
2023,1000200071,SAPHROXOL (AMBROXOL HCI) 75MG CAP,RESPIRATORY,GENERICS
2023,8902399005746,SECUNDA (CEFUROXIME) 500MG CAP,RESPIRATORY,GENERICS
2023,4800333169346,SERETIDE (SALMETEROL + FLUTICASONE PROP)25/50MCG MDI,RESPIRATORY,PRESCRIPTION
2023,4800333169360,SERETIDE 25/250MCG MDI,RESPIRATORY,PRESCRIPTION
2023,4800333169353,SERETIDE INHALER 25/125,RESPIRATORY,PRESCRIPTION
2023,4800318705286,SINECOD FORTE (BUTAMIRATE CITRATE) TAB 50MG,RESPIRATORY,OTC
2023,4029799118167,SINUPRET FORTE DRAGEES,RESPIRATORY,OTC
2023,4807788402646,SOLMUX (CARBOCISTEINE) 500MG CAP,RESPIRATORY,OTC
2023,4807788564191,SOLMUX ADVANCE (CARBOCISTEINE + ZINC) 500MG,RESPIRATORY,OTC
2023,4807788557384,SOLMUX BRONCHO CAP,RESPIRATORY,OTC
2023,4807788519696,SOLMUX FORTE 60ML SUSP,RESPIRATORY,OTC
2023,4807788519702,SOLMUX PED TR 200MG SYR 60ML,RESPIRATORY,OTC
2023,4806502850015,SYMDEX D FORTE TAB,RESPIRATORY,OTC
2023,4806502850008,SYMDEX D TAB,RESPIRATORY,OTC
2023,4807788572097,TUSERAN FORTE (DEXTROMETHORPAN HBR + PHENYLEPROPANOLAMINE HCI + PARACETAMOL) CAP,RESPIRATORY,OTC
2023,4800333900031,VENTOLIN NEBULES 2.5MG/2.5ML,RESPIRATORY,PRESCRIPTION
2023,4806520350900,VENTOMAX (SALBUTAMOL) 2MG TAB,RESPIRATORY,GENERICS
2023,4987176013491,VICKS INHALER KEY CHAIN,RESPIRATORY,OTC
2023,4800333162101,VIRLIX (CETIRIZINE) 10MG TAB,RESPIRATORY,OTC
2023,4806527191520,VN2 (SALBUTAMOL SULFATE) 2MG/5ML SYR 60ML,RESPIRATORY,GENERICS
2023,4806032401336,VONWELT PREDNISONE 10MG TAB,RESPIRATORY,PRESCRIPTION
2023,4800333213322,XYZAL (LEVOCETIRIZINE) 5MG TAB 30&#039;,RESPIRATORY,PRESCRIPTION
2023,4800308560857,ZYKAST (MONTELUKAST NA + LEVOCETIRIZINE HCL) TAB 10MG/5MG,RESPIRATORY,PRESCRIPTION
2023,4806517213096,AFICIONADO COOL FANCY RED 55ML,SKIN AND BODY,PERSONAL CARE
2023,4806517210026,AFICIONADO FRESH PINK 55ML,SKIN AND BODY,PERSONAL CARE
2023,4806517214666,AFICIONADO ICY DIVE 55ML,SKIN AND BODY,PERSONAL CARE
2023,4800067123140,APOLLO LIPBALM ORIG 7G,SKIN AND BODY,PERSONAL CARE
2023,4800067123133,APOLLO LIPBALM PINK 7G,SKIN AND BODY,PERSONAL CARE
2023,4800067642573,APOLLO PETROLEUM JELLY 25G,SKIN AND BODY,PERSONAL CARE
2023,4800067644843,APOLLO PETROLEUM JELLY 50G,SKIN AND BODY,PERSONAL CARE
2023,48037617,APOLLO SEBO DE MACHO 10G,SKIN AND BODY,PERSONAL CARE
2023,4800888141101,AXE DEO SPRAY DARK TEMPTATION 50ML,SKIN AND BODY,PERSONAL CARE
2023,8851932323901,AXE DEO SPRAY GOLD TEMPTATION 50ML,SKIN AND BODY,PERSONAL CARE
2023,480006707070567,BBFLO PETROLEUM JELLY POWDERY FRESH 25G,SKIN AND BODY,PERSONAL CARE
2023,4800067070604,BBFLO PETROLEUM JELLY SOOTH & RELAX 25G,SKIN AND BODY,PERSONAL CARE
2023,4800417001081,BENCH ALCOGEL CLASSIC HAND SANITIZER 100G,SKIN AND BODY,PERSONAL CARE
2023,4800417005225,BENCH ATLANTIS 75ML BODY SPRAY,SKIN AND BODY,PERSONAL CARE
2023,4800417008288,BENCH BARE ME NOT BODY SPRAY 100ML,SKIN AND BODY,PERSONAL CARE
2023,4800417061924,BENCH DAILY SPELL CLEAN FUN 70ML,SKIN AND BODY,PERSONAL CARE
2023,4800417005218,BENCH EIGHT BODY SPRAY 75ML,SKIN AND BODY,PERSONAL CARE
2023,4800417061955,BENCH MORNING RUSH BODY MIST 70ML,SKIN AND BODY,PERSONAL CARE
2023,4800417060590,BENCH SO IN LOVE DEO BODY SPRAY 50ML,SKIN AND BODY,PERSONAL CARE
2023,4800204008613,BETADINE FEM WASH 100ML,SKIN AND BODY,PERSONAL CARE
2023,4800204008620,BETADINE FEM WASH 50ML,SKIN AND BODY,PERSONAL CARE
2023,4800011113968,BIODERM SOAP COOLNESS BLUE 135G,SKIN AND BODY,PERSONAL CARE
2023,4800141512945,C.Y GABRIEL PAPAYA 60G,SKIN AND BODY,PERSONAL CARE
2023,8717644190494,DOVE WHITE BEAUTY BAR 100G,SKIN AND BODY,PERSONAL CARE
2023,8717163616444,DOVE WHITE BEAUTY BAR 135G,SKIN AND BODY,PERSONAL CARE
2023,4800003492576,DR. KAUFMANN IR SULFUR WHITE 80G,SKIN AND BODY,PERSONAL CARE
2023,4800011179063,DR. S WONG&#039;S SULFUR SOAP 135G,SKIN AND BODY,PERSONAL CARE
2023,4800011178769,DR. S WONG&#039;S SULFUR W/ ALOE VERA SOAP 135G,SKIN AND BODY,PERSONAL CARE
2023,4800011178745,DR. S WONG&#039;S SULFUR W/ ALOE VERA SOAP 80G,SKIN AND BODY,PERSONAL CARE
2023,4800003439557,ESKINOL CLASSIC W/ GRAINS 225L,SKIN AND BODY,PERSONAL CARE
2023,4806789010003,FISSAN PRICKLY HEAT POWDER 50ML,SKIN AND BODY,PERSONAL CARE
2023,4987176092267,GILLETE RAZOR BLUE 2 FLEXI,SKIN AND BODY,PERSONAL CARE
2023,4800135010853,GYNEPRO 60ML +MODESS SET,SKIN AND BODY,PERSONAL CARE
2023,4800135005217,GYNEPRO ULTRA PRO FEM WASH 150ML,SKIN AND BODY,PERSONAL CARE
2023,4806513103018,HAILEY TAWAS SOFT & SCENTED,SKIN AND BODY,PERSONAL CARE
2023,4806513103353,HAILEY TAWAS UNSCENTED,SKIN AND BODY,PERSONAL CARE
2023,4801010501312,JOHNSONS BABY OIL 125ML,SKIN AND BODY,PERSONAL CARE
2023,4801010501213,JOHNSONS BABY OIL 50ML,SKIN AND BODY,PERSONAL CARE
2023,4801010504306,JOHNSONS BABY OIL ALOE VERA 125ML,SKIN AND BODY,PERSONAL CARE
2023,48038065,JOHNSONS BABY OIL ALOE VERA 25ML,SKIN AND BODY,PERSONAL CARE
2023,4801010504207,JOHNSONS BABY OIL ALOE VERA 50ML,SKIN AND BODY,PERSONAL CARE
2023,4801010503323,JOHNSONS BABY OIL LITE 125ML,SKIN AND BODY,PERSONAL CARE
2023,4801010503224,JOHNSONS BABY OIL LITE 50ML,SKIN AND BODY,PERSONAL CARE
2023,48040693,JOHNSONS BLOSSOMS BABY POWDER 25G,SKIN AND BODY,PERSONAL CARE
2023,48032742,JOHNSONS WHITE BABY POWDER 25G,SKIN AND BODY,PERSONAL CARE
2023,4809014128672,KOJIESAN CLASSIC 3s 65G,SKIN AND BODY,PERSONAL CARE
2023,4800136960010,LACTACYD PRO SENSITIVE 60ML,SKIN AND BODY,PERSONAL CARE
2023,6926499021170,LS BL SOAP 115G,SKIN AND BODY,PERSONAL CARE
2023,4809010508898,MILCU DEO POWDER 40G,SKIN AND BODY,PERSONAL CARE
2023,4809010508812,MILCU DEO POWDER 80G,SKIN AND BODY,PERSONAL CARE
2023,4800135003176,MYRA CLASSIC MOISTURIZING LOTION 100ML,SKIN AND BODY,PERSONAL CARE
2023,4800135003183,MYRA CLASSIC MOISTURIZING LOTION 200ML,SKIN AND BODY,PERSONAL CARE
2023,4800135003169,MYRA CLASSIC MOISTURIZING LOTION 50ML,SKIN AND BODY,PERSONAL CARE
2023,4800135003251,MYRA CLASSIC WHITENING LOTION 100ML,SKIN AND BODY,PERSONAL CARE
2023,4800135003268,MYRA CLASSIC WHITENING LOTION 200ML,SKIN AND BODY,PERSONAL CARE
2023,4800135003244,MYRA CLASSIC WHITENING LOTION 50ML,SKIN AND BODY,PERSONAL CARE
2023,42300052,NIVEA EXTRA WHITE SERUM ROLL ON 20ML,SKIN AND BODY,PERSONAL CARE
2023,4800021003898,NIVEA MEN COOL KICK ROLL-ON 50ML X2,SKIN AND BODY,PERSONAL CARE
2023,4005808837472,NIVEA ROLL ON EXTRA WHITENING 50ML,SKIN AND BODY,PERSONAL CARE
2023,4800021100262,NIVEA SAKURA ROLL-ON 50ML X2,SKIN AND BODY,PERSONAL CARE
2023,4005808353996,NIVEA WHITE & REPAIR 250ML LOTION,SKIN AND BODY,PERSONAL CARE
2023,4801234130480,OFF KIDS LOTION 100ML,SKIN AND BODY,PERSONAL CARE
2023,48038379,OFF KIDS SAC 6ML,SKIN AND BODY,PERSONAL CARE
2023,48031837,OFF OVERTIME 50ML,SKIN AND BODY,PERSONAL CARE
2023,4800135005705,PH CARE COOLING COMFORT 50ML,SKIN AND BODY,PERSONAL CARE
2023,4800135005903,PH CARE FLORAL CLEAN 50ML,SKIN AND BODY,PERSONAL CARE
2023,4809010740137,RDL FACIAL CLEANSER PAPAYA 150ML,SKIN AND BODY,PERSONAL CARE
2023,4809010740144,RDL FACIAL CLEANSER PAPAYA 75ML,SKIN AND BODY,PERSONAL CARE
2023,4809010740014,RDL3 60ML,SKIN AND BODY,PERSONAL CARE
2023,4800888158932,REXONA ROLL ON POWDER DRY BRIGHTENING 50ML,SKIN AND BODY,PERSONAL CARE
2023,4902430935616,SAFEGUARD FLORAL PINK W/ ALOE 130G,SKIN AND BODY,PERSONAL CARE
2023,4902430951357,SAFEGUARD FLORAL PINK W/ ALOE 60G,SKIN AND BODY,PERSONAL CARE
2023,4902430934800,SAFEGUARD PURE WHITE 130G,SKIN AND BODY,PERSONAL CARE
2023,4902430945554,SAFEGUARD PURE WHITE 60G,SKIN AND BODY,PERSONAL CARE
2023,4800067642696,SEBO DE MACHO 25G,SKIN AND BODY,PERSONAL CARE
2023,4806507831552,SILKA GREEN PAPAYA LOT 100ML,SKIN AND BODY,PERSONAL CARE
2023,4806507831545,SILKA GREEN PAPAYA LOT 50ML,SKIN AND BODY,PERSONAL CARE
2023,4806507832214,SILKA GREEN PAPAYA SOAP 65G,SKIN AND BODY,PERSONAL CARE
2023,4806507831088,SILKA ORANGE PAPAYA SOAP 135G,SKIN AND BODY,PERSONAL CARE
2023,4806507832481,SILKA ORANGE PAPAYA SOAP 65G,SKIN AND BODY,PERSONAL CARE
2023,4806507831064,SILKA ORANGE PAPAYA WHITENING LOTION 100ML,SKIN AND BODY,PERSONAL CARE
2023,4806504084104,AMECIRON (FERROUS + FOLIC) TAB,SPECIAL CATEGORY 1,PROMOTIONS
2023,4800332151168,CELEBREX (CELOCOXIB) 200MG CAP,SPECIAL CATEGORY 1,PROMOTIONS
2023,4806524147896,FOLIZ (FOLIC ACID) 5MG CAP,SPECIAL CATEGORY 1,PROMOTIONS
2023,4807788580931,ALGINA (SODIUM ALGINATE) SUS,VITAMINS,GENERICS
2023,4806527192954,APCIRON (MULTIVITAMINS + IRON + BUCLIZINE) CAP,VITAMINS,GENERICS
2023,4807788401465,APPEBON W/ IRON CAP,VITAMINS,OTC
2023,69853920,ASCORSAPH ZEE(ASCORBIC ACID+ZN)500MG/10MG CAP,VITAMINS,OTC
2023,4806518900230,ATC COENZYME,VITAMINS,OTC
2023,4800435199432,B-PRIME (VIT B-COMPLEX) CAP,VITAMINS,OTC
2023,4806531820744,BACIFLORA PROBIOTIC DIETARY SUPP 5ML,VITAMINS,OTC
2023,96711170,BAROLE 20 (RABEPRAZOLE SODIUM) CAP,VITAMINS,GENERICS
2023,4801962413152,BEROCCA EFF TAB ORANGE 15&#039;,VITAMINS,OTC
2023,4801962122269,BEROCCA TAB 1&#039;S,VITAMINS,OTC
2023,61229488,CALCIFESAPH ( CALCIUM+VITAMIN D3) TAB,VITAMINS,OTC
2023,1900010077,CALCISAPH (CALCIUM CARBONATE) 500MG TAB,VITAMINS,GENERICS
2023,4806524143348,CALCITROL 500 1250MG/250IU TAB,VITAMINS,OTC
2023,4807788562630,CALCIUMADE (CALCIUM + VITAMIN + MINERALS) TAB,VITAMINS,OTC
2023,4800318002392,CALTRATE ADVANCE TAB 30s,VITAMINS,OTC
2023,4807788519207,CEELIN DROP 30ML,VITAMINS,OTC
2023,4807788563286,CEELIN PLUS (ASCORBIC ACID + ZINC) CHEW TAB,VITAMINS,OTC
2023,4807788549648,CEELIN PLUS 40MG DRP 15ML,VITAMINS,OTC
2023,4807788523648,CEELIN PLUS SYR 120ML,VITAMINS,OTC
2023,4807788519221,CEELIN SYR 120ML,VITAMINS,OTC
2023,4800153302152,CENTRUM ADVANCE TAB 30,VITAMINS,OTC
2023,4800304010219,CENTRUM SILVER ADV TAB 1s,VITAMINS,OTC
2023,4800153302169,CENTRUM SILVER ADV TAB 30,VITAMINS,OTC
2023,4800153302220,CENTRUM(ADVANCE)TAB,VITAMINS,OTC
2023,4806510690016,CHERIFER DROP 15ML/230&#039;,VITAMINS,OTC
2023,4806510690023,CHERIFER DROP 30ML/160&#039;,VITAMINS,OTC
2023,4806510690054,CHERIFER FORTE 120ML,VITAMINS,OTC
2023,4806510690337,CHERIFER IMMUNOMAX SYR 120ML,VITAMINS,OTC
2023,4807788405043,CONZACE CAP,VITAMINS,OTC
2023,4806534770008,DANZEDIN 80000 EC TAB,VITAMINS,OTC
2023,4800253243850,DOLO NEUROBION(PARACETAMOL + VITAMIN B1+ VITAMIN B6 + VITAMIN B12) TAB,VITAMINS,OTC
2023,4807788519856,E-ZINC SYR 60ML,VITAMINS,OTC
2023,4806527192664,ENOCEE (ASCORBIC ACID) 500MG TAB,VITAMINS,GENERICS
2023,4806504087242,EURIVIT-M (MULTIVITAMINS + MINERALS) TAB,VITAMINS,OTC
2023,4809011398160,EYEBERRY CAP,VITAMINS,OTC
2023,1900010258,FEFOSAPH (DRIED FERROUS SULFATE FOLIC ACID) 300MG/250MCG,VITAMINS,GENERICS
2023,4807788058034,FERLIN DROPS 15ML,VITAMINS,OTC
2023,4806529430337,FERLUM PLUS (FERROUS SULFATE + FOLIC ACID) 186MG/400MCG CAP,VITAMINS,GENERICS
2023,4806502367223,FERN-C PLUS (SODIUM ASCORBATE) CAP,VITAMINS,OTC
2023,4806505142124,FERRICORE (FERROUS SULFATE) 325MG TAB,VITAMINS,GENERICS
2023,4806517242362,FOLART CAP,VITAMINS,OTC
2023,4806529570316,FORTIS VITAMINS (VITAMIN B-COMPLEX) 100MG/5MG/50MCG TAB,VITAMINS,GENERICS
2023,4807788519368,GROWEE PEDTECH (MULTIVITAMINS) 15ML DROP,VITAMINS,OTC
2023,4800348110012,HERACLENE (DIBENCOZIDE) 1MG CAP,VITAMINS,OTC
2023,8992916232038,IBERET ACTIVE (MULTIVITAMINS + IRON) TAB,VITAMINS,OTC
2023,4807788562593,IMMUNPRO 500MG TAB,VITAMINS,OTC
2023,4806509690539,JIMM&#039;S 5 IN 1 COFFEE 21G,VITAMINS,OTC
2023,4806509690607,JIMM&#039;S 7IN1 COFFEE MIX,VITAMINS,OTC
2023,2345665555556,KIDNEY CARE CAP,VITAMINS,OTC
2023,4809012254458,LIVERAIDE (SILYMARIN) CAP,VITAMINS,OTC
2023,4807788522078,LIVERPRIME (SILYBIN-PHOSPHATIDYLCHOLINE + MULTIVITAMINS + ZINC) CAP,VITAMINS,OTC
2023,4807788741950,MAXVIT (MULTIVITAMINS MINERALS+GINSENG+ROYAL JELLY) CAP 6+1 SET,VITAMINS,OTC
2023,4806501130156,MEDIFORTAN CAP,VITAMINS,OTC
2023,4806501130125,MEDIFORTAN-AS (MULTIVITAMINS + BUCLIZINE HCI ) CAP,VITAMINS,OTC
2023,4800135000328,MYRA 400IU (VITAMIN E) 30s CAP,VITAMINS,OTC
2023,4800135010488,MYRA 400IU 14S FOR 149,VITAMINS,OTC
2023,4800135011591,MYRA E (VITAMIN E) 12+2 SULIT PACK,VITAMINS,OTC
2023,4800135000311,MYRA E 400 CAP,VITAMINS,OTC
2023,4806523302487,MYREX SYR 60ML,VITAMINS,GENERICS
2023,8885010432315,NEUFEMME CAP,VITAMINS,OTC
2023,4800253243836,NEUROBION TAB,VITAMINS,OTC
2023,4807788535542,NEUROGEN E TAB,VITAMINS,OTC
2023,4807788519771,NUTRILIN SYRUP 120ML,VITAMINS,OTC
2023,4807788525574,OBIMIN PLUS (MULTIVITAMINS + MINERALS + DHA+ EPA) CAP,VITAMINS,OTC
2023,4806501132013,PEDIAFORTAN AS 120ML (MULTIVITAMINS + BUCLIZINE HCL + LYSINE HCL) SYR,VITAMINS,OTC
2023,4806501130019,PEDIAFORTAN AS SYR 60ML,VITAMINS,OTC
2023,4806510690573,PEDZINC PLUS SY 120ML,VITAMINS,OTC
2023,4800204506027,PHAREX VIT BCOMPLEX (VITAMIN B1 + B6 + B12,VITAMINS,OTC
2023,4800363011431,POLYNERV CAP 1000MG,VITAMINS,GENERICS
2023,4806032201004,POTEN CEE PLUS ZINC (ASCORBIC ACID + ZINC,VITAMINS,OTC
2023,4800204005612,POTEN-CEE SUGAR COATED TAB 500MG ..,VITAMINS,OTC
2023,4806532560274,PRENAREX PLUS (MULTIVITIMINS+FOLIC ACID+IRON) CAP,VITAMINS,OTC
2023,4806517790566,PRONERV (VITAMIN B COMPLEX) CAP,VITAMINS,OTC
2023,4806516400992,PROPAN TLC 250ML,VITAMINS,OTC
2023,4806516400985,PROPAN TLC SYR 120ML,VITAMINS,OTC
2023,4800204031512,PROPAN W/. IRON (BUCLIZINE HCL + MULTIVITAMINS + MINERALS) CAP,VITAMINS,GENERICS
2023,4806504654802,QUATROFOL (METHYLTETRAHYDROFOLIC ACID) CAPS,VITAMINS,OTC
2023,4806504653164,RENAKULT CAP(PROBIOTIC,VITAMINS,OTC
2023,4807788522283,REVICON FORTE (MULTIVITAMINS + MINERALS + AMINO ACIDS) TAB,VITAMINS,OTC
2023,4807788522290,REVICON FORTE TAB 30&#039;S BOT,VITAMINS,OTC
2023,4806518900391,ROBUST TAB 550MG,VITAMINS,OTC
2023,4800253243867,SANGOBION IRON+ (MULTIVITAMINS + MINERALS) CAP,VITAMINS,OTC
2023,4806035208246,SELCEE (ASCORBIC ACID) 500MG,VITAMINS,GENERICS
2023,8994388106237,STIMUNO (PHYLLANTHUS NIRURI) 250MG CAP,VITAMINS,OTC
2023,8994388106275,STIMUNO 25MG/5ML SYRUP 100ML,VITAMINS,OTC
2023,8994388100563,STIMUNO 25MG/5ML SYRUP 60ML,VITAMINS,OTC
2023,4800153302374,STRESSTABS W/. IRON TAB 30&#039;S,VITAMINS,OTC
2023,4807788551177,SUPRACID 650MG,VITAMINS,OTC
2023,4800369000545,TERRAFERON (FERROUS SULFATE + FOLIC ACID + B-COMPLEX + NICOTINAMIDE) CAP,VITAMINS,OTC
2023,4807788568090,TIKI-TIKI 120ML SYR,VITAMINS,OTC
2023,4807788568083,TIKI-TIKI 30ML DRP BOT,VITAMINS,OTC
2023,4807788058850,UH FERSULFATE IRON 65MG TAB,VITAMINS,OTC
2023,4806517790047,ULTIMA CAP 10s,VITAMINS,OTC
2023,4806527190547,VENTOBROX SYR 60ML,VITAMINS,GENERICS
2023,4800307854315,VIBEE TAB,VITAMINS,OTC
2023,710535105469,XANTHONE PLUS CAP,VITAMINS,OTC
2023,745114069078,XANTHONE PLUS GOLD CAP,VITAMINS,OTC
2023,4801010194002,BAND AID PLASTIC STRIPS,WOUND CARE,MED-SURG
2023,48035880,BETADINE (POVIDONE IODINE) WOUND SOLUTION 7.5ML,WOUND CARE,MED-SURG
2023,12165633962,BETADINE WOUND 7.5ML,WOUND CARE,MED-SURG
2023,4800204002017,BETADINE WOUND SOL&#039;N 60ML,WOUND CARE,MED-SURG
2023,4806526296813,GAUZE PAD 3X3 STERILE (PARTNERS,WOUND CARE,MED-SURG
2023,6100010004,GAUZE PAD 4X4 TRUCARE,WOUND CARE,MED-SURG
2023,4800067551165,MEDIPLAST BANTAM PLASTIC STRIPS,WOUND CARE,MED-SURG
2023,4806523246118,NEB KIT ACCUMAX,WOUND CARE,MED-SURG
2023,72414791587,SPECIMEN COLLECTION KIT,WOUND CARE,MED-SURG
