item_code,description,category,tab,total_qty,total_sales,total_profit,months_active,avg_price,mean_monthly_qty,cv_monthly_qty,trend_qty_slope,cluster
1052684664,ADVANCED SNAIL 92 ALL IN ONE CREAM 100G,SKIN AND BODY,PERSONAL CARE,1.0,495.0,-110.49,1.0,495.0,1.0,0.0,0.0,0
1089210997,REPAIR SERUM 30ML (BEAUTY OF JOSEON,HAIR CARE,PERSONAL CARE,1.0,285.5,-95.06,1.0,285.5,1.0,0.0,0.0,-1
14800488960796,CARESS ADULT DIAPER M20+2,DIAPERS,PERSONAL CARE,37.0,12730.73,998.86,13.0,344.07378378378377,2.8461538461538463,0.6441283939358371,-0.043956043956043814,-1
19431318282,DEFENDER ALCOHOL 500ML,DISINFECTANT,PERSONAL CARE,2.0,138.0,31.34,1.0,69.0,2.0,0.0,0.0,1
23944552311,LEUKOPLAST 10CMX5M 4S,DIAPERS,PERSONAL CARE,1.0,602.68,102.68,1.0,602.68,1.0,0.0,0.0,2
29314057013407,VALDA PASTILLES MENTHOL ZIP POUCH 20G,HOME REMEDY,PERSONAL CARE,30.0,1695.0,187.38,7.0,56.5,4.285714285714286,0.4618802153517006,-0.07142857142857152,-1
4005800292606,NIVEA WHITE & REPAIR BUY 1 TAKE 1 250ML LOTION,SKIN AND BODY,PERSONAL CARE,3.0,759.0,93.57000000000001,2.0,253.0,1.5,0.3333333333333333,0.9999999999999998,-1
4005808024704,NIVEA INTENSIVE MOISTURE BODY MILK 250ML LOTION,SKIN AND BODY,PERSONAL CARE,1.0,230.0,21.01,1.0,230.0,1.0,0.0,0.0,3
4005808298334,NIVEA MEN ROLL ON DRY IMPACT 50ML,SKIN AND BODY,PERSONAL CARE,14.0,2307.75,414.40999999999997,6.0,164.83928571428572,2.3333333333333335,0.6388765649999399,0.22857142857142843,-1
4005808298396,NIVEA MEN ROLL ON DRY IMPACT 25ML,SKIN AND BODY,PERSONAL CARE,2.0,123.5,21.18,2.0,61.75,1.0,0.0,-7.850462293418875e-17,1
4005808301843,NIVEA COOL KICK 50ML SINGLE,SKIN AND BODY,PERSONAL CARE,2.0,263.0,24.08,1.0,131.5,2.0,0.0,0.0,4
4005808319725,NIVEA INTENSIVE MOISTURE BODY MILK 400ML LOTION,SKIN AND BODY,PERSONAL CARE,2.0,680.0,62.92,2.0,340.0,1.0,0.0,-7.850462293418875e-17,5
4005808324774,NIVEA INTENSIVE MOISTURE BODY MILK 125ML LOTION,SKIN AND BODY,PERSONAL CARE,1.0,131.0,12.64,1.0,131.0,1.0,0.0,0.0,1
4005808353996,NIVEA WHITE & REPAIR 250ML LOTION,SKIN AND BODY,PERSONAL CARE,3.0,759.0,93.57000000000001,3.0,253.0,1.0,0.0,8.985767264226737e-17,-1
4005808354016,NIVEA WHITE & REPAIR 125ML LOTION,SKIN AND BODY,PERSONAL CARE,1.0,150.25,13.82,1.0,150.25,1.0,0.0,0.0,1
4005808593941,NIVEA SMOOTH & FIRM 125ML LOTION,SKIN AND BODY,PERSONAL CARE,1.0,159.25,14.65,1.0,159.25,1.0,0.0,0.0,1
4005808837472,NIVEA ROLL ON EXTRA WHITENING 50ML,SKIN AND BODY,PERSONAL CARE,11.0,1665.0,291.51000000000005,6.0,151.36363636363637,1.8333333333333333,0.3748277841470601,-0.02857142857142856,-1
4005900339126,NIVEA EXTRA WHITE SERUM 40ML,SKIN AND BODY,PERSONAL CARE,1.0,160.25,26.72,1.0,160.25,1.0,0.0,0.0,1
42131946,NIVEA ROLL ON EXTRA WHITENING 25ML,SKIN AND BODY,PERSONAL CARE,1.0,70.0,11.45,1.0,70.0,1.0,0.0,0.0,1
42300052,NIVEA EXTRA WHITE SERUM ROLL ON 20ML,SKIN AND BODY,PERSONAL CARE,3.0,275.21999999999997,19.29,2.0,91.74,1.5,0.3333333333333333,-1.0,4
45828956566,DEFENDER ISOPROPHYL ALCOHOL 1 GALLON,DISINFECTANT,PERSONAL CARE,1.0,320.0,100.0,1.0,320.0,1.0,0.0,0.0,6
4800003439526,ESKINOL CLASSIC WHITE 225ML,SKIN AND BODY,PERSONAL CARE,2.0,215.5,215.5,2.0,107.75,1.0,0.0,-7.850462293418875e-17,3
4800003439533,ESKINOL CLASSIC WHITE 135ML,SKIN AND BODY,PERSONAL CARE,3.0,192.75,32.43,2.0,64.25,1.5,0.3333333333333333,0.9999999999999998,7
4800003439557,ESKINOL CLASSIC W/ GRAINS 225L,SKIN AND BODY,PERSONAL CARE,3.0,323.25,54.150000000000006,3.0,107.75,1.0,0.0,8.985767264226737e-17,6
4800003492569,DR. KAUFMANN SULFUR YELLOW 80G,SKIN AND BODY,PERSONAL CARE,1.0,38.5,3.72,1.0,38.5,1.0,0.0,0.0,8
4800003492576,DR. KAUFMANN IR SULFUR WHITE 80G,SKIN AND BODY,PERSONAL CARE,6.0,231.0,22.32,6.0,38.5,1.0,0.0,7.951207131982424e-18,3
4800011000022,MAMA&#039;S LOVE COTTON BUDS 100 TIPS,COTTONS AND HYGIENE,PERSONAL CARE,11.0,156.75,37.95,3.0,14.25,3.6666666666666665,0.5604012729971798,-2.5000000000000004,1
4800011000039,MAMA&#039;S LOVE COTTON BUDS 200 TIPS,COTTONS AND HYGIENE,PERSONAL CARE,40.0,875.9999999999999,245.2,6.0,21.9,6.666666666666667,0.6910137480542625,-2.342857142857142,-1
4800011000053,MAMA&#039;S LOVE COTTON BUDS 400 TIPS,COTTONS AND HYGIENE,PERSONAL CARE,7.0,245.0,245.0,4.0,35.0,1.75,0.47380354147934284,-0.30000000000000027,9
4800011010007,MAMA&#039;S LOVE COTTON BUDS 200s CAN,COTTONS AND HYGIENE,PERSONAL CARE,6.0,174.0,174.0,4.0,29.0,1.5,0.3333333333333333,-0.19999999999999998,10
4800011111162,BIODERM SOAP TIMELESS BEIGE 135G,SKIN AND BODY,PERSONAL CARE,20.0,891.0,176.70000000000002,8.0,44.55,2.5,0.6928203230275509,0.21428571428571425,11
4800011113968,BIODERM SOAP COOLNESS BLUE 135G,SKIN AND BODY,PERSONAL CARE,18.0,818.8,159.97,9.0,45.48888888888889,2.0,0.4714045207910317,0.15000000000000005,-1
4800011115269,BIODERM SOAP PRISTINE GRAY 135G,SKIN AND BODY,PERSONAL CARE,21.0,945.0,192.4,7.0,45.0,3.0,0.5039526306789696,0.6428571428571428,12
4800011120614,CASINO ALC ACTIVE150ML,DISINFECTANT,PERSONAL CARE,15.0,528.75,88.35999999999999,6.0,35.25,2.5,0.7571877794400365,0.08571428571428577,13
4800011120621,CASINO ALC ACTIVE 250ML,DISINFECTANT,PERSONAL CARE,18.0,891.0,155.70000000000002,6.0,49.5,3.0,0.47140452079103173,-7.1104819549512e-17,11
4800011121512,CASINO 150ML,DISINFECTANT,PERSONAL CARE,27.0,975.13,197.71,11.0,36.11592592592593,2.4545454545454546,0.3628873693012116,0.11818181818181817,-1
4800011121529,CASINO 250ML,DISINFECTANT,PERSONAL CARE,20.0,950.0,163.4,7.0,47.5,2.857142857142857,0.5099019513592785,0.3571428571428571,12
4800011121536,CASINO 500ML,DISINFECTANT,PERSONAL CARE,18.0,1633.15,251.83,10.0,90.73055555555555,1.8,0.5443310539518174,0.20606060606060603,-1
4800011121543,CASINO FEMME 150ML,DISINFECTANT,PERSONAL CARE,43.0,1580.25,262.59,14.0,36.75,3.0714285714285716,1.214879803405486,-0.3318681318681321,-1
4800011121550,CASINO FEMME 250ML,DISINFECTANT,PERSONAL CARE,10.0,520.0,99.1,5.0,52.0,2.0,0.5477225575051661,-0.30000000000000054,13
4800011121567,CASINO FEMME 500ML,DISINFECTANT,PERSONAL CARE,32.0,3019.0,432.58000000000004,12.0,94.34375,2.6666666666666665,0.5590169943749475,0.30769230769230765,-1
4800011122205,CASINO ALC FEMME W/DUAL MOIST 60ML,DISINFECTANT,PERSONAL CARE,36.0,883.9300000000001,147.3,7.0,24.553611111111113,5.142857142857143,0.780748295697511,-0.1785714285714288,-1
4800011122212,CASINO ALC FEMME W/DUAL MOIST 150ML,DISINFECTANT,PERSONAL CARE,19.0,693.5,121.39999999999999,7.0,36.5,2.7142857142857144,0.6137844099837159,0.035714285714285934,-1
4800011122229,CASINO FEMME DUAL MOIST 250ML,DISINFECTANT,PERSONAL CARE,35.0,2030.0,164.43,14.0,58.0,2.5,0.6718843437888484,0.1956043956043956,-1
4800011122236,CASINO ALC FEMME W/DUAL MOIST 500ML,DISINFECTANT,PERSONAL CARE,10.0,920.0,177.10000000000002,5.0,92.0,2.0,0.4472135954999579,0.19999999999999996,-1
4800011131733,CASINO ALC ACTIVE 500ML,DISINFECTANT,PERSONAL CARE,3.0,261.0,44.400000000000006,1.0,87.0,3.0,0.0,0.0,4
4800011147734,HYDROGEN PEROXIDE VOL 10 3% 50ML,DISINFECTANT,PERSONAL CARE,9.0,92.25,19.62,5.0,10.25,1.8,0.41573970964154905,0.4,1
4800011155630,ML ABS COTTON BALLS 50&#039;S,COTTONS AND HYGIENE,PERSONAL CARE,5.0,102.5,25.55,1.0,20.5,5.0,0.0,0.0,1
4800011178745,DR. S WONG&#039;S SULFUR W/ ALOE VERA SOAP 80G,SKIN AND BODY,PERSONAL CARE,25.0,1000.0,94.35,10.0,40.0,2.5,0.5440588203494177,-0.01818181818181805,14
4800011178769,DR. S WONG&#039;S SULFUR W/ ALOE VERA SOAP 135G,SKIN AND BODY,PERSONAL CARE,43.0,2332.0,264.54,13.0,54.23255813953488,3.3076923076923075,0.4944253866388209,-0.12087912087912087,-1
4800011179049,DR. S WONG&#039;S SULFUR SOAP 80G,SKIN AND BODY,PERSONAL CARE,18.0,666.0,63.36,8.0,37.0,2.25,0.6186404847588913,0.11904761904761892,-1
4800011179063,DR. S WONG&#039;S SULFUR SOAP 135G,SKIN AND BODY,PERSONAL CARE,17.0,850.0,101.94,9.0,50.0,1.8888888888888888,0.5261336417646565,0.23333333333333336,-1
4800011501086,ML ABS COTTON BALLS 100&#039;S,COTTONS AND HYGIENE,PERSONAL CARE,2.0,62.0,10.24,1.0,31.0,2.0,0.0,0.0,15
4800011586151,MAMA&#039;S LOVE ABSORBENT COTTON 40G,DISPOSABLES,PERSONAL CARE,15.0,450.0,450.0,3.0,30.0,5.0,0.16329931618554522,0.4999999999999999,-1
4800011718545,CASINO FEMME 60ML,DISINFECTANT,PERSONAL CARE,31.0,744.0,136.04999999999998,7.0,24.0,4.428571428571429,0.762000762001143,-0.2857142857142858,-1
4800021003891,NIVEA MEN SILVER PROTECT ROLL-ON 50ML X2,SKIN AND BODY,PERSONAL CARE,6.0,1194.0,397.86,3.0,199.0,2.0,0.408248290463863,0.9999999999999998,-1
4800021003898,NIVEA MEN COOL KICK ROLL-ON 50ML X2,SKIN AND BODY,PERSONAL CARE,8.0,1200.0,229.76,5.0,150.0,1.6,0.5,-0.2000000000000004,-1
4800021100262,NIVEA SAKURA ROLL-ON 50ML X2,SKIN AND BODY,PERSONAL CARE,4.0,900.0,369.44,4.0,225.0,1.0,0.0,-8.214889951798643e-17,11
4800021100293,NIVEA EXTRA BRIGHTENING ROLL-ON 50ML X2,SKIN AND BODY,PERSONAL CARE,6.0,1308.0,512.16,2.0,218.0,3.0,0.3333333333333333,1.9999999999999996,-1
4800021570393,NIVEA INTENSIVE MOISTURE BODY MILK 250ML X2,SKIN AND BODY,PERSONAL CARE,2.0,676.0,258.02,2.0,338.0,1.0,0.0,-7.850462293418875e-17,5
4800047820014,GREENCROSS 70% 500ML,DISINFECTANT,PERSONAL CARE,15.0,1462.5,345.65000000000003,6.0,97.5,2.5,0.5537749241945383,-0.5999999999999998,-1
4800047820021,GREENCROSS 70% 250ML,DISINFECTANT,PERSONAL CARE,12.0,681.0,177.72,5.0,56.75,2.4,0.5651941652604391,0.20000000000000015,5
4800047820182,GREENCROSS 70% W/ MOIST 500ML,DISINFECTANT,PERSONAL CARE,95.0,9381.25,1433.58,15.0,98.75,6.333333333333333,0.4564101766037642,0.2892857142857142,-1
4800047820199,GREENCROSS 70% W/ MOIST 250ML,DISINFECTANT,PERSONAL CARE,62.0,3222.0,542.68,11.0,51.96774193548387,5.636363636363637,0.4680199396305454,0.390909090909091,-1
4800047820236,GREENCROSS 70% 150ML,DISINFECTANT,PERSONAL CARE,15.0,562.5,102.08,6.0,37.5,2.5,0.7571877794400365,-0.8857142857142858,20
4800047820243,GREENCROSS 70% SOLUTION W/ MOIST 150ML,DISINFECTANT,PERSONAL CARE,77.0,2906.75,632.75,14.0,37.75,5.5,0.6098367211363063,0.38901098901098896,-1
4800047820250,GREENCROSS 70% W/ MOIST 60ML,DISINFECTANT,PERSONAL CARE,100.0,2267.5,541.2900000000001,15.0,22.675,6.666666666666667,0.49497474683058323,0.1321428571428572,-1
4800047860706,GREENCROSS 40% W/ MOIST 500ML,DISINFECTANT,PERSONAL CARE,19.0,1425.0,270.59000000000003,10.0,75.0,1.9,0.5494898162584501,-0.06666666666666655,-1
4800064610674,TRUST CONDOM REGULAR,DISPOSABLES,PERSONAL CARE,46.0,1235.57,329.37,10.0,26.860217391304346,4.6,0.5253498249388944,-0.3515151515151515,-1
4800064610704,TRUST CONDOM STRAWBERRY,DISPOSABLES,PERSONAL CARE,48.0,1418.25,357.45,13.0,29.546875,3.6923076923076925,0.6915913613624096,-0.04945054945054945,-1
4800067049051,BBFLO PREEMIE NURSER 2 OZ,"PLASTIC, GLASSWARE, AND STAINLESS",PERSONAL CARE,2.0,176.0,28.4,2.0,88.0,1.0,0.0,-7.850462293418875e-17,10
4800067051689,BBFLO BOTTLE TRANSPA HEXA 4OZ,"PLASTIC, GLASSWARE, AND STAINLESS",PERSONAL CARE,4.0,300.0,34.0,3.0,75.0,1.3333333333333333,0.3535533905932738,1.0813965140346581e-17,16
4800067054284,BBFLO BB BUDS WHITE 200TIP,"PLASTIC, GLASSWARE, AND STAINLESS",PERSONAL CARE,4.0,128.0,14.0,2.0,32.0,2.0,0.0,-1.570092458683775e-16,1
4800067070482,BBFLO PETROLEUM JELLY UNSCENTED 25G,SKIN AND BODY,PERSONAL CARE,6.0,259.5,33.42,4.0,43.25,1.5,0.3333333333333333,-1.058419184472779e-16,4
4800067070567,BBFLO JELLY POWDER SCENT 25G,SKIN AND BODY,PERSONAL CARE,3.0,144.0,22.5,2.0,48.0,1.5,0.3333333333333333,-1.0,1
4800067070604,BBFLO PETROLEUM JELLY SOOTH & RELAX 25G,SKIN AND BODY,PERSONAL CARE,8.0,384.0,84.31,5.0,48.0,1.6,0.5,-0.2000000000000004,-1
480006707070567,BBFLO PETROLEUM JELLY POWDERY FRESH 25G,SKIN AND BODY,PERSONAL CARE,3.0,144.0,22.5,3.0,48.0,1.0,0.0,8.985767264226737e-17,1
4800067070734,BBFLO PETROLEUM JELLY UNSCENTED 50G,SKIN AND BODY,PERSONAL CARE,3.0,201.0,21.75,3.0,67.0,1.0,0.0,8.985767264226737e-17,7
4800067070758,BBFLO PETROLEUM JELLY POWDERY FRESH 50G,SKIN AND BODY,PERSONAL CARE,2.0,146.0,23.0,2.0,73.0,1.0,0.0,-7.850462293418875e-17,1
4800067071939,WIPE COTTON BALLS 150S,COTTONS AND HYGIENE,PERSONAL CARE,40.0,1440.0,233.25,7.0,36.0,5.714285714285714,0.6595452979136459,-0.5357142857142854,-1
4800067122068,CLEENE CLIO TBRUSH ECONOMY,ORAL CARE,PERSONAL CARE,156.0,2340.0,620.64,10.0,15.0,15.6,0.4958738360465056,0.3030303030303031,-1
4800067123133,APOLLO LIPBALM PINK 7G,SKIN AND BODY,PERSONAL CARE,31.0,1917.0,222.60000000000002,11.0,61.83870967741935,2.8181818181818183,0.3649583386769277,-0.009090909090909026,-1
4800067123140,APOLLO LIPBALM ORIG 7G,SKIN AND BODY,PERSONAL CARE,20.0,1248.0,155.09,12.0,62.4,1.6666666666666667,0.565685424949238,0.07692307692307698,-1
4800067126905,CLEENE (ETHYL ALCOHOL) 70% SOLUTION 150ML,DISINFECTANT,PERSONAL CARE,7.0,245.0,41.86,4.0,35.0,1.75,0.47380354147934284,-0.09999999999999996,9
4800067130858,CLEENE HAND SANITIZER SPRAY GREEN AIR 40ML,DISINFECTANT,PERSONAL CARE,7.0,308.0,84.35000000000001,3.0,44.0,2.3333333333333335,0.40406101782088427,-1.0,16
4800067132067,CLIO DENTAL FLOSS 50M,ORAL CARE,PERSONAL CARE,10.0,960.0,154.9,3.0,96.0,3.3333333333333335,0.5099019513592785,-1.5,-1
4800067132548,CLEENE CLIO TBRUSH KIDDIE,ORAL CARE,PERSONAL CARE,89.0,3515.5,712.0,12.0,39.5,7.416666666666667,1.3577850919846095,-0.6538461538461531,-1
4800067147085,CLIO DENTAL FLOSS 50M (CLEENE,ORAL CARE,PERSONAL CARE,9.0,826.0,136.1,8.0,91.77777777777777,1.125,0.2939723678960656,-0.08333333333333327,-1
4800067450840,RHEA ISOPROPYL ALCOHOL SCENTED AND MOISTURIZER 60ML,DISINFECTANT,PERSONAL CARE,6.0,160.5,46.5,2.0,26.75,3.0,0.6666666666666666,3.9999999999999987,1
4800067451700,RHEA POVIDONE IODINE 10% SOL 60ML,DISINFECTANT,PERSONAL CARE,3.0,403.5,50.46,2.0,134.5,1.5,0.3333333333333333,-1.0,17
4800067453513,RHEA HYDROGEN PEROXIDE 10VOL 120ML,DISINFECTANT,PERSONAL CARE,21.0,651.0,136.83,10.0,31.0,2.1,0.3333333333333333,0.06666666666666671,18
4800067453544,RHEA HYDROGEN PEROXIDE 20VOL 120ML,DISINFECTANT,PERSONAL CARE,6.0,169.5,18.0,4.0,28.25,1.5,0.3333333333333333,-1.058419184472779e-16,10
4800067642573,APOLLO PETROLEUM JELLY 25G,SKIN AND BODY,PERSONAL CARE,11.0,442.75,74.47,7.0,40.25,1.5714285714285714,0.46354722850843494,0.07142857142857145,-1
4800067642580,APOLLO PETROLEUM JELLY 100G,SKIN AND BODY,PERSONAL CARE,2.0,252.0,38.56,2.0,126.0,1.0,0.0,-7.850462293418875e-17,9
4800067642696,SEBO DE MACHO 25G,SKIN AND BODY,PERSONAL CARE,24.0,1224.75,169.62,11.0,51.03125,2.1818181818181817,0.5464532103585001,0.18181818181818182,-1
4800067644843,APOLLO PETROLEUM JELLY 50G,SKIN AND BODY,PERSONAL CARE,11.0,651.75,62.17,8.0,59.25,1.375,0.5061603966209111,0.130952380952381,18
4800067702321,BBFLO GENTLE BUDS WHITE 200s TIPS+36 TIPS,COTTONS AND HYGIENE,PERSONAL CARE,3.0,96.0,15.690000000000001,2.0,32.0,1.5,0.3333333333333333,-1.0,1
480011120614,CASINO ALC ACTIVE150ML,DISINFECTANT,PERSONAL CARE,1.0,35.25,5.9,1.0,35.25,1.0,0.0,0.0,8
480011147741,HYDROGEN PEROXIDE VOL 10 3% 120ML,DISINFECTANT,PERSONAL CARE,17.0,246.5,51.0,5.0,14.5,3.4,0.5455069703232767,-0.6000000000000002,9
480011501086,ML ABS COTTON BALL 100&#039;S,DISPOSABLES,PERSONAL CARE,4.0,124.0,20.44,1.0,31.0,4.0,0.0,0.0,1
480011517018,MAMA&#039;S LOVE ABS COTTON 10GM,DISPOSABLES,PERSONAL CARE,39.0,292.5,55.379999999999995,7.0,7.5,5.571428571428571,0.5063696835418333,0.8928571428571428,16
4800119131659,STYLEX EXTREME HOLD (YELLOW) 50G,HAIR CARE,PERSONAL CARE,6.0,114.0,23.04,3.0,19.0,2.0,0.7071067811865476,5.769208098040985e-16,1
4800119131666,STYLEX EXTREME HOLD 125G,HAIR CARE,PERSONAL CARE,3.0,96.75,17.58,3.0,32.25,1.0,0.0,8.985767264226737e-17,1
4800119131673,STYLEX STRONG HOLD (CLEAR) 50G,HAIR CARE,PERSONAL CARE,12.0,228.0,38.870000000000005,5.0,19.0,2.4,0.7728015412913086,-0.2999999999999999,3
4800119131680,STYLEX STRONG HOLD 125G,HAIR CARE,PERSONAL CARE,5.0,160.0,32.3,3.0,32.0,1.6666666666666667,0.282842712474619,-0.4999999999999999,1
4800119131697,STYLEX NORMAL HOLD (GREEN) 50G,HAIR CARE,PERSONAL CARE,2.0,34.0,6.46,2.0,17.0,1.0,0.0,-7.850462293418875e-17,8
4800119213461,VITRESS HAIR CUTICLE COAT CLASSIC 30ML,HAIR CARE,PERSONAL CARE,17.0,1488.0,419.71999999999997,6.0,87.52941176470588,2.8333333333333335,0.4282417581929716,-0.5428571428571427,-1
4800119219159,VITRESS HAIR CUTICLE COAT CLASSIC 15ML,HAIR CARE,PERSONAL CARE,1.0,55.0,55.0,1.0,55.0,1.0,0.0,0.0,8
4800119220490,HYGINEX HAND SPRAY 55ML,DISINFECTANT,PERSONAL CARE,9.0,387.0,387.0,1.0,43.0,9.0,0.0,0.0,-1
4800119237702,HYGIENIX ALCHOL 500ML,DISINFECTANT,PERSONAL CARE,6.0,510.0,510.0,1.0,85.0,6.0,0.0,0.0,-1
4800119238259,HYGIENIX ALCHOL W/MOIST 250ML,DISINFECTANT,PERSONAL CARE,2.0,106.0,106.0,1.0,53.0,2.0,0.0,0.0,1
4800119238266,HYGIENIX ALCHOL W/MOIST 500ML,DISINFECTANT,PERSONAL CARE,1.0,92.0,92.0,1.0,92.0,1.0,0.0,0.0,1
4800131291683,BIOGENIC (ISOPROPYL ALCOHOL) 70% 500ML,DISINFECTANT,PERSONAL CARE,1.0,95.0,17.81,1.0,95.0,1.0,0.0,0.0,1
4800131591004,BIOGENIC (ISOPROPYL ALCOHOL) SPRAY BLUE 330ML,DISINFECTANT,PERSONAL CARE,8.0,710.0,92.0,4.0,88.75,2.0,0.6123724356957945,0.5999999999999998,-1
4800131592759,BIOGENIC (ISOPROPYL ALCOHOL) 70% 50ML SPRAY,DISINFECTANT,PERSONAL CARE,33.0,1113.75,230.39,6.0,33.75,5.5,0.20327890704543544,0.08571428571428545,-1
4800135003169,MYRA CLASSIC MOISTURIZING LOTION 50ML,SKIN AND BODY,PERSONAL CARE,25.0,975.0,111.59,11.0,39.0,2.272727272727273,0.4995998398718718,-0.07272727272727257,-1
4800135003176,MYRA CLASSIC MOISTURIZING LOTION 100ML,SKIN AND BODY,PERSONAL CARE,6.0,444.0,68.34,4.0,74.0,1.5,0.3333333333333333,-7.107905678787443e-17,-1
4800135003183,MYRA CLASSIC MOISTURIZING LOTION 200ML,SKIN AND BODY,PERSONAL CARE,5.0,675.0,83.7,4.0,135.0,1.25,0.34641016151377546,-0.09999999999999969,5
4800135003213,MYRA MOISTURIZING PLUS 50ML LOTION,SKIN AND BODY,PERSONAL CARE,4.0,182.8,22.8,3.0,45.7,1.3333333333333333,0.3535533905932738,-0.5,10
4800135003237,MYRA MOISTURIZING PLUS 200ML LOTION,SKIN AND BODY,PERSONAL CARE,3.0,434.37,43.05,2.0,144.79,1.5,0.3333333333333333,0.9999999999999998,19
4800135003244,MYRA CLASSIC WHITENING LOTION 50ML,SKIN AND BODY,PERSONAL CARE,16.0,1004.0,148.4,8.0,62.75,2.0,0.6614378277661477,0.30952380952380937,14
4800135003251,MYRA CLASSIC WHITENING LOTION 100ML,SKIN AND BODY,PERSONAL CARE,5.0,525.0,64.14999999999999,4.0,105.0,1.25,0.34641016151377546,0.10000000000000009,13
4800135003268,MYRA CLASSIC WHITENING LOTION 200ML,SKIN AND BODY,PERSONAL CARE,7.0,1295.0,185.36,6.0,185.0,1.1666666666666667,0.31943828249996986,-0.14285714285714293,-1
4800135003886,MYRA SMOOTH GLOW MOIST 7ML,SKIN AND BODY,PERSONAL CARE,12.0,192.0,24.0,3.0,16.0,4.0,0.6123724356957945,1.4999999999999982,7
4800135003893,MYRA FRESH GLOW FACIAL MOISTURIZER 7ML,SKIN AND BODY,PERSONAL CARE,3.0,48.75,48.75,2.0,16.25,1.5,0.3333333333333333,0.9999999999999998,8
4800135003916,MYRA FRESH GLOW 10ML,SKIN AND BODY,PERSONAL CARE,1.0,17.0,2.0,1.0,17.0,1.0,0.0,0.0,8
4800135005200,GYNEPRO 60ML FEMWASH,SKIN AND BODY,PERSONAL CARE,13.0,1034.6,88.46000000000001,6.0,79.58461538461538,2.1666666666666665,0.31716197120135853,-0.08571428571428555,-1
4800135005217,GYNEPRO ULTRA PRO FEM WASH 150ML,SKIN AND BODY,PERSONAL CARE,13.0,2342.76,217.14999999999998,7.0,180.21230769230772,1.8571428571428572,0.4485347611419461,0.32142857142857145,-1
4800135005699,PH CARE COOLING COMFORT 150ML,SKIN AND BODY,PERSONAL CARE,11.0,1512.6,211.47,7.0,137.5090909090909,1.5714285714285714,0.3149183286488868,-0.10714285714285726,-1
4800135005705,PH CARE COOLING COMFORT 50ML,SKIN AND BODY,PERSONAL CARE,22.0,1265.75,196.55,11.0,57.53409090909091,2.0,0.4767312946227962,-0.12727272727272723,-1
4800135005729,PH CARE COOLING COMFORT 5ML,SKIN AND BODY,PERSONAL CARE,2.0,16.0,4.89,1.0,8.0,2.0,0.0,0.0,8
4800135005897,PH CARE FLORAL CLEAN 150ML,SKIN AND BODY,PERSONAL CARE,4.0,544.0,87.52,3.0,136.0,1.3333333333333333,0.3535533905932738,0.4999999999999998,-1
4800135005903,PH CARE FLORAL CLEAN 50ML,SKIN AND BODY,PERSONAL CARE,18.0,1010.25,169.10999999999999,12.0,56.125,1.5,0.3333333333333333,-0.0979020979020979,14
4800135005927,PH CARE FLORAL CLEAN 5ML,SKIN AND BODY,PERSONAL CARE,22.0,176.0,73.26,7.0,8.0,3.142857142857143,0.7872958216222169,-0.75,10
4800135006139,PH CARE DELICATE WHITE 50ML,SKIN AND BODY,PERSONAL CARE,10.0,575.7,52.300000000000004,5.0,57.57000000000001,2.0,0.5477225575051661,-2.1015841478911518e-16,-1
4800135006542,PH CARE NATURAL PROTECTION 50ML,SKIN AND BODY,PERSONAL CARE,15.0,877.5,178.4,7.0,58.5,2.142857142857143,0.4618802153517006,-0.4285714285714285,-1
4800135006566,PH CARE NATURAL PROTECTION 150ML,SKIN AND BODY,PERSONAL CARE,4.0,559.75,74.07,2.0,139.9375,2.0,0.5,1.9999999999999996,20
4800135007785,PH CARE FLORAL CLEAN 5ML,SKIN AND BODY,PERSONAL CARE,6.0,36.0,7.98,3.0,6.0,2.0,0.408248290463863,0.4999999999999994,8
4800135007808,PH CARE DELICATE WHITE 5ML,SKIN AND BODY,PERSONAL CARE,2.0,16.0,2.92,1.0,8.0,2.0,0.0,0.0,8
4800135007815,PH CARE COOLING COMFORT 5ML,SKIN AND BODY,PERSONAL CARE,8.0,64.0,26.64,5.0,8.0,1.6,0.7500000000000001,-8.033068290368951e-17,15
4800135007839,PH CARE NATURAL PROTECTION 5ML,SKIN AND BODY,PERSONAL CARE,23.0,176.0,48.35,7.0,7.6521739130434785,3.2857142857142856,0.6650895017729719,0.035714285714285414,10
4800135010853,GYNEPRO 60ML +MODESS SET,SKIN AND BODY,PERSONAL CARE,8.0,600.0,60.88,4.0,75.0,2.0,0.5,7.307786845289712e-17,2
4800135012123,MYRA CLASSIC MOISTURIZING LOTION 200ML + 100ML 1 SET,SKIN AND BODY,PERSONAL CARE,2.0,399.5,399.5,2.0,199.75,1.0,0.0,-7.850462293418875e-17,17
4800136111047,LACTACYD BABY BATH 60ML,SKIN AND BODY,PERSONAL CARE,7.0,614.0,51.93,4.0,87.71428571428571,1.75,0.47380354147934284,-0.09999999999999996,-1
4800136111054,LACTACYD BABY BATH 150ML,SKIN AND BODY,PERSONAL CARE,7.0,1344.0,145.0,7.0,192.0,1.0,0.0,-4.4235991976298466e-17,-1
4800136960010,LACTACYD PRO SENSITIVE 60ML,SKIN AND BODY,PERSONAL CARE,5.0,392.5,64.15,4.0,78.5,1.25,0.34641016151377546,-0.09999999999999969,-1
4800136960027,LACTACYD PRO SENSITIVE 150ML,SKIN AND BODY,PERSONAL CARE,1.0,173.0,22.52,1.0,173.0,1.0,0.0,0.0,10
4800140001082,BACTIDOL ORAL 60ML,ORAL CARE,PERSONAL CARE,66.0,8193.5,1319.61,12.0,124.14393939393939,5.5,0.5326786615529377,-0.22377622377622367,-1
4800140001099,BACTIDOL 120ML,ORAL CARE,PERSONAL CARE,37.0,8084.110000000001,1101.17,10.0,218.48945945945948,3.7,0.3636114607317219,0.26060606060606073,-1
4800140001105,BACTIDOL LIQUID 250ML,ORAL CARE,PERSONAL CARE,12.0,4481.25,859.4000000000001,9.0,373.4375,1.3333333333333333,0.5,0.11666666666666672,-1
4800140001112,BACTIDOL LIQUID 500ML,ORAL CARE,PERSONAL CARE,2.0,1255.0,130.43,2.0,627.5,1.0,0.0,-7.850462293418875e-17,-1
4800141512938,C.Y GABRIEL SPECIAL GREEN 60G,SKIN AND BODY,PERSONAL CARE,5.0,87.5,22.7,3.0,17.5,1.6666666666666667,0.282842712474619,-2.8739846092794455e-16,1
4800141512945,C.Y GABRIEL PAPAYA 60G,SKIN AND BODY,PERSONAL CARE,13.0,247.0,75.66,5.0,19.0,2.6,0.46153846153846156,0.7,9
4800157155105,SANITEX MATERNITY PADS 8&#039;S,DIAPERS,PERSONAL CARE,1.0,82.0,7.5,1.0,82.0,1.0,0.0,0.0,1
4800204001713,BETADINE GARGLE 60ML,ORAL CARE,PERSONAL CARE,27.0,3487.52,377.18,10.0,129.1674074074074,2.7,0.5505951387895742,0.27272727272727276,-1
4800204001720,BETADINE GARGLE 120ML,ORAL CARE,PERSONAL CARE,15.0,2879.5,334.03,6.0,191.96666666666667,2.5,0.447213595499958,-0.19999999999999984,-1
4800204001737,BETADINE GARGLE 240ML,ORAL CARE,PERSONAL CARE,4.0,1242.0,133.88,2.0,310.5,2.0,0.0,-1.570092458683775e-16,-1
4800204008613,BETADINE FEM WASH 100ML,SKIN AND BODY,PERSONAL CARE,8.0,1560.0,260.16,7.0,195.0,1.1428571428571428,0.3061862178478973,-0.03571428571428567,-1
4800204008620,BETADINE FEM WASH 50ML,SKIN AND BODY,PERSONAL CARE,12.0,1492.75,200.15,7.0,124.39583333333333,1.7142857142857142,0.6009252125773316,0.07142857142857145,-1
4800204008651,BETADINE FEM WASH ( POVIDONE IODINE) 25ML,SKIN AND BODY,PERSONAL CARE,3.0,214.0,214.0,2.0,71.33333333333333,1.5,0.3333333333333333,0.9999999999999998,3
4800318407920,SENSODYNE GUM CARE 100G,ORAL CARE,PERSONAL CARE,6.0,954.0,159.24,6.0,159.0,1.0,0.0,7.951207131982424e-18,12
4800326628188,BIGEN BLACK,HAIR CARE,PERSONAL CARE,1.0,56.0,9.08,1.0,56.0,1.0,0.0,0.0,8
4800326628584,BIGEN BROWN BLACK,HAIR CARE,PERSONAL CARE,6.0,420.0,86.4,4.0,70.0,1.5,0.5773502691896257,0.5999999999999999,21
4800326628782,BIGEN DARK BROWN,HAIR CARE,PERSONAL CARE,8.0,506.0,121.57000000000001,4.0,63.25,2.0,0.6123724356957945,0.20000000000000034,-1
4800326628980,BIGEN CHESTNUT BROWN,HAIR CARE,PERSONAL CARE,6.0,378.0,91.48,3.0,63.0,2.0,0.7071067811865476,5.769208098040985e-16,-1
4800360831568,XYLOGEL ORAL GEL 25G,ORAL CARE,PERSONAL CARE,2.0,322.5,46.99,2.0,161.25,1.0,0.0,-7.850462293418875e-17,6
4800417001081,BENCH ALCOGEL CLASSIC HAND SANITIZER 100G,SKIN AND BODY,PERSONAL CARE,3.0,121.5,13.5,2.0,40.5,1.5,0.3333333333333333,-1.0,1
4800417001203,BABY BENCH COLONIA LEMON DROP 50ML,SKIN AND BODY,PERSONAL CARE,4.0,146.0,20.2,3.0,36.5,1.3333333333333333,0.3535533905932738,0.4999999999999998,1
4800417002484,BENCH BRATSPLASH RASBERRY HAND SANITIZER 50G,SKIN AND BODY,PERSONAL CARE,2.0,63.0,7.0,2.0,31.5,1.0,0.0,-7.850462293418875e-17,15
4800417002736,BABY BENCH COLONIA COTTON CANDY 50ML,SKIN AND BODY,PERSONAL CARE,5.0,194.86,0.6100000000000012,4.0,38.972,1.25,0.34641016151377546,0.10000000000000009,7
4800417002767,BABY BENCH COLONIA COTTON CANDY 100ML,SKIN AND BODY,PERSONAL CARE,2.0,116.0,49.54,2.0,58.0,1.0,0.0,-7.850462293418875e-17,1
4800417003665,BENCH BRATSPLASH GREEN APPLE 50ML,SKIN AND BODY,PERSONAL CARE,3.0,270.0,30.0,2.0,90.0,1.5,0.3333333333333333,-1.0,4
4800417003726,BENCH BRATSPLASH GREEN APPLE 100ML,SKIN AND BODY,PERSONAL CARE,5.0,695.0,70.0,5.0,139.0,1.0,0.0,-1.0507920739455759e-16,-1
4800417003740,BENCH BRATSPLASH RASPBERRY 100ML,SKIN AND BODY,PERSONAL CARE,2.0,278.0,278.0,2.0,139.0,1.0,0.0,-7.850462293418875e-17,4
4800417005201,BENCH B20 BODY SPRAY 75ML,SKIN AND BODY,PERSONAL CARE,8.0,776.0,94.4,6.0,97.0,1.3333333333333333,0.5590169943749475,0.28571428571428553,-1
4800417005218,BENCH EIGHT BODY SPRAY 75ML,SKIN AND BODY,PERSONAL CARE,7.0,687.0,116.02,5.0,98.14285714285714,1.4,0.5714285714285715,0.19999999999999996,5
4800417005225,BENCH ATLANTIS 75ML BODY SPRAY,SKIN AND BODY,PERSONAL CARE,7.0,682.5,58.900000000000006,5.0,97.5,1.4,0.5714285714285716,-0.2,5
4800417005249,"""BENCH BODY SPRAY """"EIGHT"""" 100ML""",SKIN AND BODY,PERSONAL CARE,3.0,323.0,-17.4,2.0,107.66666666666667,1.5,0.3333333333333333,-1.0,6
4800417005256,BENCH ATLANTIS 100ML BODY SPRAY,SKIN AND BODY,PERSONAL CARE,9.0,1152.0,57.09,4.0,128.0,2.25,0.48432210483785265,0.29999999999999993,-1
4800417008288,BENCH BARE ME NOT BODY SPRAY 100ML,SKIN AND BODY,PERSONAL CARE,5.0,650.5,59.36,5.0,130.1,1.0,0.0,-1.0507920739455759e-16,18
4800417008295,BENCH SO IN LOVE DEO BODY SPRAY 100ML,SKIN AND BODY,PERSONAL CARE,5.0,649.25,83.8,4.0,129.85,1.25,0.34641016151377546,0.10000000000000009,18
4800417059402,BENCH DAILY SCENT HAPPY HOUR 25ML,SKIN AND BODY,PERSONAL CARE,2.0,34.6,3.22,2.0,17.3,1.0,0.0,-7.850462293418875e-17,8
4800417059471,BENCH DAILY SCENT(HAPPY HOUR) 75ML,SKIN AND BODY,PERSONAL CARE,4.0,150.4,21.12,4.0,37.6,1.0,0.0,-8.214889951798643e-17,1
4800417059617,BENCH DAILY SCENT LAZY AFTERNOON 25ML,SKIN AND BODY,PERSONAL CARE,4.0,71.75,8.99,3.0,17.9375,1.3333333333333333,0.3535533905932738,-0.5,1
4800417060590,BENCH SO IN LOVE DEO BODY SPRAY 50ML,SKIN AND BODY,PERSONAL CARE,11.0,894.5,98.06,8.0,81.31818181818181,1.375,0.35208939510976517,-0.059523809523809625,11
4800417061924,BENCH DAILY SPELL CLEAN FUN 70ML,SKIN AND BODY,PERSONAL CARE,12.0,645.84,94.03,9.0,53.82,1.3333333333333333,0.5,-0.03333333333333324,18
4800417061955,BENCH MORNING RUSH BODY MIST 70ML,SKIN AND BODY,PERSONAL CARE,7.0,378.0,47.25,7.0,54.0,1.0,0.0,-4.4235991976298466e-17,-1
4800417064895,BENCH DAILY SCENT EYE CANDY 25ML,SKIN AND BODY,PERSONAL CARE,2.0,34.5,3.12,2.0,17.25,1.0,0.0,-7.850462293418875e-17,8
4800417064901,BENCH DAILY SCENT (EYE CANDY) 50ML,SKIN AND BODY,PERSONAL CARE,1.0,30.2,4.55,1.0,30.2,1.0,0.0,0.0,8
4800417064918,BENCH DAILY SCENT (EYE CANDY) 75ML,SKIN AND BODY,PERSONAL CARE,2.0,75.0,6.7,2.0,37.5,1.0,0.0,-7.850462293418875e-17,1
4800417065038,BENCH DAILY SCENT SUNDAY MORNING OIL CONTROL POWDER 50G,SKIN AND BODY,PERSONAL CARE,1.0,22.5,2.19,1.0,22.5,1.0,0.0,0.0,8
4800417072166,BENCH DAILY SPELL MAGIC POWDER NATURAL 50G,SKIN AND BODY,PERSONAL CARE,4.0,110.0,14.93,2.0,27.5,2.0,0.5,-2.0,1
4800417072173,BENCH DAILY SPELL MAGIC POWDER PINK 50G,SKIN AND BODY,PERSONAL CARE,7.0,192.5,31.89,3.0,27.5,2.3333333333333335,0.20203050891044214,0.4999999999999995,7
4800417072180,BENCH DAILY SPELL MAGIC POWDER WHITE 50G,SKIN AND BODY,PERSONAL CARE,5.0,137.5,22.12,3.0,27.5,1.6666666666666667,0.282842712474619,0.5,1
4800420941107,BONIL SOLUTION 30ML,SKIN AND BODY,PERSONAL CARE,1.0,31.2,5.2,1.0,31.2,1.0,0.0,0.0,8
4800488011415,CHARMEE COTTONY W/ WINGS 8s+1,DISPOSABLES,PERSONAL CARE,73.0,1660.25,334.84000000000003,15.0,22.743150684931507,4.866666666666666,0.6871197919991481,0.4785714285714285,-1
4800488011477,CHARMEE FEMININE PADS 4&#039;S,DISPOSABLES,PERSONAL CARE,59.0,1496.75,161.26999999999998,13.0,25.36864406779661,4.538461538461538,1.0138370460161479,-0.46153846153846145,-1
4800488011484,CHARMEE COTTONY NON WINGS 8&#039;S,DISPOSABLES,PERSONAL CARE,44.0,924.0,245.52,9.0,21.0,4.888888888888889,1.0885390922570952,1.1499999999999997,-1
4800488070016,CARESS ADULT DIAPER M10+1,DIAPERS,PERSONAL CARE,101.0,18735.65,1993.6000000000001,15.0,185.50148514851486,6.733333333333333,0.5569251924920885,0.37857142857142856,-1
4800488070023,CARESS ADULT DIAPER M1,DIAPERS,PERSONAL CARE,109.0,2482.7,474.97999999999996,14.0,22.777064220183483,7.785714285714286,0.7104614640935539,0.9120879120879122,-1
4800488070030,CARESS ADULT DIAPER L10+1,DIAPERS,PERSONAL CARE,115.0,27063.94,2627.13,15.0,235.33860869565217,7.666666666666667,0.6348421651632687,0.39642857142857135,-1
4800488070276,CHARMEE COTTONY SULIT PACK 20s,DISPOSABLES,PERSONAL CARE,33.0,1645.0,296.22,8.0,49.84848484848485,4.125,0.5741604642877701,0.32142857142857123,-1
4800488070283,CARESS ADULT DIAPER XL10,DIAPERS,PERSONAL CARE,144.0,45427.11,4244.17,15.0,315.4660416666667,9.6,0.7958587837698995,-0.33928571428571386,-1
4800488070443,EQ COLOR S 4&#039;S,DIAPERS,PERSONAL CARE,8.0,188.0,24.159999999999997,3.0,23.5,2.6666666666666665,0.1767766952966369,0.5,7
4800488070450,EQ COLOR M 4&#039;S,DIAPERS,PERSONAL CARE,3.0,78.0,7.290000000000001,3.0,26.0,1.0,0.0,8.985767264226737e-17,1
4800488070467,EQ COLOR L 4&#039;S,DIAPERS,PERSONAL CARE,14.0,416.5,43.120000000000005,9.0,29.75,1.5555555555555556,0.614451804788759,0.06666666666666671,21
4800488070474,EQ COLOR XL 4&#039;S,DIAPERS,PERSONAL CARE,2.0,73.5,12.54,1.0,36.75,2.0,0.0,0.0,1
4800488070481,CHARMEE MENSTRUAL PANTS M 2&#039;S,DISPOSABLES,PERSONAL CARE,76.0,5073.0,847.4,12.0,66.75,6.333333333333333,0.581334790378277,0.48251748251748233,-1
4800488070702,NURSY BABY WIPES POWDER SCENT 30&#039;S,COTTONS AND HYGIENE,PERSONAL CARE,24.0,1044.0,142.16000000000003,5.0,43.5,4.8,0.2429563289518875,0.19999999999999965,-1
4800488099741,CARESS UNDERPAD M10,DIAPERS,PERSONAL CARE,18.0,3458.0,341.14000000000004,8.0,192.11111111111111,2.25,0.43033148291193524,-0.16666666666666646,-1
4800488099758,CARESS UNDERPADS L8,DIAPERS,PERSONAL CARE,40.0,7432.16,1004.47,12.0,185.804,3.3333333333333335,0.5244044240850757,0.18181818181818188,-1
4800488100058,CHARMEE UNSCENTED BREATHABLE PANTY LINER PINK 8&#039;S,DISPOSABLES,PERSONAL CARE,53.0,636.0,66.25,15.0,12.0,3.533333333333333,0.610224967124386,0.11428571428571434,23
4800488100065,CHARMEE UNSCENTED BREATHABLE PANTY LINER PINK 20&#039;S,DISPOSABLES,PERSONAL CARE,29.0,887.5,188.89999999999998,9.0,30.603448275862068,3.2222222222222223,0.40800550228273214,0.23333333333333334,11
4800488100072,CHARMEE BREATHABLE PANTY LINER GREEN 8&#039;S,DISPOSABLES,PERSONAL CARE,47.0,611.0,94.0,11.0,13.0,4.2727272727272725,0.6626558086126569,0.5454545454545454,-1
4800488100089,CHARMEE BREATHABLE PANTY LINER GREEN 20s,DISPOSABLES,PERSONAL CARE,45.0,1402.5,274.44,12.0,31.166666666666668,3.75,0.488383577240798,0.2272727272727273,-1
4800488100119,CHARMEE COTTONY HEAVY FLOW NIGHT 8s+1,DISPOSABLES,PERSONAL CARE,25.0,650.0,118.5,9.0,26.0,2.7777777777777777,0.5571355310873648,-0.06666666666666629,18
4800488100188,CHARMEE COTTONY W/WINGS 12&#039;S,DISPOSABLES,PERSONAL CARE,8.0,304.84000000000003,114.2,5.0,38.105000000000004,1.6,0.30618621784789724,0.29999999999999993,16
4800488114772,CHARMEE PANTYLINER GO GIRL 20+2,DISPOSABLES,PERSONAL CARE,58.0,1088.0,155.45,9.0,18.75862068965517,6.444444444444445,0.40800550228273214,0.1666666666666667,-1
4800488129820,CARESS MATERNITY PADS 7+1,DIAPERS,PERSONAL CARE,14.0,1112.12,74.62,8.0,79.43714285714285,1.75,0.5532833351724882,0.023809523809523794,-1
4800488958116,NURSY BABY WIPES UNSCENTED 90&#039;S,COTTONS AND HYGIENE,PERSONAL CARE,45.0,4254.5,511.40000000000003,10.0,94.54444444444445,4.5,0.5900408021045224,0.11515151515151523,-1
4800488958147,NURSY BABY WIPES UNSCENTED 66&#039;S,COTTONS AND HYGIENE,PERSONAL CARE,35.0,2310.0,287.24,10.0,66.0,3.5,0.5890150893739515,-0.05454545454545418,-1
4800488958154,NURSY BABY WIPES UNSCENTED 30&#039;S,COTTONS AND HYGIENE,PERSONAL CARE,77.0,3302.25,382.82,12.0,42.88636363636363,6.416666666666667,0.545299916239403,-0.5209790209790208,-1
4800488958529,CHARMEE LIGHT W/WINGS 8&#039;S,DISPOSABLES,PERSONAL CARE,21.0,378.0,63.410000000000004,12.0,18.0,1.75,0.4123930494211613,0.08041958041958046,-1
4800488958581,CHARMEE DRY NET NON WINGS 8&#039;S,DISPOSABLES,PERSONAL CARE,22.0,506.0,101.76,8.0,23.0,2.75,0.5061603966209111,0.4523809523809523,-1
4800488958772,EQ DRY S 4&#039;S,DIAPERS,PERSONAL CARE,7.0,224.0,20.65,2.0,32.0,3.5,0.7142857142857143,-5.0,3
4800488958789,EQ DRY M 4&#039;S,DIAPERS,PERSONAL CARE,12.0,426.0,40.32,8.0,35.5,1.5,0.5773502691896257,-4.6915485647975684e-17,19
4800488958796,EQ DRY L 4&#039;S,DIAPERS,PERSONAL CARE,30.0,1300.5,170.43,12.0,43.35,2.5,0.5773502691896258,0.18881118881118883,-1
4800488958802,EQ DRY XL 4s,DIAPERS,PERSONAL CARE,24.0,1273.75,198.10999999999999,9.0,53.072916666666664,2.6666666666666665,0.5,0.2833333333333334,-1
4800488958819,EQ DRY XXL 3&#039;S,DIAPERS,PERSONAL CARE,27.0,1127.25,105.03,12.0,41.75,2.25,0.5480980958129164,0.19930069930069924,-1
4800488958826,EQ DRY NB 4&#039;S,DIAPERS,PERSONAL CARE,21.0,682.0,101.32,8.0,32.476190476190474,2.625,0.6581083314802502,-0.01190476190476205,5
4800488958888,CARESS UNDERPADS XL8,DIAPERS,PERSONAL CARE,89.0,15585.12,1463.82,14.0,175.11370786516855,6.357142857142857,0.537097456301893,-0.20000000000000026,-1
4800488958932,EQ DRY M 18+1,DIAPERS,PERSONAL CARE,2.0,314.5,28.78,2.0,157.25,1.0,0.0,-7.850462293418875e-17,16
4800488958949,EQ DRY M 36+2,DIAPERS,PERSONAL CARE,1.0,347.5,52.69,1.0,347.5,1.0,0.0,0.0,-1
4800488958970,EQ DRY L 32+2,DIAPERS,PERSONAL CARE,4.0,1256.0,110.12,4.0,314.0,1.0,0.7071067811865476,-0.19999999999999993,-1
4800488958994,EQ DRY XL 14+1,DIAPERS,PERSONAL CARE,2.0,314.5,28.78,2.0,157.25,1.0,0.0,-7.850462293418875e-17,16
4800488959236,CARESS ADULT DIAPER L2,DIAPERS,PERSONAL CARE,93.0,4576.25,546.65,14.0,49.206989247311824,6.642857142857143,0.7051829003040686,0.5252747252747253,-1
4800488959328,NURSY BABY WIPES SCENTED 66&#039;S,COTTONS AND HYGIENE,PERSONAL CARE,43.0,2945.5,428.7,10.0,68.5,4.3,0.5887901814498679,0.35757575757575777,-1
4800488959878,NURSY BABY WIPES SCENTED 90&#039;S,COTTONS AND HYGIENE,PERSONAL CARE,36.0,3257.8,288.43,8.0,90.49444444444445,4.5,0.41573970964154905,-0.5476190476190477,-1
4800488960201,CHARMEE DRY NET W/ WINGS 8+1,DISPOSABLES,PERSONAL CARE,47.0,1233.75,130.84,7.0,26.25,6.714285714285714,0.8338688486070394,-0.8928571428571426,-1
4800488960270,EQ DRY NB 44&#039;S,DIAPERS,PERSONAL CARE,3.0,998.75,118.27,3.0,332.9166666666667,1.0,0.0,8.985767264226737e-17,14
4800488960287,EQ PANTS M 10&#039;S,DIAPERS,PERSONAL CARE,2.0,142.5,12.98,2.0,71.25,1.0,0.0,-7.850462293418875e-17,1
4800488960331,EQ PANTS LARGE 24&#039;S,DIAPERS,PERSONAL CARE,1.0,207.75,37.51,1.0,207.75,1.0,0.0,0.0,7
4800488960362,HYPANTS ADULT DIAPER MEDIUM 10s,DIAPERS,PERSONAL CARE,14.0,3010.0,278.74,5.0,215.0,2.8,0.524890659167824,-0.7000000000000005,-1
4800488960379,HYPANTS ADULT DIAPER LARGE 10s,DIAPERS,PERSONAL CARE,39.0,10516.5,957.99,13.0,269.65384615384613,3.0,0.5699002761767402,0.13736263736263746,-1
4800488960768,HYPANTS ADULT DIAPER XL 10s,DIAPERS,PERSONAL CARE,65.0,21509.55,1889.27,12.0,330.91615384615386,5.416666666666667,0.7516451384803757,0.6608391608391607,-1
4800488960799,CARESS ADULT DIAPER M20+2,DIAPERS,PERSONAL CARE,15.0,5182.5,5182.5,3.0,345.5,5.0,0.32659863237109044,-1.000000000000001,-1
4800488961451,EQ PANTS M 4&#039;S,DIAPERS,PERSONAL CARE,17.0,493.0,47.769999999999996,6.0,29.0,2.8333333333333335,0.718032683278453,-0.08571428571428581,0
4800488961468,EQ PANTS L 4&#039;S,DIAPERS,PERSONAL CARE,15.0,487.5,44.7,7.0,32.5,2.142857142857143,0.5249338582674541,-0.10714285714285712,-1
4800488961475,CHARMEE ALL NIGHT LONG W/ WINGS 10s,DISPOSABLES,PERSONAL CARE,45.0,3090.75,453.11,13.0,68.68333333333334,3.4615384615384617,0.6762277357645751,0.0384615384615386,-1
4800488961932,EQ PANTS XL 4&#039;S,DIAPERS,PERSONAL CARE,26.0,929.5,87.62,6.0,35.75,4.333333333333333,0.8067760370539627,1.3142857142857143,-1
4800888113474,CLOSEUP RED HOT 95ML,ORAL CARE,PERSONAL CARE,1.0,122.0,122.0,1.0,122.0,1.0,0.0,0.0,1
4800888113566,CLOSEUP MENTHOL FRESH 50ML,ORAL CARE,PERSONAL CARE,3.0,238.5,238.5,1.0,79.5,3.0,0.0,0.0,3
4800888113658,CLOSEUP RED HOT 145ML,ORAL CARE,PERSONAL CARE,1.0,137.5,137.5,1.0,137.5,1.0,0.0,0.0,1
4800888113672,CLOSEUP MENTHOL FRESH 145ML,ORAL CARE,PERSONAL CARE,1.0,137.5,137.5,1.0,137.5,1.0,0.0,0.0,1
4800888139467,CREAM SILK HAIR FALL DEFENSE CONDITIONER 180ML,HAIR CARE,PERSONAL CARE,3.0,525.0,525.0,2.0,175.0,1.5,0.3333333333333333,-1.0,13
4800888140838,SUNSILK DAMAGE RECONSTRUCTION 180ML,HAIR CARE,PERSONAL CARE,1.0,117.0,27.35,1.0,117.0,1.0,0.0,0.0,1
4800888140869,SUNSILK SMOOTH & MANAGEABLE SHAMPOO 180ML,HAIR CARE,PERSONAL CARE,2.0,234.0,46.6,1.0,117.0,2.0,0.0,0.0,3
4800888140876,SUNSILK SMOOTH AND MANAGEABLE 350ML,HAIR CARE,PERSONAL CARE,1.0,230.0,230.0,1.0,230.0,1.0,0.0,0.0,3
4800888141101,AXE DEO SPRAY DARK TEMPTATION 50ML,SKIN AND BODY,PERSONAL CARE,7.0,721.0,108.56,4.0,103.0,1.75,0.24743582965269675,-0.09999999999999996,-1
4800888141194,CLEAR SHAMPOO COMPLETE SOFT CARE 12ML,HAIR CARE,PERSONAL CARE,11.0,93.5,93.5,2.0,8.5,5.5,0.09090909090909091,-1.0000000000000002,1
4800888142672,REXONA DEO ROLL ON PASSION 25ML,SKIN AND BODY,PERSONAL CARE,2.0,179.2,53.1,2.0,89.6,1.0,0.0,-7.850462293418875e-17,10
4800888142894,REXONA ROLL ON PASSION 50ML,SKIN AND BODY,PERSONAL CARE,2.0,194.0,33.7,1.0,97.0,2.0,0.0,0.0,7
4800888143365,REXONA MEN ROLL ON ICE COOL 25ML,SKIN AND BODY,PERSONAL CARE,9.0,589.5,98.1,5.0,65.5,1.8,0.41573970964154905,-0.40000000000000036,22
4800888143389,REXONA MEN ICE COOL 45ml,SKIN AND BODY,PERSONAL CARE,2.0,251.0,29.66,2.0,125.5,1.0,0.0,-7.850462293418875e-17,9
4800888143402,REXONA MEN ROLL ON QUANTUM DRY 50ML,SKIN AND BODY,PERSONAL CARE,3.0,338.0,36.75,3.0,112.66666666666667,1.0,0.0,8.985767264226737e-17,-1
4800888143631,PONDS CLAY-BHA FACIAL SCRUB 10G,SKIN AND BODY,PERSONAL CARE,7.0,140.0,140.0,2.0,20.0,3.5,0.14285714285714285,-0.9999999999999998,1
4800888143891,PONDS FACIAL FOAM W/ NIASORCINOL 10G,SKIN AND BODY,PERSONAL CARE,12.0,310.96000000000004,310.96000000000004,3.0,25.913333333333338,4.0,0.5400617248673217,2.0000000000000004,16
4800888144256,REXONA MEN ROLL ON QUANTUM DRY 25ML,SKIN AND BODY,PERSONAL CARE,8.0,524.0,87.92,5.0,65.5,1.6,0.5,-0.4000000000000002,13
4800888146830,"SUNSILK SHAMPOO W/ BIOTIN, ALOE VERA & CASTOR OIL 170ML",HAIR CARE,PERSONAL CARE,1.0,144.0,144.0,1.0,144.0,1.0,0.0,0.0,1
4800888147219,AXE ROLL-ON DARK TEMPTATION 40ML,SKIN AND BODY,PERSONAL CARE,8.0,1062.0,158.03,5.0,132.75,1.6,0.5,-0.5000000000000002,-1
4800888147240,CLOSEUP TWIN PACK MENTHOL FRESH 10G,ORAL CARE,PERSONAL CARE,3.0,40.5,21.48,2.0,13.5,1.5,0.3333333333333333,0.9999999999999998,8
4800888147288,CLOSEUP TWIN PACK RED HOT 10G,ORAL CARE,PERSONAL CARE,3.0,36.0,36.0,1.0,12.0,3.0,0.0,0.0,8
4800888150202,POND&#039;S WB SUPER CREAM 7G,SKIN AND BODY,PERSONAL CARE,10.0,139.44,28.939999999999998,2.0,13.943999999999999,5.0,0.4,3.999999999999999,1
4800888150622,REXONA ROLL ON SHOWER CLEAN 25ML,SKIN AND BODY,PERSONAL CARE,6.0,408.0,104.69999999999999,3.0,68.0,2.0,0.408248290463863,-1.0,17
4800888150639,REXONA ROLL ON SHOWER CLEAN 45MLL,SKIN AND BODY,PERSONAL CARE,4.0,640.0,176.84,3.0,160.0,1.3333333333333333,0.3535533905932738,1.0813965140346581e-17,23
4800888151100,REXONA DEO LOTION PASSION 3ML,SKIN AND BODY,PERSONAL CARE,16.0,157.53,51.93000000000001,7.0,9.845625,2.2857142857142856,1.0383279828647594,0.7142857142857143,1
4800888151117,REXONA MEN QUANTUM DRY DEO LOTION 48H 3ML 12s,SKIN AND BODY,PERSONAL CARE,7.0,82.25,36.050000000000004,6.0,11.75,1.1666666666666667,0.31943828249996986,-0.08571428571428566,1
4800888151704,CLEAR SHAMPOO COOL SPORT MENTHOL 12ML,HAIR CARE,PERSONAL CARE,2.0,17.0,17.0,1.0,8.5,2.0,0.0,0.0,8
4800888152725,POND&#039;S WB OS SUPER CREAM DETOX 7G,SKIN AND BODY,PERSONAL CARE,14.0,196.0,16.490000000000002,3.0,14.0,4.666666666666667,0.9636241116594314,4.999999999999998,7
4800888153876,REXONA MEN ROLL ON SPORT DEFENSE 45ML,SKIN AND BODY,PERSONAL CARE,3.0,444.0,69.30000000000001,2.0,148.0,1.5,0.3333333333333333,-1.0,-1
4800888154354,DOVE STRAIGHT & SILKY 170ML,HAIR CARE,PERSONAL CARE,3.0,465.75,105.15,3.0,155.25,1.0,0.0,8.985767264226737e-17,-1
4800888154873,REXONA MEN ROLL ON SPORT DEFENSE 25ML,SKIN AND BODY,PERSONAL CARE,5.0,270.0,54.599999999999994,2.0,54.0,2.5,0.2,0.9999999999999994,4
4800888158888,REXONA POWDER DRY BRIGHTENING DEO-LOTION 3ML,SKIN AND BODY,PERSONAL CARE,10.0,117.5,117.5,2.0,11.75,5.0,0.2,1.999999999999999,1
4800888158925,REXONA ROLL ON POWDER DRY BRIGHTENING 25ML,SKIN AND BODY,PERSONAL CARE,3.0,197.25,33.45,2.0,65.75,1.5,0.3333333333333333,0.9999999999999998,7
4800888158932,REXONA ROLL ON POWER DRY BRIGHTENING 50ML,SKIN AND BODY,PERSONAL CARE,3.0,372.75,64.28,3.0,124.25,1.0,0.0,8.985767264226737e-17,-1
4800888158994,AXE ROLL-ON DARK TEMPTATION 25ML,SKIN AND BODY,PERSONAL CARE,10.0,810.0,183.85,6.0,81.0,1.6666666666666667,0.447213595499958,0.1142857142857142,-1
4800888160027,REXONA MEN ICE COOL ANTI STAIN DEO LOTION 48H 3ML SACH,SKIN AND BODY,PERSONAL CARE,6.0,70.5,30.900000000000002,3.0,11.75,2.0,0.0,1.7971534528453475e-16,1
4800888169709,SUNSILK STRONG AND LONG 15ML,HAIR CARE,PERSONAL CARE,6.0,51.0,51.0,2.0,8.5,3.0,0.3333333333333333,1.9999999999999996,8
4800888169716,SUNSILK SMOOTH AND MANAGEABLE 15ML,HAIR CARE,PERSONAL CARE,2.0,17.0,17.0,2.0,8.5,1.0,0.0,-7.850462293418875e-17,8
4800888173690,DOVE ORIGINAL NOURISHED AND SMOOTH 25ML,SKIN AND BODY,PERSONAL CARE,3.0,309.0,309.0,2.0,103.0,1.5,0.3333333333333333,-1.0,16
4800888176882,MASTER BRIGHTENING PLUS DEEP CLEANSER 70ML,SKIN AND BODY,PERSONAL CARE,2.0,112.5,112.5,2.0,56.25,1.0,0.0,-7.850462293418875e-17,1
4800888178503,"""AXE ROLL-ON """"APOLLO"""" 40ML""",SKIN AND BODY,PERSONAL CARE,10.0,1315.0,247.87,5.0,131.5,2.0,0.5477225575051661,-0.5000000000000003,-1
4800888178510,AXE ROLL-ON APOLLO 25ML,SKIN AND BODY,PERSONAL CARE,4.0,344.0,76.28,3.0,86.0,1.3333333333333333,0.3535533905932738,-0.5,-1
4800888179593,DOVE BIOTIN HAIR FALL RESCUE 12ML,HAIR CARE,PERSONAL CARE,12.0,102.0,102.0,2.0,8.5,6.0,0.3333333333333333,3.999999999999999,1
4800888187918,REXONA ROLL ON INVISIBLE DRY 45ML,SKIN AND BODY,PERSONAL CARE,4.0,660.0,175.2,3.0,165.0,1.3333333333333333,0.3535533905932738,1.0813965140346581e-17,-1
4800888192882,PONDS MEN FACIAL WASH ENERGY CHARGE 10G,SKIN AND BODY,PERSONAL CARE,2.0,37.4,8.68,2.0,18.7,1.0,0.0,-7.850462293418875e-17,8
4800888193551,REXONA MEN ROLL ON INVISIBLE DRY 25ML,SKIN AND BODY,PERSONAL CARE,1.0,56.0,7.75,1.0,56.0,1.0,0.0,0.0,8
4800888204288,PONDS BRIGHT SP SUNSCREEN SPF 50 CRM 30G,SKIN AND BODY,PERSONAL CARE,1.0,316.0,316.0,1.0,316.0,1.0,0.0,0.0,6
4800888214133,SUNSILK SAKURA AND RASPBERRY 15ML,HAIR CARE,PERSONAL CARE,5.0,42.5,42.5,2.0,8.5,2.5,0.6,2.999999999999999,8
4800888214157,SUNSILK SAKURA AND RASPBERRY 340ML,HAIR CARE,PERSONAL CARE,3.0,804.0,804.0,2.0,268.0,1.5,0.3333333333333333,0.9999999999999998,-1
4800888240040,CREAM SILK KERATIN REBOND STRAIGHT 18ML,HAIR CARE,PERSONAL CARE,6.0,49.5,49.5,1.0,8.25,6.0,0.0,0.0,8
4800888240064,CREAM SILK KERATIN DAMAGE REP. 18ML,HAIR CARE,PERSONAL CARE,4.0,33.0,33.0,1.0,8.25,4.0,0.0,0.0,8
4800888282965,SUNSILK ANTI-DANDRUFF HEALTHY STRONG 15ML,HAIR CARE,PERSONAL CARE,17.0,144.5,144.5,2.0,8.5,8.5,0.7647058823529411,12.999999999999998,1
4800888282996,SUNSILK SHAMPOO W/ TEA TREE OIL & ALOE VERA 170ML,HAIR CARE,PERSONAL CARE,1.0,144.0,144.0,1.0,144.0,1.0,0.0,0.0,1
4800888283122,CREAMSILK HAIRFALL DEFENSE 22ML,HAIR CARE,PERSONAL CARE,22.0,220.0,47.739999999999995,2.0,10.0,11.0,0.2727272727272727,5.999999999999998,3
4800888283252,REXONA POWDER DRY+BRIGTHENING 45ML B1T1,SKIN AND BODY,PERSONAL CARE,1.0,199.0,76.6,1.0,199.0,1.0,0.0,0.0,7
4801010104001,JOHNSONS MILK+RICE BABY POWDER 25G,SKIN AND BODY,PERSONAL CARE,1.0,18.75,1.75,1.0,18.75,1.0,0.0,0.0,8
4801010105107,JOHNSONS PINK BLOSSOMS BABY POWDER 50G,SKIN AND BODY,PERSONAL CARE,31.0,871.75,113.73,11.0,28.120967741935484,2.8181818181818183,0.3950789907714803,-0.04545454545454536,-1
4801010105206,JOHNSONS BLOSSOMS BABY POWDER 100G,SKIN AND BODY,PERSONAL CARE,10.0,594.0,123.55,7.0,59.4,1.4285714285714286,0.34641016151377546,0.14285714285714285,22
4801010107309,JOHNSONS COOLING BABY POWDER 200G,SKIN AND BODY,PERSONAL CARE,1.0,99.25,9.3,1.0,99.25,1.0,0.0,0.0,1
4801010120117,JOHNSONS BEDTIME BABY POWDER 25G,SKIN AND BODY,PERSONAL CARE,11.0,262.0,59.38,5.0,23.818181818181817,2.2,0.5300865358950272,0.5,4
4801010120124,JOHNSONS BABY COLOGNE SLIDE 50ML,SKIN AND BODY,PERSONAL CARE,2.0,91.5,2.1499999999999995,2.0,45.75,1.0,0.0,-7.850462293418875e-17,1
4801010120223,JOHNSONS BABY COLOGNE SLIDE 125ML,SKIN AND BODY,PERSONAL CARE,1.0,92.5,-5.78,1.0,92.5,1.0,0.0,0.0,1
4801010121213,JOHNSONS BABY COLOGNE REG 50ML,SKIN AND BODY,PERSONAL CARE,2.0,91.5,14.66,2.0,45.75,1.0,0.0,-7.850462293418875e-17,1
4801010126218,JOHNSONS BABY COLOGNE MORNING DEW 50ML,SKIN AND BODY,PERSONAL CARE,4.0,185.0,24.35,3.0,46.25,1.3333333333333333,0.3535533905932738,-0.5,7
4801010217404,LISTERINE TOTAL CARE 750ML,ORAL CARE,PERSONAL CARE,2.0,1092.0,224.34,2.0,546.0,1.0,0.0,-7.850462293418875e-17,-1
4801010327103,MODESS ALL NIGHT W/WINGS 4s,COTTONS AND HYGIENE,PERSONAL CARE,6.0,282.0,27.839999999999996,3.0,47.0,2.0,0.7071067811865476,-1.5000000000000002,-1
4801010501213,JOHNSONS BABY OIL 50ML,SKIN AND BODY,PERSONAL CARE,27.0,1215.0,248.3,11.0,45.0,2.4545454545454546,0.6108304630544682,-0.13636363636363621,24
4801010501312,JOHNSONS BABY OIL 125ML,SKIN AND BODY,PERSONAL CARE,28.0,2690.0,287.53999999999996,14.0,96.07142857142857,2.0,0.5669467095138409,-0.043956043956043994,-1
4801010503224,JOHNSONS BABY OIL LITE 50ML,SKIN AND BODY,PERSONAL CARE,26.0,1346.0,109.36,11.0,51.76923076923077,2.3636363636363638,0.41424344670265406,-0.08181818181818173,-1
4801010503323,JOHNSONS BABY OIL LITE 125ML,SKIN AND BODY,PERSONAL CARE,13.0,1383.5,158.81,10.0,106.42307692307692,1.3,0.35250582268891073,0.05454545454545458,-1
4801010504207,JOHNSONS BABY OIL ALOE VERA 50ML,SKIN AND BODY,PERSONAL CARE,22.0,1156.72,167.6,11.0,52.57818181818182,2.0,0.5222329678670935,0.07272727272727277,-1
4801010504306,JOHNSONS BABY OIL ALOE VERA 125ML,SKIN AND BODY,PERSONAL CARE,9.0,948.0,85.49,6.0,105.33333333333333,1.5,0.5091750772173156,0.14285714285714277,12
4801010560500,J&J BABY SOAP WHITE 100G,SKIN AND BODY,PERSONAL CARE,2.0,63.0,5.0,2.0,31.5,1.0,0.0,-7.850462293418875e-17,15
4801010560609,JOHNSONS BABY SOAP 150G,SKIN AND BODY,PERSONAL CARE,3.0,140.25,23.4,3.0,46.75,1.0,0.0,8.985767264226737e-17,1
4801010562108,JOHNSONS MILK BABY SOAP 100G,SKIN AND BODY,PERSONAL CARE,1.0,34.25,34.25,1.0,34.25,1.0,0.0,0.0,8
4801234130183,OFF OVERTIME 100ML,SKIN AND BODY,PERSONAL CARE,17.0,3668.0,504.45,6.0,215.76470588235293,2.8333333333333335,0.5911691541835817,0.42857142857142816,-1
4801234130480,OFF KIDS LOTION 100ML,SKIN AND BODY,PERSONAL CARE,13.0,2448.0,269.0,7.0,188.30769230769232,1.8571428571428572,0.605692913385524,0.2499999999999998,-1
4801234130848,OFF SOFT&SCENTED SAC 6ML,SKIN AND BODY,PERSONAL CARE,2.0,19.0,3.9,2.0,9.5,1.0,0.0,-7.850462293418875e-17,8
4801234135034,OFF FAMILY CARE LOTION 100ML,SKIN AND BODY,PERSONAL CARE,3.0,745.5,745.5,2.0,248.5,1.5,0.3333333333333333,-1.0,-1
4801234135041,OFF BABY LOTION 6ML,SKIN AND BODY,PERSONAL CARE,1.0,9.5,9.5,1.0,9.5,1.0,0.0,0.0,-1
4801234135058,SCJ OFF BABY LOTION 50ML,SKIN AND BODY,PERSONAL CARE,4.0,682.0,311.2,3.0,170.5,1.3333333333333333,0.3535533905932738,0.4999999999999998,5
4801234135065,SCJ OFF BABY LOTION 100ML,SKIN AND BODY,PERSONAL CARE,4.0,1044.25,351.25,3.0,261.0625,1.3333333333333333,0.3535533905932738,1.0813965140346581e-17,-1
4801288820153,HAPPY ABSORBENT COTTON 10G,COTTONS AND HYGIENE,PERSONAL CARE,37.0,245.5,106.97,7.0,6.635135135135135,5.285714285714286,0.3461148236450189,-0.2857142857142854,9
4801288820504,HAPPY ABSORBENT COTTON 40G,COTTONS AND HYGIENE,PERSONAL CARE,39.0,1005.0,322.36999999999995,8.0,25.76923076923077,4.875,0.4965363264368483,0.08333333333333268,14
4801288822003,HAPPY ABSORBENT COTTON 150G,COTTONS AND HYGIENE,PERSONAL CARE,15.0,1005.0,90.88,4.0,67.0,3.75,0.5456901847914967,-1.0999999999999994,14
4802288883049,CARE DISPOSABLE DIAPER L 4s,DIAPERS,PERSONAL CARE,1.0,28.5,2.72,1.0,28.5,1.0,0.0,0.0,8
48031813,OFF OVERTIME SACHET 6ML,SKIN AND BODY,PERSONAL CARE,71.0,895.5,296.45,10.0,12.612676056338028,7.1,0.8319402493308371,0.7090909090909092,11
48031837,OFF OVERTIME 50ML,SKIN AND BODY,PERSONAL CARE,12.0,1210.0,276.64,7.0,100.83333333333333,1.7142857142857142,0.6770032003863301,0.32142857142857145,24
48032742,JOHNSONS WHITE BABY POWDER 25G,SKIN AND BODY,PERSONAL CARE,45.0,658.0,91.43,12.0,14.622222222222222,3.75,0.4233901974057256,-0.1713286713286712,-1
48033459,JOHNSONS WHITE BABY POWDER 50G,SKIN AND BODY,PERSONAL CARE,21.0,475.0,53.16,7.0,22.61904761904762,3.0,0.3563483225498992,-0.39285714285714274,-1
48034050,ESKINOL FC PIMPLE FIGHT 75ML,SKIN AND BODY,PERSONAL CARE,7.0,324.0,64.30000000000001,5.0,46.285714285714285,1.4,0.3499271061118826,0.09999999999999995,6
48035996,JOHNSONS BABY OIL REG 25ML,SKIN AND BODY,PERSONAL CARE,40.0,963.0,206.7,12.0,24.075,3.3333333333333335,0.6519202405202649,-0.01398601398601395,-1
48036016,JOHNSONS BABY OIL LITE 25ML,SKIN AND BODY,PERSONAL CARE,21.0,600.25,102.58999999999999,10.0,28.583333333333332,2.1,0.4971574528052643,-0.018181818181818125,2
48037600,RHEA POVIDONE IODINE 10% SOL 30ML,DISINFECTANT,PERSONAL CARE,8.0,664.26,91.44000000000001,4.0,83.0325,2.0,0.5,7.307786845289712e-17,-1
48037617,APOLLO SEBO DE MACHO 10G,SKIN AND BODY,PERSONAL CARE,27.0,769.5,89.41,12.0,28.5,2.25,0.5773502691896257,-0.11538461538461538,-1
48037921,RHEA POVIDONE IODINE 10% SOL 15ML,WOUND CARE,PERSONAL CARE,7.0,430.0,56.089999999999996,3.0,61.42857142857143,2.3333333333333335,0.40406101782088427,-3.0505253718871823e-16,19
48038065,JOHNSONS BABY OIL ALOE VERA 25ML,SKIN AND BODY,PERSONAL CARE,27.0,788.25,64.78,11.0,29.194444444444443,2.4545454545454546,0.8215212226969938,-0.1272727272727272,-1
48038164,ESKINOL SPOT-LESS GLOW FC CALAMANSI 75ML,SKIN AND BODY,PERSONAL CARE,1.0,50.0,11.69,1.0,50.0,1.0,0.0,0.0,8
48038355,OFF KIDS 50ML,SKIN AND BODY,PERSONAL CARE,9.0,1006.5,98.65,4.0,111.83333333333333,2.25,0.7286042804780001,0.8999999999999999,14
48038379,OFF KIDS SAC 6ML,SKIN AND BODY,PERSONAL CARE,32.0,304.0,45.6,7.0,9.5,4.571428571428571,0.8256153008514316,0.9999999999999998,16
48038614,MASTER OIL CONTROL 70ML,SKIN AND BODY,PERSONAL CARE,2.0,118.0,42.5,2.0,59.0,1.0,0.0,-7.850462293418875e-17,1
48040693,JOHNSONS BLOSSOMS BABY POWDER 25G,SKIN AND BODY,PERSONAL CARE,31.0,496.58,74.76,12.0,16.018709677419356,2.5833333333333335,0.5797484114713364,0.04545454545454547,0
4806031201128,SIMPLEX COTTON APPLICATOR STICKS 2s STERILE,DISPOSABLES,PERSONAL CARE,1.0,3.0,1.65,1.0,3.0,1.0,0.0,0.0,-1
4806502160541,SANICARE COTTON BUDS 400 STEM,COTTONS AND HYGIENE,PERSONAL CARE,37.0,1406.0,157.92000000000002,9.0,38.0,4.111111111111111,0.49245586914293515,-0.016666666666666184,-1
4806502161234,SANICARE BABY WIPES 15 SHEETS,COTTONS AND HYGIENE,PERSONAL CARE,91.0,3139.5,425.74,12.0,34.5,7.583333333333333,0.7938752382926159,0.611888111888112,-1
4806502161241,SANICARE BABY WIPES 80 SHEETS,COTTONS AND HYGIENE,PERSONAL CARE,53.0,5768.4,968.72,9.0,108.8377358490566,5.888888888888889,0.7861383643773454,0.7666666666666665,-1
4806502162767,SANICARE MINI COTTON BUDS 200 STEM,COTTONS AND HYGIENE,PERSONAL CARE,2.0,49.5,8.3,1.0,24.75,2.0,0.0,0.0,8
4806502163849,SANICARE CLEANSING WIPES - ALOE 35+5 SH FREE,COTTONS AND HYGIENE,PERSONAL CARE,63.0,4095.0,704.97,14.0,65.0,4.5,0.529550073574993,0.2395604395604395,-1
4806502163917,SANICARE CLEANSING WIPES - LAVENDER 15 SHEETS,COTTONS AND HYGIENE,PERSONAL CARE,44.0,1430.0,275.0,7.0,32.5,6.285714285714286,0.5622416762205901,0.892857142857143,-1
4806502163924,SANICARE CLEANSING WIPES - LAVENDER 35+5 SHEETS,COTTONS AND HYGIENE,PERSONAL CARE,21.0,1312.5,221.39999999999998,5.0,62.5,4.2,0.5302632726504781,0.3999999999999999,-1
4806502163931,SANICARE CLEANSING WIPES - LAVENDER 80 SHEETS,COTTONS AND HYGIENE,PERSONAL CARE,21.0,2268.0,134.28,7.0,108.0,3.0,1.247219128924647,0.4285714285714285,-1
4806502163962,SANICARE PLAYTIME WIPES - CRISP CUCUMBER 15SHEETS,COTTONS AND HYGIENE,PERSONAL CARE,16.0,552.0,111.04,3.0,34.5,5.333333333333333,0.1767766952966369,1.0,-1
4806502163979,SANICARE PLAYTIME WIPES - CRISP CUCUMBER 35SHEETS,COTTONS AND HYGIENE,PERSONAL CARE,80.0,4317.84,747.4399999999999,13.0,53.973,6.153846153846154,0.8428003915518786,0.8791208791208793,-1
4806502163986,SANICARE PLAYTIME WIPES - CRISP CUCUMBER 80SHEETS,COTTONS AND HYGIENE,PERSONAL CARE,53.0,5785.88,863.38,11.0,109.16754716981133,4.818181818181818,0.6308774904641694,0.7272727272727272,-1
4806502164044,SANICARE BAMBOO WIPES 25&#039;S,COTTONS AND HYGIENE,PERSONAL CARE,6.0,333.76,53.86,1.0,55.626666666666665,6.0,0.0,0.0,-1
4806502168585,FEMME SANITARY NAPKINS W/ WINGS REGULAR,DISPOSABLES,PERSONAL CARE,4.0,130.0,12.36,3.0,32.5,1.3333333333333333,0.3535533905932738,1.0813965140346581e-17,1
4806502168592,FEMME SANITARY NAPKINS W/ WINGS MAXI ALL NIGHT,DISPOSABLES,PERSONAL CARE,4.0,138.0,14.08,2.0,34.5,2.0,0.5,1.9999999999999996,1
4806502168608,FEMME PANTY LINER ULTRA THIN 20&#039;S,DISPOSABLES,PERSONAL CARE,5.0,141.25,15.25,2.0,28.25,2.5,0.6,-3.0,1
4806502169353,SANICARE COTTON PADS 60&#039;S,COTTONS AND HYGIENE,PERSONAL CARE,1.0,70.0,70.0,1.0,70.0,1.0,0.0,0.0,1
4806502350034,SANICARE COTTON BUDS 200 STEM,COTTONS AND HYGIENE,PERSONAL CARE,29.0,564.72,112.18,7.0,19.473103448275864,4.142857142857143,0.4166567577101577,0.5357142857142856,20
4806502350072,SANICARE COTTON BALLS 150s,COTTONS AND HYGIENE,PERSONAL CARE,37.0,1600.25,312.26,8.0,43.25,4.625,0.5815522916581084,0.24999999999999986,-1
4806502350096,SANICARE COTTON ROLLS 10G,COTTONS AND HYGIENE,PERSONAL CARE,45.0,450.0,45.0,5.0,10.0,9.0,0.5794846582402354,3.2999999999999994,-1
4806502350119,SANICARE COTTON ROLLS 45G,COTTONS AND HYGIENE,PERSONAL CARE,10.0,249.0,57.099999999999994,1.0,24.9,10.0,0.0,0.0,9
4806502350126,B.T. TISYU 4&#039;S 400SH 2P,COTTONS AND HYGIENE,PERSONAL CARE,71.0,4287.5,730.97,11.0,60.38732394366197,6.454545454545454,0.5216974416183701,0.20000000000000023,-1
4806502350164,B.T. TISYU 12&#039;S 400SH 2P,COTTONS AND HYGIENE,PERSONAL CARE,17.0,2847.95,536.27,8.0,167.52647058823527,2.125,0.49565586901037406,-0.05952380952380939,-1
4806502350171,SANICARE COTTON BUDS 200 STEM CAN,COTTONS AND HYGIENE,PERSONAL CARE,29.0,763.2,147.82,9.0,26.317241379310346,3.2222222222222223,0.7427813527082074,0.3333333333333334,-1
4806502351642,SANICARE FT ECONO BOX 140P 3PLY,COTTONS AND HYGIENE,PERSONAL CARE,34.0,2946.0,493.90000000000003,11.0,86.6470588235294,3.090909090909091,0.7859052479933758,-0.5363636363636364,-1
4806502352380,SANICARE CLEANSING WIPES - ALOE 80 SHEETS,COTTONS AND HYGIENE,PERSONAL CARE,116.0,12523.68,1916.6799999999998,15.0,107.96275862068966,7.733333333333333,0.311301208366686,0.06428571428571445,-1
4806502352397,SANICARE CLEANSING WIPES - ALOE 15 SHEETS,COTTONS AND HYGIENE,PERSONAL CARE,145.0,4974.22,978.0200000000001,13.0,34.30496551724138,11.153846153846153,0.6530273414491484,-0.3241758241758239,-1
4806502352588,FEMME FACIAL TISSUE UNSCENTED,COTTONS AND HYGIENE,PERSONAL CARE,263.0,7592.25,909.45,15.0,28.86787072243346,17.533333333333335,0.5812144963240162,1.1178571428571429,-1
4806502359914,FEMME INTERFOLDED PAPER TOWEL 1PLY,COTTONS AND HYGIENE,PERSONAL CARE,192.0,10517.5,1820.14,15.0,54.778645833333336,12.8,0.3255104164999946,0.2249999999999999,-1
4806503540007,HYGEEN COTTON BALLS 50s,COTTONS AND HYGIENE,PERSONAL CARE,29.0,449.5,76.25999999999999,7.0,15.5,4.142857142857143,0.5386379086832175,0.5000000000000002,-1
4806503540014,HYGEEN COTTON BALLS 150G,COTTONS AND HYGIENE,PERSONAL CARE,4.0,173.0,29.48,1.0,43.25,4.0,0.0,0.0,10
4806506311079,SISTERS SULIT SAVINGS PACK,DISPOSABLES,PERSONAL CARE,28.0,1342.53,153.07,9.0,47.9475,3.111111111111111,0.595476142876181,0.4333333333333333,-1
4806506313134,SISTERS OVERNIGHT PROCTECTION PACK,DISPOSABLES,PERSONAL CARE,9.0,864.0,184.23,2.0,96.0,4.5,0.1111111111111111,-1.0000000000000007,-1
4806506315404,LAMPEIN JUMBO PACK M 60S,DIAPERS,PERSONAL CARE,1.0,341.25,32.5,1.0,341.25,1.0,0.0,0.0,-1
4806506315428,LAMPEIN JUMBO PACK L 54S,DIAPERS,PERSONAL CARE,12.0,4458.75,354.79999999999995,7.0,371.5625,1.7142857142857142,0.5137011669140814,-0.25000000000000006,-1
4806506315435,LAMPEIN JUMBO PACK XL 48s,DIAPERS,PERSONAL CARE,14.0,5296.75,376.97,9.0,378.3392857142857,1.5555555555555556,0.5345224838248488,-0.14999999999999997,-1
4806506318832,SISTERS DAY MAXI REG 8+1,DISPOSABLES,PERSONAL CARE,78.0,1771.74,229.54,13.0,22.714615384615385,6.0,0.7220578379655755,-0.1978021978021976,-1
4806506318856,SISTERS NIGHT PLUS 8&#039;S W/ WINGS,DISPOSABLES,PERSONAL CARE,83.0,2282.0,460.39,12.0,27.49397590361446,6.916666666666667,0.5488212999484517,0.56993006993007,-1
4806506318863,SISTERS NIGHT PLUS 8+1 W/ WINGS,DISPOSABLES,PERSONAL CARE,75.0,2142.09,239.71,10.0,28.561200000000003,7.5,0.6592925501373929,0.7575757575757577,-1
4806506318870,SISTERS PANTYLINER BLUE 8S,DISPOSABLES,PERSONAL CARE,92.0,917.95,101.11,13.0,9.977717391304349,7.076923076923077,0.6545247485793303,0.5934065934065935,-1
4806506318900,SISTERS OVERNIGHT DRY 4+1 W/ WINGS,DISPOSABLES,PERSONAL CARE,72.0,2145.01,338.51,12.0,29.79180555555556,6.0,0.4249182927993987,0.2797202797202798,-1
4806506318917,SISTERS PANTYLINER 20+2,DISPOSABLES,PERSONAL CARE,62.0,1256.5,194.31,9.0,20.266129032258064,6.888888888888889,0.35189393918179723,-0.016666666666666285,-1
4806506318931,SISTERS PANTYLINER PINK 8&#039;S,DISPOSABLES,PERSONAL CARE,41.0,481.15,60.2,10.0,11.735365853658536,4.1,0.7974528158181374,0.7818181818181816,-1
4806506318955,SISTERS DAY MAXI NO WINGS,DISPOSABLES,PERSONAL CARE,64.0,1315.25,198.0,14.0,20.55078125,4.571428571428571,0.6547602137424051,0.4087912087912087,-1
4806506319051,SUPER TWINS BABY PANTS M 8S,DIAPERS,PERSONAL CARE,2.0,133.0,18.53,1.0,66.5,2.0,0.0,0.0,1
4806506319068,SUPER TWINS BABY PANTS L 8S,DIAPERS,PERSONAL CARE,11.0,993.3,303.6,5.0,90.3,2.2,0.44536177141512323,-2.7015400095935113e-16,-1
4806506319075,SUPER TWINS BABY PANTS XL 8S,DIAPERS,PERSONAL CARE,6.0,472.5,7.26,3.0,78.75,2.0,0.408248290463863,0.5000000000000003,-1
4806506319150,SUPER TWINS BABY PANTS L 22+2,DIAPERS,PERSONAL CARE,6.0,1113.5,104.5,4.0,185.58333333333334,1.5,0.5773502691896257,0.19999999999999996,-1
4806506319358,LAMPEIN XXL 4s,DIAPERS,PERSONAL CARE,8.0,600.0,56.56,7.0,75.0,1.1428571428571428,0.30618621784789735,-0.1071428571428571,2
4806506319648,LAMPEIN BABY COMFORT 12S XL,DIAPERS,PERSONAL CARE,3.0,259.5,25.08,1.0,86.5,3.0,0.0,0.0,4
4806506319716,LAMPEIN S 4S,DIAPERS,PERSONAL CARE,13.0,325.0,47.98,7.0,25.0,1.8571428571428572,0.7297563831157798,-0.4642857142857144,6
4806506319723,LAMPEIN M 4S,DIAPERS,PERSONAL CARE,4.0,102.88,9.8,4.0,25.72,1.0,0.7071067811865476,0.19999999999999993,1
4806506319730,LAMPEIN L 4S,DIAPERS,PERSONAL CARE,7.0,203.98000000000002,19.45,4.0,29.140000000000004,1.75,0.47380354147934284,0.7,7
4806506319747,LAMPEIN XL 4S,DISPOSABLES,PERSONAL CARE,9.0,297.0,29.79,6.0,33.0,1.5,0.5091750772173156,-0.02857142857142846,16
4806506740022,ORAHEX REGULAR 120ML,ORAL CARE,PERSONAL CARE,33.0,4331.25,723.3500000000001,9.0,131.25,3.6666666666666665,0.8907235428302466,-0.28333333333333277,-1
4806506749223,ORAHEX ALCOHOL FREE 120ML,ORAL CARE,PERSONAL CARE,27.0,3640.0,698.51,7.0,134.8148148148148,3.857142857142857,1.0949441110440357,-1.5000000000000004,-1
4806507831057,SILKA ORANGE PAPAYA WHITENING LOTION 50ML,SKIN AND BODY,PERSONAL CARE,15.0,563.5,71.41,8.0,37.56666666666667,1.875,0.3197221015541813,0.17857142857142852,20
4806507831064,SILKA ORANGE PAPAYA WHITENING LOTION 100ML,SKIN AND BODY,PERSONAL CARE,13.0,871.0,170.32,10.0,67.0,1.3,0.35250582268891073,0.0060606060606060806,-1
4806507831071,SILKA ORANGE PAPAYA WHITENING LOTION 200ML,SKIN AND BODY,PERSONAL CARE,2.0,238.0,55.68,2.0,119.0,1.0,0.0,-7.850462293418875e-17,3
4806507831088,SILKA ORANGE PAPAYA SOAP 135G,SKIN AND BODY,PERSONAL CARE,11.0,473.75,51.01,7.0,43.06818181818182,1.5714285714285714,0.46354722850843505,-4.4358444261541924e-17,-1
4806507831170,SILKA ORANGE PAPAYA SOAP 90G,SKIN AND BODY,PERSONAL CARE,4.0,126.0,21.8,2.0,31.5,2.0,0.0,-1.570092458683775e-16,1
4806507831521,SILKA GREEN PAPAYA SOAP 90G,SKIN AND BODY,PERSONAL CARE,2.0,64.83,8.03,2.0,32.415,1.0,0.0,-7.850462293418875e-17,15
4806507831538,SILKA GREEN PAPAYA SOAP 135G,SKIN AND BODY,PERSONAL CARE,4.0,172.0,29.2,4.0,43.0,1.0,0.0,-8.214889951798643e-17,10
4806507831545,SILKA GREEN PAPAYA LOT 50ML,SKIN AND BODY,PERSONAL CARE,9.0,352.0,54.0,7.0,39.111111111111114,1.2857142857142858,0.35136418446315326,0.07142857142857148,-1
4806507831552,SILKA GREEN PAPAYA LOT 100ML,SKIN AND BODY,PERSONAL CARE,14.0,924.0,126.83999999999999,9.0,66.0,1.5555555555555556,0.4403152859263555,-0.04999999999999982,-1
4806507831569,SILKA GREEN PAPAYA LOT 200ML,SKIN AND BODY,PERSONAL CARE,4.0,476.0,86.08,4.0,119.0,1.0,0.0,-8.214889951798643e-17,-1
4806507832214,SILKA GREEN PAPAYA SOAP 65G,SKIN AND BODY,PERSONAL CARE,24.0,546.0,114.17999999999999,12.0,22.75,2.0,0.816496580927726,0.3216783216783216,-1
4806507832481,SILKA ORANGE PAPAYA SOAP 65G,SKIN AND BODY,PERSONAL CARE,37.0,637.0,68.42999999999999,11.0,17.216216216216218,3.3636363636363638,0.5707760022146723,0.1454545454545455,23
4806511301256,GERMISEP ANTIBAC WIPES 10S,DIAPERS,PERSONAL CARE,6.0,150.0,150.0,2.0,25.0,3.0,0.0,-3.14018491736755e-16,1
4806513103018,HAILEY TAWAS SOFT & SCENTED,SKIN AND BODY,PERSONAL CARE,38.0,631.5,127.8,14.0,16.61842105263158,2.7142857142857144,0.4275809686650505,-0.08351648351648365,-1
4806513103353,HAILEY TAWAS UNSCENTED,SKIN AND BODY,PERSONAL CARE,37.0,621.5,135.95,12.0,16.7972972972973,3.0833333333333335,0.5532294456880735,0.010489510489510545,-1
4806517210019,AFICIONADO COOL SPORTY BLUE 55ML,SKIN AND BODY,PERSONAL CARE,2.0,106.0,17.62,2.0,53.0,1.0,0.0,-7.850462293418875e-17,1
4806517210026,AFICIONADO FRESH PINK 55ML,SKIN AND BODY,PERSONAL CARE,5.0,265.0,44.050000000000004,4.0,53.0,1.25,0.34641016151377546,-0.30000000000000016,4
4806517213096,AFICIONADO COOL FANCY RED 55ML,SKIN AND BODY,PERSONAL CARE,13.0,689.0,114.53000000000002,5.0,53.0,2.6,0.5217176910096359,0.49999999999999994,5
4806517214666,AFICIONADO ICY DIVE 55ML,SKIN AND BODY,PERSONAL CARE,2.0,106.0,17.62,2.0,53.0,1.0,0.0,-7.850462293418875e-17,1
4806522730526,VENUS CHARM TAWAS ACTIVE FOR MEN 40G,SKIN AND BODY,PERSONAL CARE,1.0,18.5,18.5,1.0,18.5,1.0,0.0,0.0,8
4806524840254,KWELL (PERMETHRIN) 10MG/ML SHAMPOO,HAIR CARE,PERSONAL CARE,13.0,520.0,81.89999999999999,4.0,40.0,3.25,0.45508306023843204,-0.6999999999999993,13
4806524840292,KWELL (PERMETHRIN) 10MG/ML SHAMPOO,HAIR CARE,PERSONAL CARE,5.0,215.0,46.5,1.0,43.0,5.0,0.0,0.0,3
4806789010003,FISSAN PRICKLY HEAT POWDER 50ML,SKIN AND BODY,PERSONAL CARE,6.0,490.5,82.26,4.0,81.75,1.5,0.3333333333333333,-7.107905678787443e-17,0
4806789010201,FISSAN FOOT DEODORANT POWDER 50G,SKIN AND BODY,PERSONAL CARE,4.0,327.25,43.17,3.0,81.8125,1.3333333333333333,0.3535533905932738,0.4999999999999998,6
4806789010713,FISSAN PRICKLY HEAT POWDER 100ML,SKIN AND BODY,PERSONAL CARE,1.0,100.75,9.25,1.0,100.75,1.0,0.0,0.0,1
4806789440008,ESKINOL PIMPLE FIGHTING 135ML,SKIN AND BODY,PERSONAL CARE,2.0,156.24,38.04,1.0,78.12,2.0,0.0,0.0,1
4806789440121,MASTER OIL CONTROL 135ML,SKIN AND BODY,PERSONAL CARE,1.0,75.0,12.55,1.0,75.0,1.0,0.0,0.0,1
4806789442170,ESKINOL PAPAYA SMOOTH GLOW FACIAL DEEP CLEANSER 75ML,SKIN AND BODY,PERSONAL CARE,2.0,100.0,100.0,2.0,50.0,1.0,0.0,-7.850462293418875e-17,1
4806789446826,MASTER ACTIVE WHITENING DEEP CLEANSER 70ML,SKIN AND BODY,PERSONAL CARE,2.0,101.75,101.75,2.0,50.875,1.0,0.0,-7.850462293418875e-17,1
4808888004167,PALMOLIVE SHAMPOO PINK 15ML,HAIR CARE,PERSONAL CARE,61.0,350.75,38.43,4.0,5.75,15.25,0.21437207919052492,2.0999999999999996,-1
4808888004181,PALMOLIVE SHAMPOO VIOLET 15ML,HAIR CARE,PERSONAL CARE,42.0,241.5,38.64,4.0,5.75,10.5,1.074334683112236,8.199999999999998,9
4808888201115,COLGATE CLASSIC DEEP CLEAN MEDIUM TOOTHBRUSH,ORAL CARE,PERSONAL CARE,26.0,650.0,461.5,4.0,25.0,6.5,0.8871201995900613,0.4000000000000009,18
4808888320106,COLGATE CLASSIC TOOTHBRUSH,ORAL CARE,PERSONAL CARE,15.0,300.0,85.95,3.0,20.0,5.0,0.9933109617167559,-5.499999999999999,16
4808888411583,PALMOLIVE ALOE VERA 90ML,HAIR CARE,PERSONAL CARE,8.0,496.0,103.84,4.0,62.0,2.0,0.6123724356957945,-1.6429779903597286e-16,0
4808888411705,PALMOLIVE ALOE VERA 180ML,HAIR CARE,PERSONAL CARE,2.0,220.0,37.6,1.0,110.0,2.0,0.0,0.0,3
4808888413594,PALMOLIVE INTENSIVE MOISTURE 90ML,HAIR CARE,PERSONAL CARE,3.0,186.0,36.96,3.0,62.0,1.0,0.0,8.985767264226737e-17,7
4808888413709,PALMOLIVE INTENSIVE MOISTURE 180ML,HAIR CARE,PERSONAL CARE,5.0,601.0,73.12,4.0,120.2,1.25,0.34641016151377546,-0.30000000000000016,2
4808888431222,PALMOLIVE OLIVE OIL & KERATIN 90ML,HAIR CARE,PERSONAL CARE,6.0,372.0,77.88,4.0,62.0,1.5,0.5773502691896257,0.5999999999999999,-1
4808888431444,PALMOLIVE SILKY STRAIGHT OLIVE OIL & KERATIN (VIOLET) 180ML,HAIR CARE,PERSONAL CARE,11.0,1210.0,206.8,5.0,110.0,2.2,0.3401506715249037,0.2999999999999999,24
4809010332127,KATIALIS SOAP 90G,SKIN AND BODY,PERSONAL CARE,1.0,53.25,8.93,1.0,53.25,1.0,0.0,0.0,8
4809010508812,MILCU DEO POWDER 80G,SKIN AND BODY,PERSONAL CARE,11.0,1058.75,443.71999999999997,6.0,96.25,1.8333333333333333,0.3748277841470601,0.1428571428571428,-1
4809010508898,MILCU DEO POWDER 40G,SKIN AND BODY,PERSONAL CARE,21.0,1166.0,115.8,10.0,55.523809523809526,2.1,0.5812645531301763,0.1515151515151515,-1
4809010740014,RDL3 60ML,SKIN AND BODY,PERSONAL CARE,13.0,948.9,137.76,9.0,72.99230769230769,1.4444444444444444,0.4741856925360752,0.10000000000000009,12
4809010740038,RDL2 60ML,SKIN AND BODY,PERSONAL CARE,2.0,140.5,32.5,2.0,70.25,1.0,0.0,-7.850462293418875e-17,1
4809010740045,RDL2 30ML,SKIN AND BODY,PERSONAL CARE,2.0,87.0,87.0,2.0,43.5,1.0,0.0,-7.850462293418875e-17,1
4809010740052,RDL1 60ML,SKIN AND BODY,PERSONAL CARE,2.0,126.93,20.9,2.0,63.465,1.0,0.0,-7.850462293418875e-17,1
4809010740069,RDL1 30ML,SKIN AND BODY,PERSONAL CARE,2.0,75.0,17.48,2.0,37.5,1.0,0.0,-7.850462293418875e-17,1
4809010740076,RDL FACIAL CLEANSER PLAIN 150ML,SKIN AND BODY,PERSONAL CARE,3.0,126.0,32.22,3.0,42.0,1.0,0.0,8.985767264226737e-17,1
4809010740090,RDL FACIAL CLEANSER KALAMANSI 150ML,SKIN AND BODY,PERSONAL CARE,2.0,84.0,21.48,2.0,42.0,1.0,0.0,-7.850462293418875e-17,1
4809010740106,RDL FACIAL CLEANSER KALAMANSI 75ML,SKIN AND BODY,PERSONAL CARE,4.0,112.0,26.56,3.0,28.0,1.3333333333333333,0.3535533905932738,-0.5,1
4809010740137,RDL FACIAL CLEANSER PAPAYA 150ML,SKIN AND BODY,PERSONAL CARE,3.0,126.0,32.22,2.0,42.0,1.5,0.3333333333333333,0.9999999999999998,1
4809010740144,RDL FACIAL CLEANSER PAPAYA 75ML,SKIN AND BODY,PERSONAL CARE,7.0,196.0,46.48,4.0,28.0,1.75,0.47380354147934284,-0.5000000000000001,7
4809010740359,RDL BABYFACE CREAM 6G,SKIN AND BODY,PERSONAL CARE,1.0,28.0,2.77,1.0,28.0,1.0,0.0,0.0,8
4809010740458,RDL BABYFACE WHITENING CREAM 6G,SKIN AND BODY,PERSONAL CARE,1.0,32.0,32.0,1.0,32.0,1.0,0.0,0.0,8
4809010919885,HAIR BLACKENING SHAMPOO,HAIR CARE,PERSONAL CARE,25.0,175.0,32.0,3.0,7.0,8.333333333333334,0.9050966799187807,-8.000000000000002,10
4809012730181,CERES POVIDONE IODINE 30ML,DISINFECTANT,PERSONAL CARE,3.0,125.69,125.69,1.0,41.89666666666667,3.0,0.0,0.0,1
4809012730495,CERES HYDROGEN PEROXIDE 20VOL 120ML,DISINFECTANT,PERSONAL CARE,1.0,24.0,24.0,1.0,24.0,1.0,0.0,0.0,8
4809012730976,VENUS CHARM TAWAS POWDER SUNSHINE FRESH 40G,SKIN AND BODY,PERSONAL CARE,2.0,37.0,20.98,1.0,18.5,2.0,0.0,0.0,8
4809013300086,KOJIE SAN SOAP 135G X 2,SKIN AND BODY,PERSONAL CARE,5.0,600.0,600.0,2.0,120.0,2.5,0.6,-3.0,2
4809014128337,KOJIESAN CLASSIC 3s 100G,SKIN AND BODY,PERSONAL CARE,36.0,4484.0,181.91000000000003,9.0,124.55555555555556,4.0,0.5773502691896257,0.6000000000000001,-1
4809014128672,KOJIESAN CLASSIC 3s 65G,SKIN AND BODY,PERSONAL CARE,65.0,5075.0,213.33999999999997,10.0,78.07692307692308,6.5,0.4472135954999579,-0.612121212121212,-1
4809015918012,ERA CHARCOAL SOAP 100G,SKIN AND BODY,PERSONAL CARE,2.0,200.0,200.0,2.0,100.0,1.0,0.0,-7.850462293418875e-17,7
4809015918081,ERA 3 IN 1 SOAP 100G,SKIN AND BODY,PERSONAL CARE,1.0,100.0,100.0,1.0,100.0,1.0,0.0,0.0,1
4902430026420,WHISPER SUPER CLEAN & DRY NON WINGS,DISPOSABLES,PERSONAL CARE,1.0,45.0,7.3,1.0,45.0,1.0,0.0,0.0,8
4902430197359,SAFEGUARD ARCTIC FRESH 130G,SKIN AND BODY,PERSONAL CARE,9.0,465.75,77.76,5.0,51.75,1.8,0.41573970964154905,0.09999999999999981,-1
4902430293402,WHISPER BREATHABLE COTTONY SOFT W/.WINGS 8&#039;S,DISPOSABLES,PERSONAL CARE,7.0,301.0,53.83,4.0,43.0,1.75,0.47380354147934284,-0.5000000000000001,16
4902430293426,WHISPER BREATHABLE COTTONY SOFT NON WINGS 8&#039;S,DISPOSABLES,PERSONAL CARE,2.0,82.0,11.38,2.0,41.0,1.0,0.0,-7.850462293418875e-17,1
4902430381789,SAFEGUARD IVORY WHITE CARE 85G,SKIN AND BODY,PERSONAL CARE,3.0,105.75,17.22,2.0,35.25,1.5,0.3333333333333333,-1.0,1
4902430495073,SAFEGUARD PURE WHITE 85G,SKIN AND BODY,PERSONAL CARE,15.0,586.75,79.72999999999999,7.0,39.11666666666667,2.142857142857143,0.2981423969999719,0.21428571428571427,22
4902430495103,SAFEGUARD FRESH GREEN W/ HERBAL EXTRACT 85G,SKIN AND BODY,PERSONAL CARE,3.0,105.75,17.22,1.0,35.25,3.0,0.0,0.0,1
4902430495141,SAFEGUARD FLORAL PINK W/ ALOE 85G,SKIN AND BODY,PERSONAL CARE,7.0,284.25,52.9,4.0,40.607142857142854,1.75,0.47380354147934284,0.29999999999999977,-1
4902430634731,ORAL-B CLS MEDIUM,ORAL CARE,PERSONAL CARE,1.0,28.8,0.38,1.0,28.8,1.0,0.0,0.0,8
4902430803700,SAFEGUARD LEMON 85G,SKIN AND BODY,PERSONAL CARE,5.0,213.75,36.4,2.0,42.75,2.5,0.2,0.9999999999999994,3
4902430803724,SAFEGUARD LEMON 130G,SKIN AND BODY,PERSONAL CARE,3.0,155.25,25.92,2.0,51.75,1.5,0.3333333333333333,0.9999999999999998,1
4902430934800,SAFE GUARD PURE WHITE 125G,SKIN AND BODY,PERSONAL CARE,13.0,643.5,77.49000000000001,4.0,49.5,3.25,0.45508306023843204,0.8999999999999996,18
4902430935616,SAFEGUARD FLORAL PINK W/ ALOE 130G,SKIN AND BODY,PERSONAL CARE,17.0,790.5,131.75,11.0,46.5,1.5454545454545454,0.42418250299576343,0.07272727272727274,-1
4902430945554,SAFEGUARD PURE WHITE 60G,SKIN AND BODY,PERSONAL CARE,35.0,693.0,93.46,9.0,19.8,3.888888888888889,0.6577636818983622,0.23333333333333336,-1
4902430951357,SAFEGUARD FLORAL PINK W/ ALOE 60G,SKIN AND BODY,PERSONAL CARE,19.0,465.8,109.76,7.0,24.51578947368421,2.7142857142857144,0.5469634129164875,0.24999999999999992,-1
4987072005538,KOOL FEVER KIDS 2,HOME REMEDY,PERSONAL CARE,93.0,5040.25,1034.8100000000002,14.0,54.196236559139784,6.642857142857143,0.718823437133689,0.49890109890109896,-1
4987072006160,KOOL FEVER ADULT 2&#039;S,HOME REMEDY,PERSONAL CARE,44.0,2271.14,208.4,12.0,51.61681818181818,3.6666666666666665,0.526174404672283,0.08391608391608388,-1
4987072081808,KOOL FEVER BABY 2&#039;S,HOME REMEDY,PERSONAL CARE,69.0,3657.0,426.34,13.0,53.0,5.3076923076923075,0.7141266663626041,0.5274725274725275,-1
4987072096963,KOOL FEVER ADULT 2&#039;S,HOME REMEDY,PERSONAL CARE,24.0,1216.8,254.41000000000003,7.0,50.699999999999996,3.4285714285714284,0.6009252125773316,0.10714285714285707,24
4987176016928,VICKS BABY RUB 20G,HOME REMEDY,PERSONAL CARE,7.0,700.0,102.21000000000001,6.0,100.0,1.1666666666666667,0.31943828249996986,-0.08571428571428566,-1
4987176026736,SAFEGUARD LEMON JUMBO 82G,SKIN AND BODY,PERSONAL CARE,5.0,151.25,151.25,1.0,30.25,5.0,0.0,0.0,1
4987176026743,SAFEGUARD FLORAL PINK JUMBO 90G,SKIN AND BODY,PERSONAL CARE,1.0,35.0,3.33,1.0,35.0,1.0,0.0,0.0,8
4987176092267,GILLETE RAZOR BLUE 2 FLEXI,SKIN AND BODY,PERSONAL CARE,142.0,4134.0,465.74,11.0,29.112676056338028,12.909090909090908,0.5361370791739234,-1.2272727272727268,-1
5036631005201,NIZORAL (KETOCONAZOLE) 20MG/G (2%) SHAMPOO 6ML,HAIR CARE,PERSONAL CARE,21.0,1438.5,307.37,6.0,68.5,3.5,0.6335302236023843,0.8285714285714284,-1
54864344,CLIO DENTAL FLOSS 20M,ORAL CARE,PERSONAL CARE,28.0,1624.0,338.8,4.0,58.0,7.0,1.4846149779161806,-7.200000000000002,-1
64835105,GENTLE CARE (ETHYL ALCOHOL) 70% SOLUTION,DISINFECTANT,PERSONAL CARE,1.0,400.0,400.0,1.0,400.0,1.0,0.0,0.0,17
67238891183,DOVE PINK SOAP 100G,SKIN AND BODY,PERSONAL CARE,4.0,267.0,90.2,2.0,66.75,2.0,0.5,1.9999999999999996,4
68671846,CHARMEE COTTONY SINGLES,DISPOSABLES,PERSONAL CARE,15.0,90.0,75.0,7.0,6.0,2.142857142857143,0.5811865258054232,-0.42857142857142866,1
6926499021170,LS BL SOAP 115G,SKIN AND BODY,PERSONAL CARE,21.0,895.0,299.08,9.0,42.61904761904762,2.3333333333333335,0.8806305718527109,0.18333333333333335,11
6939663900034,LANCING DIVICE WITH 10 LANCET,DISPOSABLES,PERSONAL CARE,1.0,525.0,275.0,1.0,525.0,1.0,0.0,0.0,13
70685683592,SAFE ACCU 2 STRIPSN 25&#039;S,COTTONS AND HYGIENE,PERSONAL CARE,3.0,1653.75,866.25,3.0,551.25,1.0,0.0,8.985767264226737e-17,-1
745110103509,ALCOSURE ISOPROPYL ALC 70% 500ML,DISINFECTANT,PERSONAL CARE,113.0,8680.0,2440.0,6.0,76.8141592920354,18.833333333333332,1.7036490023627593,-2.371428571428572,-1
7702018966882,GILLETE RAZOR BLUE II PLUS,SKIN AND BODY,PERSONAL CARE,49.0,1501.0,200.23,5.0,30.632653061224488,9.8,0.5376301988701833,-0.6000000000000016,-1
8717163616444,DOVE WHITE BEAUTY BAR 135G,SKIN AND BODY,PERSONAL CARE,8.0,644.0,644.0,6.0,80.5,1.3333333333333333,0.3535533905932738,4.467601671878703e-17,18
8717163616468,DOVE BAR PINK 135G,SKIN AND BODY,PERSONAL CARE,4.0,335.0,51.0,2.0,83.75,2.0,0.5,1.9999999999999996,-1
8717644190494,DOVE WHITE BEAUTY BAR 100G,SKIN AND BODY,PERSONAL CARE,13.0,838.0,206.59,4.0,64.46153846153847,3.25,0.45508306023843204,0.4999999999999997,-1
8809305990243,SECRET KEY STARTIN TREATMENT ROSE ESSENCE 150ML,DISINFECTANT,PERSONAL CARE,1.0,417.75,-139.24,1.0,417.75,1.0,0.0,0.0,21
8850006304563,COLGATE PLAX PEPPERMINT FRESH MOUTHWASH 60ML,ORAL CARE,PERSONAL CARE,4.0,149.0,33.12,1.0,37.25,4.0,0.0,0.0,1
8850006306772,COLGATE PLAX ICE INFINITY MOUTHWASH 60ML,ORAL CARE,PERSONAL CARE,1.0,37.25,8.28,1.0,37.25,1.0,0.0,0.0,8
8850006320501,COLGATE GREAT REG FLAVOR 140G,ORAL CARE,PERSONAL CARE,26.0,3112.5,399.46000000000004,12.0,119.71153846153847,2.1666666666666665,0.5600084530215783,0.020979020979020963,-1
8850006320518,COLGATE AMINO POWDER 74G,ORAL CARE,PERSONAL CARE,16.0,1219.5,202.34999999999997,7.0,76.21875,2.2857142857142856,0.3061862178478973,-0.0714285714285714,24
8850006321133,COLGATE AMINO POWDER 37G,ORAL CARE,PERSONAL CARE,38.0,1922.0,194.18,11.0,50.578947368421055,3.4545454545454546,0.4160891658116288,-0.18181818181818174,-1
8850006321522,COLGATE TRIPLE ACTION 193G (145ML,ORAL CARE,PERSONAL CARE,9.0,1330.5,207.24,6.0,147.83333333333334,1.5,0.5091750772173156,0.3142857142857141,-1
8850006321539,COLGATE TRIPLE ACTION 126G (95ML,ORAL CARE,PERSONAL CARE,5.0,623.75,101.95,3.0,124.75,1.6666666666666667,0.282842712474619,-0.4999999999999999,-1
8850006325216,COLGATE GREAT REG TWIN PACK SAC 22G,ORAL CARE,PERSONAL CARE,34.0,399.6,83.4,9.0,11.75294117647059,3.7777777777777777,0.7669649888473703,0.33333333333333337,17
8850006325230,COLGATE COOL MENTHOL FRESH GREEN 20G,SKIN AND BODY,PERSONAL CARE,8.0,96.0,28.0,2.0,12.0,4.0,0.25,1.9999999999999987,1
8850006327425,COLGATE AMINO POWDER 149 FOR 2 TUBES,ORAL CARE,PERSONAL CARE,2.0,298.0,14.2,2.0,149.0,1.0,0.0,-7.850462293418875e-17,16
8850006327463,COLGATE TRIPLE ACTION 169 FOR 2 TUBES,ORAL CARE,PERSONAL CARE,5.0,845.0,40.300000000000004,4.0,169.0,1.25,0.34641016151377546,0.3,-1
8850006327470,COLGATE TRIPLE ACTION 139 FOR 2 TUBES,ORAL CARE,PERSONAL CARE,4.0,556.0,27.560000000000002,2.0,139.0,2.0,0.5,-2.0,20
8850006344200,COLGATE BATMAN KIDS 40G,ORAL CARE,PERSONAL CARE,4.0,290.7,40.94,4.0,72.675,1.0,0.0,-8.214889951798643e-17,-1
8850007010852,JOHNSONS BEDTIME BABY POWDER 100G,SKIN AND BODY,PERSONAL CARE,1.0,52.75,5.0,1.0,52.75,1.0,0.0,0.0,8
8850007010869,JOHNSONS BEDTIME BABY POWDER 200G,SKIN AND BODY,PERSONAL CARE,2.0,249.25,51.32000000000001,2.0,124.625,1.0,0.0,-7.850462293418875e-17,9
8850007010890,JOHNSONS BEDTIME BABY POWDER 50G,SKIN AND BODY,PERSONAL CARE,13.0,521.0,159.73000000000002,3.0,40.07692307692308,4.333333333333333,0.2878197989826109,-0.4999999999999995,13
8850007011132,JOHNSONS WHITE BABY POWDER 100G,SKIN AND BODY,PERSONAL CARE,7.0,273.0,16.89,5.0,39.0,1.4,0.3499271061118826,0.3,4
8850007011149,JOHNSONS WHITE BABY POWDER 200G,SKIN AND BODY,PERSONAL CARE,15.0,1296.0,150.95999999999998,7.0,86.4,2.142857142857143,0.6324555320336759,-0.25000000000000033,-1
8850007011187,JOHNSONS BLOSSOMS BABY POWDER 200G,SKIN AND BODY,PERSONAL CARE,6.0,594.0,64.68,5.0,99.0,1.2,0.3333333333333334,-0.20000000000000015,22
8850007011743,JOHNSONS MILK+RICE BABY POWDER 200G,SKIN AND BODY,PERSONAL CARE,2.0,198.0,18.1,2.0,99.0,1.0,0.0,-7.850462293418875e-17,7
8850007331308,CAREFREE BREATHABLE 8&#039;S,DISPOSABLES,PERSONAL CARE,6.0,139.5,11.75,5.0,23.25,1.2,0.3333333333333334,-0.10000000000000012,1
8850007331797,CAREFREE HEALTHY FRESH 20&#039;S,SKIN AND BODY,PERSONAL CARE,2.0,142.0,20.4,1.0,71.0,2.0,0.0,0.0,1
8850007371397,MODESS REGULAR NON WINGS 8&#039;S,COTTONS AND HYGIENE,PERSONAL CARE,15.0,588.75,54.0,6.0,39.25,2.5,0.5033222956847166,-0.08571428571428573,22
8850007371403,MODESS REGULAR W/WINGS 8s,COTTONS AND HYGIENE,PERSONAL CARE,20.0,785.0,77.19,6.0,39.25,3.3333333333333335,0.282842712474619,0.11428571428571443,-1
8850007371434,MODESS REGULAR DRY MAX COVER W/WINGS 8&#039;S,DISPOSABLES,PERSONAL CARE,4.0,224.0,53.6,4.0,56.0,1.0,0.0,-8.214889951798643e-17,3
8850007372561,MODESS REGULAR DRY MAX COVER NON WINGS 8&#039;S,DISPOSABLES,PERSONAL CARE,3.0,152.25,24.450000000000003,1.0,50.75,3.0,0.0,0.0,1
8850007500278,J&J BABY POWDER PRICKLY HEAT 50G,SKIN AND BODY,PERSONAL CARE,3.0,89.25,16.049999999999997,3.0,29.75,1.0,0.0,8.985767264226737e-17,1
8850007812173,LISTERINE TOTAL CARE 250ML,ORAL CARE,PERSONAL CARE,5.0,870.0,-90.75999999999999,5.0,174.0,1.0,0.0,-1.0507920739455759e-16,-1
8850007814290,LISTERINE COOL MINT 100ML,ORAL CARE,PERSONAL CARE,26.0,1660.15,285.01,10.0,63.85192307692308,2.6,0.4615384615384615,-0.12121212121212105,-1
8850007814313,LISTERINE FRESH BURST 100ML,ORAL CARE,PERSONAL CARE,40.0,2643.2799999999997,527.49,14.0,66.082,2.857142857142857,0.5099019513592785,0.13626373626373614,-1
8850007814382,LISTERINE TOTAL CARE 100ML,ORAL CARE,PERSONAL CARE,27.0,2754.0,429.0,13.0,102.0,2.076923076923077,0.7181747936913079,0.15384615384615383,-1
8851932323901,AXE DEO SPRAY GOLD TEMPTATION 50ML,SKIN AND BODY,PERSONAL CARE,5.0,526.0,189.81,5.0,105.2,1.0,0.0,-1.0507920739455759e-16,13
8904220114719,DERMAZOLE SHAMPOO 20MG SACHET 8ML,HAIR CARE,PERSONAL CARE,20.0,859.7,117.15,6.0,42.985,3.3333333333333335,0.7071067811865474,-0.3428571428571431,-1
8934839125790,CLOSEUP VALUE TWIN PACK SOOTHING MENTHOL 2X191G,ORAL CARE,PERSONAL CARE,2.0,430.0,83.1,1.0,215.0,2.0,0.0,0.0,19
8934839125806,CLOSEUP VALUE TWIN PACK SOOTHING MENTHOL 2X125G,ORAL CARE,PERSONAL CARE,3.0,435.0,435.0,2.0,145.0,1.5,0.3333333333333333,0.9999999999999998,19
8934839125813,CLOSEUP COOL MINT 2X191G,ORAL CARE,PERSONAL CARE,1.0,215.0,41.55,1.0,215.0,1.0,0.0,0.0,3
8934839125820,CLOSEUP VALUE TWIN PACK COOL MINT 2X125G,ORAL CARE,PERSONAL CARE,3.0,435.0,435.0,1.0,145.0,3.0,0.0,0.0,19
8991991161332,SENSODYNE FRESHMINT 100G,ORAL CARE,PERSONAL CARE,8.0,1164.0,194.4,6.0,145.5,1.3333333333333333,0.3535533905932738,-0.057142857142857134,-1
8992725910356,LISTERINE COOL MINT 500ML,ORAL CARE,PERSONAL CARE,1.0,224.0,34.05,1.0,224.0,1.0,0.0,0.0,3
8998899995953,OFF LOTION SAKURA 50ML,SKIN AND BODY,PERSONAL CARE,1.0,146.5,146.5,1.0,146.5,1.0,0.0,0.0,1
9310059050071,LISTERINE COOL MINT 250ML,ORAL CARE,PERSONAL CARE,9.0,1192.5,151.96,4.0,132.5,2.25,0.48432210483785265,0.9000000000000001,-1
9310059050910,LISTERINE FRESH BURST 250ML,ORAL CARE,PERSONAL CARE,7.0,1014.0,199.26999999999998,5.0,144.85714285714286,1.4,0.3499271061118826,0.19999999999999996,-1
9314057013403,VALDA PASTILLES MENTHOL ZIP POUCH 20G,HOME REMEDY,PERSONAL CARE,7.0,413.0,50.89,3.0,59.0,2.3333333333333335,0.5345224838248487,-1.4999999999999998,21
9314057013687,VALDA PASTILLES LEMON ZIP POUCH 20G,HOME REMEDY,PERSONAL CARE,16.0,944.0,116.32,5.0,59.0,3.2,0.6059599821770412,-1.1000000000000008,12
9318637043002,CETAPHIL GENTLE SKIN CLEANSER 1LITRE,SKIN AND BODY,PERSONAL CARE,1.0,1523.0,253.8,1.0,1523.0,1.0,0.0,0.0,-1
95194097,LOVELY EYEBROW PENCIL NEW02 GRAY,HAIR CARE,PERSONAL CARE,1.0,64.75,64.75,1.0,64.75,1.0,0.0,0.0,15
9556006000250,JOHNSONS BABY SHAMPOO 200ML,SKIN AND BODY,PERSONAL CARE,1.0,131.25,12.0,1.0,131.25,1.0,0.0,0.0,1
9556006014547,JOHNSONS BABY SHAMPOO GOLD 100ML,SKIN AND BODY,PERSONAL CARE,5.0,434.5,38.11,5.0,86.9,1.0,0.0,-1.0507920739455759e-16,19
9556006060001,JOHNSONS BABY BATH MILK+RICE 200ML,SKIN AND BODY,PERSONAL CARE,4.0,413.0,37.84,4.0,103.25,1.0,0.0,-8.214889951798643e-17,21
9556006060193,JOHNSONS BABY BATH REG 100ML,SKIN AND BODY,PERSONAL CARE,1.0,56.0,10.37,1.0,56.0,1.0,0.0,0.0,8
9556006060308,JOHNSONS BABY BATH MILK+RICE 100ML,SKIN AND BODY,PERSONAL CARE,5.0,310.0,52.599999999999994,3.0,62.0,1.6666666666666667,0.565685424949238,4.07711101981292e-16,16
9556019239371,POLIDENT ADHESIVE 20G,ORAL CARE,PERSONAL CARE,12.0,1685.25,212.1,10.0,140.4375,1.2,0.33333333333333337,-0.08484848484848488,-1
9556019241107,POLIDENT CLEANSER TAB 18,ORAL CARE,PERSONAL CARE,3.0,225.0,21.54,3.0,75.0,1.0,0.0,8.985767264226737e-17,3
98440618070,COTTON APPLICATOR STICK NON STERILE,COTTONS AND HYGIENE,PERSONAL CARE,2.0,125.0,69.0,1.0,62.5,2.0,0.0,0.0,1
98487424,ALCOGENIC (70% ISOPROPYL ALCOHOL) 500ML,DISINFECTANT,PERSONAL CARE,10.0,775.0,210.52,2.0,77.5,5.0,0.0,-1.0721261933235726e-15,-1
FG002,FG-POTENCEE 10&#039;S,DIAPERS,PERSONAL CARE,1.0,0.0,0.0,1.0,0.0,1.0,0.0,0.0,-1
G56275834,BBFLO BOTTLE CLEAR 9oz,"PLASTIC, GLASSWARE, AND STAINLESS",PERSONAL CARE,1.0,86.2,10.6,1.0,86.2,1.0,0.0,0.0,1
