medicine,qty,sales,profit,discount,discount_pct,profit_margin,discount_efficiency
MULTICAPS,3000.0,6000.0,6000.0,0.2,0.0033332222259258026,100.0,14999.925000374997
LIVERAIDE (SILYMARIN) CAP,90.0,1752.75,165.15,0.05,0.002852578731172981,9.422336328626445,1799.9640007199855
NEOFORM 500MG TAB,200.0,536.0,-76.0,0.2,0.03729951510630362,-14.17910447761194,999.9950000249999
PROPOLIS 600MG CAP,358.0,23466.9,23466.9,0.7000000000000001,0.0029828359099354,100.0,511.42784081737017
AMINOLOG (KETOANALOGUES+ESSENTIAL AMINO ACIDS) FC TAB,100.0,2400.0,-100.0,0.2,0.008332638946754439,-4.166666666666666,499.9975000124999
RENAKULT CAP(PROBIOTIC,390.0,9005.67,-161.57999999999998,0.8,0.0088825033559208,-1.7942029854524981,487.4993906257617
NEPHROMIN (KETOANALOGUES+ESSENTIAL AMINO ACIDS) TAB,803.0,12848.0,1606.0,2.0,0.01556420233463035,12.5,401.49979925010035
POLYNERV TAB 500MG,20.0,688.75,36.35,0.05,0.007259001161440187,5.277676950998186,399.9920001599968
CALTRATE ADVANCE TAB,79.0,568.8,-67.92,0.2,0.0351493848857645,-11.940928270042194,394.99802500987494
GLOBISAPH (KETOANALOGUE) 630MG TAB,894.0,13588.8,7777.8,2.4000000000000004,0.01765848490199541,57.236842105263165,372.4998447917313
NEPHORMIN (KETOANALOGUES+ESSENTIAL AMINO ACIDS) TAB,745.0,11920.0,1490.0,2.0,0.016775708773695688,12.5,372.4998137500931
OHHIRAs PROPOLIS 600MG CAP,964.0,60257.28,6273.28,2.9000000000000004,0.004812464881452396,10.410825048857166,332.41367847804185
PHAREX VITAMIN (VITAMIN B1+B6+B12) 17+3 TAB NS,121.0,6987.61,-954.47,0.4,0.005724090263179361,-13.659462963731519,302.4992437518906
FLEXSA (GLUCOSAMINE SULFATE) 1500MG ORAL SOLUTION,120.0,6329.76,-352.97,0.4,0.0063189556030179336,-5.576356765501378,299.999250001875
FERRICORE (FERROUS SULFATE) 325MG TAB,60.0,96.0,45.0,0.2,0.2079002079002079,46.875,299.99850000749996
HYOSWELL (HYOSCINE-N-BUTYLBROMIDE) 10MG TAB,30.0,144.72,78.72,0.1,0.0690512360171247,54.39469320066335,299.9970000299997
SLEEPWELL (MELATONIN) 3MG CAP,120.0,1994.3899999999999,65.83,0.45,0.022558200156403523,3.3007586279514034,266.66607407539095
FORALIVIT (FERROUS+ FOLIC ACID+ VIT B COMPLEX) CAP,26.0,98.28,54.6,0.1,0.10164667615368979,55.55555555555556,259.9974000259997
CORVELAM 800MG (SEVELAMER CARBONATE) TAB,391.0,13294.0,1352.86,1.6,0.012034056379554138,10.176470588235293,244.37484726572046
STIMUNO 250MG CAP,140.0,1528.24,104.44,0.6000000000000001,0.03924544098793858,6.83400513008428,233.33294444509255
SELCEE (ASCORBIC ACID) 500MG,90.0,133.92000000000002,88.92,0.4,0.2977963073257891,66.39784946236558,224.99943750140625
DOPEZIL (DONEPEZIL HYDROCHLORIDE) 5MG TAB,90.0,5544.0,-718.2,0.4,0.007214486689272059,-12.954545454545455,224.99943750140625
CENTRUM SILVER ADV TAB 1s,11.0,135.85,7.16,0.05,0.03679175864606328,5.270518954729481,219.9956000879982
MEDICOLINE (CITICOLINE) 500MG TAB,130.0,3203.2000000000003,1868.1,0.6000000000000001,0.01872776078406892,58.319805194805184,216.66630555615737
FERLUM PLUS (FERROUS SULFATE + FOLIC ACID) 186MG/400MCG CAP,250.0,574.4,429.7,1.2000000000000002,0.2084781097984712,74.80849582172702,208.33315972236687
RENALOG (KETOANALOGUE+AMINO ACIDS) FC TAB,125.0,3850.0,162.5,0.6000000000000001,0.01558198722277048,4.220779220779221,208.33298611168976
RELEAF(SAMBONG)FORTE 500MG,82.0,716.35,120.21000000000001,0.4,0.05580746424834322,16.780903189781533,204.99948750128124
ANALMIN 500MG CAP,20.0,40.14,16.74,0.1,0.2485089463220676,41.70403587443946,199.99800001999978
AMBICAL (CALCIUM CARBONATE) 500MG TAB,20.0,22.5,11.5,0.1,0.4424778761061947,51.11111111111111,199.99800001999978
DOLO NEUROBION(PARACETAMOL + VITAMIN B1+ VITAMIN B6 + VITAMIN B12) TAB,10.0,246.53,12.73,0.05,0.020277394760321196,5.163671764085507,199.9960000799984
SKELAN 550MG CAP,10.0,189.24,9.84,0.05,0.026414496275556025,5.199746353836398,199.9960000799984
ATEPROS (FINASTERIDE) 5MG TAB,10.0,648.38,52.29,0.05,0.007710932560183829,8.06471513618557,199.9960000799984
TELDRA (TELMISARTAN) 40MG TAB,118.0,1321.6,165.2,0.6000000000000001,0.04537891393132659,12.5,196.66633888943514
LUSTATIN 20 (ROSUVASTATIN CALCIUM) 20MG TAB,151.0,2748.2,105.7,0.8,0.029101491451436888,3.8461538461538463,188.7497640627949
CLODIN (CLONIDINE) 150MG TAB,260.0,1955.1999999999998,980.2,1.4000000000000001,0.07155269344781766,50.132978723404264,185.71415306131922
RELEAF FORTE (BLUMEA BALSAMIFERA L. SAMBONG LEAF) 500MG,89.0,736.44,89.41,0.5,0.06784812874860911,12.14083971538754,177.99964400071198
TAMPLUS (TAMSULOSIN + FINASTERIDE) 400MCG/5MG CAP,70.0,2550.2400000000002,-327.71,0.4,0.015682338550324623,-12.85016312190225,174.99956250109375
ENOCEE (ASCORBIC ACID) 500MG TAB,100.0,143.2,101.19999999999999,0.6000000000000001,0.4172461752433937,70.6703910614525,166.66638888935182
DIABEATS (GLIMEPERIDE) 2MG TAB,196.0,548.8,313.6,1.2000000000000002,0.21818181818181823,57.14285714285715,163.33319722233563
CLOVIXA (CLOPIDOGREL BISULFATE) 75MG TAB,65.0,1339.0,201.5,0.4,0.029864118261908316,15.048543689320388,162.49959375101562
SAPHRIN (ASPIRIN) 80MG TAB,125.0,200.0,121.32,0.8,0.398406374501992,60.65999999999999,156.24980468774413
NOVASARTAN (LOSARTAN K) 50MG FC TAB,795.0,1592.5,972.4,5.1000000000000005,0.3192288432648974,61.06122448979592,155.8823223760152
ATORSAPH-20 (ATORVASTATIN) 20MG FC TAB,181.0,506.8,334.85,1.2000000000000002,0.23622047244094493,66.07142857142857,150.83320763899363
FELOSTAL (FELODIPINE) 5MG TAB,150.0,1020.0,517.5,1.0,0.0979431929480901,50.73529411764706,149.99985000015002
GAVINDEX FORTE (THIAMINE MONONITRATE VIT B1+PYRIDOXINE HCL VIT B6+CYANOCOBALAMIN VIT B12) CAP,90.0,1170.0,-45.0,0.6000000000000001,0.0512557662737058,-3.8461538461538463,149.99975000041664
GLUMET XR 500MG (METFORMIN HCI) TAB,60.0,612.0,-69.0,0.4,0.06531678641410843,-11.27450980392157,149.9996250009375
FENOSTAT (ATORVASTIN+FENOFIBRATE) 20MG/160MG FC TAB,60.0,1296.0,-231.02,0.4,0.030854674483184203,-17.825617283950617,149.9996250009375
LOSAAR (LOSARTAN) 100MG TAB,60.0,204.0,93.0,0.4,0.19569471624266144,45.588235294117645,149.9996250009375
STIMUNO (PHYLLANTHUS NIRURI) 250MG CAP,30.0,408.0,73.18,0.2,0.04899559039686428,17.936274509803923,149.99925000374998
FIRSTMED ROSUVASTATIN 10MG TAB,30.0,235.68,235.68,0.2,0.08478887569950823,100.0,149.99925000374998
FELOJEN (FELODIPINE) 5MG TAB,30.0,210.0,91.5,0.2,0.09514747859181732,43.57142857142857,149.99925000374998
FORTIS VITAMINS (VITAMIN B-COMPLEX) 100MG/5MG/50MCG TAB,30.0,42.96,20.46,0.2,0.46339202965708987,47.625698324022345,149.99925000374998
FREDTOR (ATORVASTATIN) 10MG TAB,30.0,60.0,34.5,0.2,0.33222591362126247,57.49999999999999,149.99925000374998
ROSUSAPH-20 (ROSUVASTATIN) 20MG FC TAB,30.0,348.0,270.6,0.2,0.05743825387708214,77.75862068965517,149.99925000374998
FELOSTAL ER-10 (FELODIPINE) 10MG ER TAB,30.0,282.0,124.5,0.2,0.07087172218284904,44.148936170212764,149.99925000374998
SORBANCE-5 (ISOSORBIDE DINITRATRE) 5MG TAB,30.0,220.8,97.2,0.2,0.09049773755656108,44.02173913043478,149.99925000374998
FENOSTAT (ATORVASTIN+FENOFIBRATE) 10MG/160MG TAB,30.0,636.0,-83.82,0.2,0.03143665513989311,-13.179245283018867,149.99925000374998
SIMVOGET (SIMVASTATIN) 20MG TAB,30.0,214.32,-16.27,0.2,0.09323140033563306,-7.591452034341171,149.99925000374998
EURIVIT-M (MULTIVITAMINS + MINERALS) TAB,30.0,94.32,38.54,0.2,0.21159542953872196,40.86089906700594,149.99925000374998
FENOCARE (FENOFIBRATE) 200MG CAP,30.0,144.0,58.5,0.2,0.1386962552011096,40.625,149.99925000374998
EUTHYROX (LEVOTHYROXINE) 50MCG TAB,30.0,228.0,-29.7,0.2,0.08764241893076251,-13.026315789473683,149.99925000374998
HYPERSTOP (CAPTOPRIL) 25MG TAB,30.0,32.16,20.76,0.2,0.6180469715698393,64.55223880597016,149.99925000374998
KASTAIR (MONTELUKAST) 10MG TAB,30.0,1043.76,-142.44,0.2,0.019157822138779264,-13.646815359852841,149.99925000374998
LOSAAR 100MG TAB,30.0,102.0,46.5,0.2,0.19569471624266144,45.588235294117645,149.99925000374998
MEDIFORTAN CAP,30.0,378.0,-13.5,0.2,0.052882072977260705,-3.571428571428571,149.99925000374998
CARDOZ (CARVEDILOL) 25MG TAB,30.0,204.0,144.0,0.2,0.0979431929480901,70.58823529411765,149.99925000374998
PROLOL (METOPROLOL TARTRATE) 100MG TAB,30.0,89.04,50.04,0.2,0.22411474675033619,56.19946091644204,149.99925000374998
TERRAFERON CAP,30.0,180.0,-18.0,0.2,0.1109877913429523,-10.0,149.99925000374998
THROMZOL (CILOSTAZOL) 100MG TAB,30.0,672.0,672.0,0.2,0.02975304968759298,100.0,149.99925000374998
MUCOSTA TAB,30.0,837.6,-112.5,0.2,0.023872045834328,-13.431232091690545,149.99925000374998
SAPHRIDONE (DOMPERIDONE) 10MG TAB,30.0,60.0,34.5,0.2,0.33222591362126247,57.49999999999999,149.99925000374998
ROVISTA 20MG TAB,30.0,810.0,-8.1,0.2,0.024685262898049863,-1.0,149.99925000374998
PANTOSAPH-40 (PANTOPRAZOLE) 40MG TAB,30.0,192.0,78.0,0.2,0.10405827263267431,40.625,149.99925000374998
TOZAM FC TAB 50MG/5MG,30.0,792.0,-66.0,0.2,0.025246149962130777,-8.333333333333332,149.99925000374998
CALVIT GOLD (CHOLECALCIFEROL + CALCIUM) FC TAB,30.0,270.0,-24.0,0.2,0.07401924500370097,-8.88888888888889,149.99925000374998
AEROKIDS (MONTELUKAST) 5MG,30.0,654.0,-66.0,0.2,0.03057169061449098,-10.091743119266056,149.99925000374998
URINORM 40MG,30.0,822.0,-113.1,0.2,0.024324981756263683,-13.75912408759124,149.99925000374998
CAD3 FS 600MG/200IU TAB,30.0,187.2,-7.8,0.2,0.1067235859124867,-4.166666666666667,149.99925000374998
WARIK (WARFARIN SODIUM) 2.5MG TAB,30.0,460.8,-59.4,0.2,0.04338394793926248,-12.890625,149.99925000374998
ROWATINEX CAP,118.0,3753.35,626.35,0.8,0.02130975054273271,16.687758935351088,147.49981562523047
SEREMAX FORTE (PREGABALIN + MECOBALAMIN + ALPHA LIPOIC ACID) 75MG/750MCG/100MG CAP,235.0,6924.04,-1154.0900000000001,1.6,0.023102558030737953,-16.667870202945103,146.87490820318237
ATENURIX (FEBUXOSTAT) 40MG FCT,145.0,2822.04,-20.959999999999997,1.0,0.035422806619814104,-0.7427251208345735,144.999855000145
CARVESAPH (CARVEDILOL) 12.5MG TAB,87.0,696.0,696.0,0.6000000000000001,0.08613264427217916,100.0,144.99975833373608
KENZAR PLUS (LOSARTAN POTASSIUM + HYDROCHLOROTHIAZIDE) 50MG/12.5MG FC TAB,58.0,785.4100000000001,74.91,0.4,0.05090289001158041,9.537693688646693,144.99963750090626
PPAR (PIOGLITAZONE HYDROCHLORIDE) 30MG TAB,29.0,371.2,15.95,0.2,0.05385029617662898,4.296875,144.99927500362497
RETAVASC (AMLODIPINE) 10MG TAB,170.0,243.44,144.83999999999997,1.2000000000000002,0.49051667756703743,59.49720670391061,141.6665486112095
VEZTENOR (AMLODIPINE BESILATE + LOSARTAN POTASSIUM) 5MG/50MG FC TAB,28.0,481.6,60.2,0.2,0.04151100041511,12.5,139.99930000349997
PROGLIN 50MG TAB,28.0,683.2,-86.52,0.2,0.029265437518290898,-12.663934426229506,139.99930000349997
FLOSICRON (CIPROFLOXACIN) 500MG,14.0,140.62,140.62,0.1,0.07106310403638431,100.0,139.99860001399986
HEPATEK (CARNITINE OROTATE+SILYMARIN+VIT B+ZINC) CAP,7.0,197.84,25.34,0.05,0.025266562231542777,12.808329963606955,139.99720005599886
DANZEDIN 80000 EC TAB,7.0,232.75,41.86,0.05,0.02147766323024055,17.984962406015036,139.99720005599886
RM COLCHICINE 500MG,153.0,493.25,-19.21,1.1,0.2225144128653788,-3.8945767866193615,139.09078264474306
HANIZYN (MULTIVITAMINS + IRON) CAPSULE,125.0,387.5,231.25,0.9,0.23171987641606592,59.67741935483871,138.8887345680727
ROSUSAPH-10 (ROSUVASTATIN) 10MG FC TAB,55.0,341.0,170.5,0.4,0.11716461628588168,50.0,137.49965625085937
APPEVIT (BUCLIZINE HCL+B-COMPLEX+IRON) CAP,735.0,9082.72,-317.03,5.4,0.059418229512814544,-3.490474219176634,136.11108590535446
GOZTAN-50 (LOSARTAN POTASSIUM) 50MG TAB,435.0,696.0,696.0,3.2,0.4576659038901602,100.0,135.93745751954452
GALVUSMET (VILDAGLIPTIN + METFORMIN) 50/500MG TAB,80.0,2208.0,-84.11,0.6000000000000001,0.0271665308340125,-3.8093297101449277,133.33311111148146
MEPTIN (PROCATEROL HYDROCHLORIDE) 25MG TAB,80.0,878.4,-146.4,0.6000000000000001,0.06825938566552903,-16.666666666666668,133.33311111148146
PRENAREX PLUS (MULTIVITIMINS+FOLIC ACID+IRON) CAP,166.0,1656.13,-81.30999999999999,1.25,0.07542024158611785,-4.909638736089557,132.799893760085
INBUMIN 250MG (STRIATIN) FC TAB,170.0,6638.07,513.53,1.3,0.01958017101020127,7.736134147425382,130.7691301775922
CALCIFESAPH ( CALCIUM+VITAMIN D3) TAB,208.0,619.1600000000001,317.56,1.6,0.25774856627360004,51.28884294851088,129.99991875005077
AXMEL (AMOXICILLIN TRIHYDRATE) 500MG CAP,91.0,256.43,103.55,0.7000000000000001,0.27223583401392293,40.38139063292126,129.99981428597957
IRBEQ 150 (IRBESARTAN) 150MG TAB,155.0,1364.0,801.55,1.2000000000000002,0.08789920890711984,58.76466275659824,129.16655902786746
ATORMED -20 (ATORVASTATIN) 20MG TAB,403.0,2901.6,2901.6,3.2,0.1101624896722666,100.0,125.93746064454353
PERGLIM M-2 (GLIMEPERIDE METFORMIN HCl) 2MG/500MG TAB,100.0,1710.56,10.560000000000013,0.8,0.046746447270007485,0.6173416892713505,124.9998437501953
ALLURASE(ALLOPURINOL) 100MG TAB,50.0,325.44,-29.56,0.4,0.1227596366314756,-9.083087512291051,124.99968750078125
ROWACHOL CAP,50.0,2060.0,-277.0,0.4,0.01941370607649,-13.446601941747574,124.99968750078125
TASCIT 10MEQ,50.0,1276.8,297.8,0.4,0.03131850923896023,23.323934837092732,124.99968750078125
D3 INTENSE (CHOLECALCIFEROL) 2000IU DISPERSIBLE TAB,50.0,480.0,480.0,0.4,0.08326394671107412,100.0,124.99968750078125
EUTHYROX (LEVOTHYROXINE) 150MCG TAB,25.0,545.0,-22.0,0.2,0.03668378576669112,-4.036697247706423,124.99937500312498
ROSUSTAT 10 (ROSUVASTATIN CALCIUM) FC TAB,25.0,530.0,-77.5,0.2,0.03772161448509996,-14.622641509433961,124.99937500312498
FEFOSAPH (DRIED FERROUS SULFATE FOLIC ACID) 300MG/250MCG,49.0,102.8,77.56,0.4,0.3875968992248062,75.44747081712063,122.49969375076563
DIAMICRON MR (GLICAZIDE) 60MG TAB,122.0,2799.7599999999998,-449.12,1.0,0.03570459446721604,-16.041374974997858,121.99987800012201
XIGDUO XR (DAPAGLIFLOZIN + METFORMIN) 10/1000MG TAB,194.0,10379.2,-1340.1000000000001,1.6,0.015413070283600493,-12.911399722521969,121.24992421879736
PROVASC 10 (AMLODIPINE BESILATE) 10MG TAB,145.0,1653.0,79.75,1.2000000000000002,0.07254261878853828,4.824561403508771,120.83323263897279
BIOGESIC 500MG TAB,96.0,360.8,-27.61,0.8,0.22123893805309736,-7.652439024390244,119.9998500001875
GRABALIN (PREGABALIN) 75MG CAP,95.0,587.36,165.56,0.8,0.13601741022850927,28.18714246799237,118.74985156268554
CITIFAR (CITICOLINE) 500MG TAB,71.0,3379.6,422.45,0.6000000000000001,0.01775042896870008,12.5,118.33313611143979
REGIVASC (AMLODIPINE BESILATE) 10MG TAB,394.0,798.0,644.34,3.35,0.4180445498221751,80.74436090225564,117.61190519047605
ATENURIX FCT 40MG,70.0,1442.0,62.3,0.6000000000000001,0.04159157077498961,4.320388349514563,116.66647222254628
VESSEL DUE-F 250 LSU (SULODEXIDE,93.0,4455.82,-566.18,0.8,0.01795082371842338,-12.706527642499024,116.24985468768163
ATORSAPH-10 (ATORVASTATIN) 10MG FC TAB,185.0,343.0,188.5,1.6,0.4643064422518862,54.95626822157435,115.62492773442017
INTERPHIL (IRBESARTAN) 150MG TAB,46.0,358.8,156.4,0.4,0.11135857461024501,43.58974358974359,114.99971250071874
CLOPEGEN (CLOPIDOGREL) 75MG FCT,160.0,768.0,620.8000000000001,1.4000000000000001,0.18195996880686252,80.83333333333334,114.28563265311954
COMXICLA (CO-AMOXICLAV) 625MG TAB,34.0,525.6,267.2,0.30000000000000004,0.05704506560182545,50.83713850837138,113.33295555681481
NUROPAT (ALPHA LIPOIC ACID + BENFOTIAMINE + PYRIDOXINE HCL + INOSITOL + LUTEIN + FOLIC ACID + ZEAXANTHIN + METHYLCOBALAMIN) TAB,45.0,1544.4,-188.1,0.4,0.02589331952356292,-12.179487179487177,112.49971875070312
GLUMET TAB XR 500MG,45.0,459.0,-51.75,0.4,0.08707009142359601,-11.27450980392157,112.49971875070312
ATORSAPH-40 (ATORVASTATIN) 40MG FC TAB,108.0,561.6,356.4,1.0,0.17774617845716315,63.46153846153846,107.999892000108
FLAGEX (METRONIDAZOLE) 500MG TAB,75.0,266.94,201.29999999999998,0.7000000000000001,0.2615453594380512,75.41020454034614,107.14270408185129
AMLOTHIX (AMLODIPINE) 5MG TAB,203.0,326.8,255.75,1.9000000000000001,0.5780346820809249,78.25887392900856,106.8420490305005
AURORA (ROSUVASTATIN) 20MG FC TAB,85.0,986.0,493.0,0.8,0.08107012565869479,50.0,106.24986718766601
ESSENTIALE FORTE CAP,69.0,2218.88,12.95,0.65,0.029285479358242508,0.5836277761753677,106.15368284048793
ASCORSAPH ZEE(ASCORBIC ACID+ZN)500MG/10MG CAP,95.0,156.0,75.96,0.9,0.5736137667304015,48.69230769230769,105.55543827173524
GOUTSAPH (COLCHICINE) 500MCG TAB,105.0,257.91999999999996,125.62,1.0,0.3862196817549823,48.70502481389579,104.99989500010501
DAZOMET (METRONIDAZOLE) 500MG TAB,42.0,806.4,-102.48,0.4,0.049578582052553305,-12.708333333333336,104.99973750065625
URSOMAX (URSODEOXYCHOLIC ACID) 300MG TAB,21.0,1167.6,-155.4,0.2,0.01712622024319233,-13.309352517985612,104.99947500262498
INTERPHIL (IRBESARTAN) 300MG TAB,125.0,1550.0,567.3,1.2000000000000002,0.0773594636410521,36.6,104.16657986118344
VIRBEZ (IRBESARTAN) 300MG TAB,62.0,1116.0,52.7,0.6000000000000001,0.05373455131649652,4.722222222222223,103.33316111139813
CALCISAPH (CALCIUM CARBONATE) 500MG TAB,184.0,348.56,257.47,1.8,0.5137572782281082,73.86676612347947,102.22216543213031
SAPHCLAZIDE-60 (GLICLAZIDE) 60MG TAB,61.0,536.8,265.35,0.6000000000000001,0.11164867882396726,49.43181818181819,101.6664972225046
IMMUNPRO 500MG TAB,240.0,1664.96,-193.85,2.4000000000000004,0.1439401209097016,-11.642922352488947,99.99995833335068
AURORA (ROSUVASTATIN) 10MG FC TAB,180.0,1411.2,709.2,1.8,0.12738853503184713,50.255102040816325,99.9999444444753
PREGABASAPH-75 (PREGABALIN) 75MG CAP,120.0,692.32,272.32,1.2000000000000002,0.17303033798592687,39.334411832678526,99.9999166667361
TMZ-MR (TRIMETAZIDINE HCL) 35MG TAB,100.0,1240.0,50.0,1.0,0.08058017727639001,4.032258064516129,99.99990000010001
GLUMET 500MG TAB,80.0,768.0,5.6,0.8,0.10405827263267431,0.7291666666666666,99.99987500015624
AMLOSAPH 5 (AMLODIPINE) 5MG TAB,60.0,96.0,84.0,0.6000000000000001,0.6211180124223604,87.5,99.9998333336111
CARVID (CARVEDILOL) 25MG TAB,60.0,1008.0,-81.38,0.6000000000000001,0.0594883997620464,-8.073412698412698,99.9998333336111
RETABION ( B-COMPLEX) TAB,60.0,113.52000000000001,54.72,0.6000000000000001,0.5257623554153523,48.2029598308668,99.9998333336111
FORMET (METFORMIN) 500MG TAB,50.0,78.0,40.5,0.5,0.6369426751592357,51.92307692307693,99.9998000004
FERN-C PLUS (SODIUM ASCORBATE) CAP,40.0,264.96,-24.64,0.4,0.15073861923424783,-9.299516908212562,99.999750000625
ASCOZIN (ASCORBIC ACID+ZINC) CAP,40.0,264.72,17.520000000000003,0.4,0.15087507543753773,6.618313689936538,99.999750000625
RM COLCHICINE 500MG TAB,40.0,144.0,22.8,0.4,0.2770083102493075,15.833333333333332,99.999750000625
ALAXAN FR (IBUPROFEN + PARACETAMOL) CAP,40.0,272.0,-29.490000000000002,0.4,0.14684287812041116,-10.841911764705884,99.999750000625
NEUROBION (VITAMIN B1 + B6 + B12) TAB,35.0,712.51,-18.350000000000005,0.35,0.049097999607215996,-2.5754024504919237,99.99971428653062
DICTAS (DICLOFENAC SODIUM) 50MG,30.0,36.120000000000005,21.72,0.30000000000000004,0.8237232289950578,60.132890365448496,99.99966666777777
ZEBET (GLICLAZIDE) 80MG TAB,20.0,100.0,77.0,0.2,0.19960079840319364,77.0,99.99950000249999
BAROLE 20 (RABEPRAZOLE SODIUM) CAP,20.0,782.88,-101.32,0.2,0.02554017469479491,-12.941957899039444,99.99950000249999
CELCOXX (CELECOXIB) 200MG CAP,20.0,500.0,-72.8,0.2,0.03998400639744103,-14.56,99.99950000249999
GLIMESAPH T4 (GLIMEPIRIDE) 4MG TAB,20.0,112.0,56.0,0.2,0.17825311942959002,50.0,99.99950000249999
RM LOSARTAN 100MG TAB,20.0,272.0,8.2,0.2,0.07347538574577517,3.0147058823529407,99.99950000249999
POLYNERV 500MG (THIAMINE MONONITRATE (VIT B1) + PYRIDOXINE (VIT B6) + CYANOCOBALAMAIN (VIT B12,20.0,580.0,-72.4,0.2,0.03447087211306446,-12.482758620689657,99.99950000249999
DOLO NEUROBION TAB,20.0,444.0,-51.8,0.2,0.045024763619991,-11.666666666666666,99.99950000249999
AMLOSAPH (AMLODIPINE) 10MG TAB,20.0,32.0,26.4,0.2,0.6211180124223602,82.5,99.99950000249999
TAPDIN (METHIMAZOLE) 5MG TAB,20.0,108.0,-0.48,0.2,0.18484288354898337,-0.4444444444444444,99.99950000249999
ENERVON Z PLUS TAB,10.0,90.0,90.0,0.1,0.1109877913429523,100.0,99.99900000999989
ANALMIN (MEFENAMIC ACID) 500MG CAP,10.0,22.5,10.8,0.1,0.4424778761061947,48.00000000000001,99.99900000999989
CETRINOVA (CETIRIZINE) 10MG FC TAB,10.0,27.0,23.4,0.1,0.36900369003690037,86.66666666666666,99.99900000999989
TOLAK ANGIN (HERBAL SUPPLEMENT) 15ML SACH,10.0,123.75,-3.25,0.1,0.08074283407347599,-2.6262626262626263,99.99900000999989
AUGMENTIN 375MG TAB,4.0,173.15,4.71,0.04,0.02309602171026041,2.7201848108576376,99.99750006249843
KELTICAN CAP,131.0,3202.5,-339.74,1.34,0.04182481022772673,-10.608587041373926,97.76112107379025
DALACIN C (CLINDAMYCIN) 300MG CAP,39.0,2990.16,-443.75,0.4,0.013375421325771762,-14.840342991679375,97.49975625060938
BIOGESIC (PARACETAMOL) 500MG TAB,112.0,380.12,-28.63,1.1500000000000001,0.3016235213890419,-7.531832053035884,97.39121965980898
EUTHYROX (LEVOTHYROXINE) 100MCG TAB,58.0,754.0,-93.33,0.6000000000000001,0.07951232441028361,-12.377984084880636,96.66650555582406
SAPHLOR-50 (LOSARTAN) 50MG TAB,115.0,211.6,136.85,1.2000000000000002,0.5639097744360904,64.67391304347827,95.83325347228876
RAMAVIT (VITAMIN B COMPLEX) TAB,124.0,193.42000000000002,112.82,1.3,0.6676253081347575,58.32902491986351,95.38454201189076
RM AMLODIPINE 5MG,95.0,492.20000000000005,12.25,1.0,0.202757502027575,2.488825680617635,94.99990500009501
LUSTATIN 10 (ROSUVASTATIN CALCIUM) 10MG TAB,76.0,1159.2,95.19999999999999,0.8,0.06896551724137931,8.21256038647343,94.99988125014843
NEBIL (NEBIVOLOL) 5MG TAB,38.0,638.4,16.72,0.4,0.06261740763932375,2.619047619047619,94.99976250059375
Febulas (Febuxostat) 40mg tab,38.0,440.8,440.8,0.4,0.09066183136899367,100.0,94.99976250059375
JANUMET 50/1000MG TAB,56.0,1456.0,201.04000000000002,0.6000000000000001,0.041191816559110264,13.80769230769231,93.33317777803701
KELTICAN (URIDINE + VIT. B12 + FOLIC ACID) CAP,37.0,756.8,-173.75,0.4,0.05282620179609088,-22.958509513742072,92.49976875057813
VIBEE (B-COMPLEX) TAB,216.0,2592.0,127.44,2.4000000000000004,0.09250693802035154,4.916666666666666,89.99996250001561
ITORVAZ 40 (ATORVASTATIN) 40MG FC TAB,198.0,3191.4,211.5,2.2,0.0688877755511022,6.627185561195713,89.99995909092767
ROVISTA (ROSUVASTATIN)20MG TAB,53.0,1420.18,-17.72,0.6000000000000001,0.042230324188122025,-1.2477291610922556,88.33318611135647
ATORVEX (ATORVASTATIN) 20MG,140.0,1174.8799999999999,929.88,1.6,0.13599891200870395,79.14680648236416,87.49994531253418
GETZAR (LOSARTAN POTASSIUM) 50MG TAB,70.0,672.0,-28.0,0.8,0.11890606420927469,-4.166666666666666,87.49989062513671
DOXOFAR (DOXOFYLLINE) 400MG TAB,35.0,398.0,240.4,0.4,0.10040160642570282,60.402010050251256,87.49978125054687
MICARDIS PLUS 40MG TAB,35.0,742.0,-92.4,0.4,0.05387931034482758,-12.452830188679247,87.49978125054687
ROSULIP (ROSUVASTATIN) 10MG TAB,87.0,643.8,388.89,1.0,0.15508684863523575,60.40540540540541,86.999913000087
TRIMEBET (TRIMETAZIDINE) 35MG TAB,52.0,353.6,179.92000000000002,0.6000000000000001,0.16939582156973462,50.882352941176464,86.66652222246294
CLIN-GEN (CLINDAMYCIN) 300MG CAP,69.0,707.14,401.97999999999996,0.8,0.11300392688645931,56.84588624600503,86.24989218763476
RM CLOPIDOGREL 75MG TAB,171.0,3442.13,714.75,2.0,0.05806981734138955,20.764759030019203,85.49995725002137
CARVID (CARVEDILOL) 6.25MG TAB,153.0,1457.28,-275.43,1.8,0.12336540833950162,-18.90027997364954,84.99995277780401
FUSEDEX (FUROSEMIDE) 40MG TAB,220.0,440.0,347.6,2.6,0.587437867148667,79.0,84.61535207101842
AMLIFE (AMLODIPINE + LOSARTAN) 50/5MG TAB,135.0,2673.0,-401.52,1.6,0.05982202946234952,-15.021324354657686,84.37494726565797
CARDOZ (CARVEDILOL) 6.25MG TAB,285.0,1374.6,915.0799999999999,3.4000000000000004,0.24673439767779393,66.57063873126728,83.8235047577927
RETAVASC- 5 (AMLODIPINE) 5MG TAB,100.0,133.12,83.12,1.2000000000000002,0.8933889219773677,62.43990384615385,83.33326388894675
SUMAPEN 500MG CAP,50.0,772.24,-39.019999999999996,0.6000000000000001,0.07763573314010663,-5.052833316067543,83.33319444467591
URINORM (FEBUXOSTAT) 80MG TAB,50.0,1760.0,1760.0,0.6000000000000001,0.034079291150744075,100.0,83.33319444467591
FENO-TG (FENOFIBRATE) 160MG FCT,50.0,740.0,390.5,0.6000000000000001,0.08101539292465569,52.77027027027027,83.33319444467591
SAPHORMIN T500 (METFORMIN HCL) 500MG TAB,50.0,48.160000000000004,29.909999999999997,0.6000000000000001,1.2305168170631664,62.10548172757474,83.33319444467591
ESSELOGUE (KETOANALOGUES+ESSENTIAL AMINO ACID,66.0,990.0,471.9,0.8,0.08074283407347599,47.666666666666664,82.4998968751289
REBAMID (REBAMIPIDE) 100MG TAB,33.0,561.0,561.0,0.4,0.07125044531528323,100.0,82.49979375051562
GLYXAMBI FC TAB 25MG/5MG,147.0,10788.35,-944.2299999999999,1.8,0.016681881160132157,-8.752311521224282,81.66662129632151
APROVASC (IRBESARTAN + AMLODIPINE) 150MG/5MG TAB,49.0,1382.8,-6.840000000000001,0.6000000000000001,0.043371403787769276,-0.4946485391958346,81.66653055578239
PAROPHEN (PARACETAMOL + ORPHENADRINE) TAB,49.0,969.02,-55.08,0.6000000000000001,0.06187991171799262,-5.684093207570535,81.66653055578239
PHAREX VITAMIN (VITAMIN B1+B6+B12) TAB,293.0,1284.48,153.5,3.6,0.27948574622694244,11.950361235675137,81.38886628087047
CARDIPRES (CARVEDILOL) 12.5MG FC TAB,192.0,1591.44,113.03999999999999,2.4000000000000004,0.1505797319680771,7.103001055647715,79.99996666668054
MUCOTUSS FORTE CAP,48.0,326.40000000000003,39.36,0.6000000000000001,0.18348623853211007,12.058823529411763,79.99986666688888
NEOFORM (METFORMIN HCL) 500MG TAB,48.0,161.28,161.28,0.6000000000000001,0.3706449221645664,100.0,79.99986666688888
GALVUS (VILDAGLIPTIN) 50MG TAB,48.0,1203.2,-268.3,0.6000000000000001,0.049842166472836034,-22.298869680851062,79.99986666688888
UNICIL (SULTAMICILLIN TOSILATE) 750MG FC TAB,48.0,1714.1799999999998,586.1800000000001,0.6000000000000001,0.034989911242258497,34.19594208309513,79.99986666688888
DUOTRAM (PARA + TRAMA HCL) 325MG/37.5MG TAB,40.0,465.15,363.15,0.5,0.10737678513905295,78.0715898097388,79.99984000031999
ASTEROL (PROPANOLOL HYDROCHLORIDE) 40MG TAB,8.0,41.76,33.36,0.1,0.23889154323936934,79.88505747126437,79.99920000799992
HERACLENE FORTE CAP 3MG,4.0,194.94,112.87,0.05,0.025642340632852968,57.899866625628405,79.99840003199935
RM TRIMETAZIDINE 35MG TAB,223.0,2646.0,374.49,2.8000000000000003,0.10570824524312897,14.153061224489797,79.64282869898975
RM LOSARTAN 50MG TAB,78.0,798.0,113.52,1.0,0.1251564455569462,14.225563909774436,77.999922000078
URINORM (FEBUXOSTAT) 40MG TAB,62.0,1602.53,-295.49,0.8,0.04989615363025703,-18.438968381247154,77.49990312512108
Rosuvin (Rosuvastatin) 20mg tab,31.0,359.85,359.85,0.4,0.11103400416377517,100.0,77.49980625048437
CARVIDA (CARVEDILOL) 6.25MG TAB,286.0,2166.6,1143.78,3.7,0.1704833433165922,52.79147050678482,77.2972764061415
GOTRIDINE 35MG TAB (TRIMETAZDINE,144.0,1156.0,1156.0,1.9000000000000001,0.16409016322653078,100.0,75.78943379503484
JANUVIA TAB 50MG,90.0,3924.0,-9.0,1.2000000000000002,0.030571690614490984,-0.22935779816513763,74.99993750005208
LIPITOR TAB 40MG,75.0,2985.0,-690.0,1.0,0.03348961821835231,-23.115577889447238,74.99992500007501
VIRBEZ (IRBESARTAN) 150MG TAB,45.0,594.0,27.0,0.6000000000000001,0.10090817356205853,4.545454545454546,74.99987500020832
DAJIO (DAPAGLIFLOZIN) 10MG TAB,45.0,1260.0,94.95,0.6000000000000001,0.04759638267491671,7.535714285714286,74.99987500020832
MICARDIS PLUS (TELMISARTAN + HYDROCHLOROTHIAZIDE) 40MG TAB,45.0,954.0,-118.80000000000001,0.6000000000000001,0.06285355122564426,-12.452830188679247,74.99987500020832
ASPEC EC (ASPIRIN) TAB,45.0,99.0,3.1500000000000004,0.6000000000000001,0.602409638554217,3.181818181818182,74.99987500020832
MECID (MEFENAMIC) 500MG CAP,30.0,65.07,36.269999999999996,0.4,0.6109668550481137,55.73997233748271,74.99981250046875
IRBEZYD (IRBESARTAN) 150MG,30.0,372.0,231.0,0.4,0.10741138560687435,62.096774193548384,74.99981250046875
RM METOPROLOL 50MG TAB,30.0,72.0,19.799999999999997,0.4,0.5524861878453038,27.499999999999996,74.99981250046875
ARCOXIA (ETORICOXIB) 60MG TAB,30.0,1422.0,-191.7,0.4,0.028121484814398197,-13.481012658227847,74.99981250046875
PRED (PREDNISOLONE) 20MG TAB,15.0,144.0,27.0,0.2,0.1386962552011096,18.75,74.99962500187499
SINECOD FORTE (BUTAMIRATE CITRATE) TAB 50MG,15.0,302.4,36.9,0.2,0.06609385327164574,12.202380952380953,74.99962500187499
MAXIVENT (DOXOFYLLINE) 200MG TAB,15.0,156.96,-23.34,0.2,0.12725884448969205,-14.870030581039753,74.99962500187499
MOTILIUM (DOMPERIDONE) 10MG TAB,15.0,406.8,-47.55,0.2,0.04914004914004914,-11.688790560471976,74.99962500187499
MUCOBRON FORTE CAP,15.0,163.44,-24.48,0.2,0.12221950623319483,-14.977973568281937,74.99962500187499
GLUBITOR OD (GLICLAZIDE) 60MG PR TAB,15.0,231.0,-30.79,0.2,0.08650519031141869,-13.329004329004329,74.99962500187499
SAPHLODINE 50/5 (LOSARTAN K + AMLODIPINE) 50MG/5MG TAB,15.0,126.0,54.75,0.2,0.15847860538827258,43.452380952380956,74.99962500187499
TROMBOCIL 50MG TAB,15.0,381.0,-19.05,0.2,0.05246589716684155,-5.0,74.99962500187499
HERACLENE FORTE (DIBENCOZIDE) 3MG CAP,15.0,615.6,307.83,0.2,0.03247807729782397,50.00487329434697,74.99962500187499
SPASMOMEN 40MG TAB,15.0,285.0,-4.8,0.2,0.07012622720897617,-1.6842105263157894,74.99962500187499
CINZITAB (CINNARIZINE) 25MG,15.0,27.0,15.75,0.2,0.7352941176470589,58.333333333333336,74.99962500187499
ISORDIL SUBL TAB 5MG,15.0,277.8,-34.65,0.2,0.07194244604316546,-12.473002159827212,74.99962500187499
MONTIGET (MONTELUKAST SODIUM) 10MG TAB,15.0,441.0,392.78,0.2,0.045330915684496834,89.06575963718821,74.99962500187499
NEPHORMIN TAB,15.0,240.0,30.0,0.2,0.08326394671107412,12.5,74.99962500187499
ROZATIN-5 (ROSUVASTATIN) 5MG FC TAB,15.0,75.0,58.95,0.2,0.26595744680851063,78.60000000000001,74.99962500187499
CEFUSAPH (CEFUROXIME AXETIL) 500MG FC TAB,142.0,3152.8,2071.2999999999997,1.9000000000000001,0.060227596918882936,65.69715808170514,74.73680277010381
UROMID (FUROSEMIDE) 40MG TAB,313.0,781.25,577.8000000000001,4.2,0.5347253166974345,73.95840000000001,74.52379178004956
B-PLEX (VIT B1+B6+B12) CAP,107.0,417.46000000000004,112.50999999999999,1.4500000000000002,0.3461364016137118,26.95108513390504,73.79305255651548
SPIROFAR (SPIRONOLACTONE) 25MG TAB,145.0,1643.8400000000001,121.33999999999999,2.0,0.12151849511495649,7.381496982674711,72.49996375001813
DUAVENT 500MCG NEBULE,29.0,1061.4,-147.61,0.4,0.03767187794311546,-13.907103825136613,72.49981875045313
RM ROSUVASTATIN 20MG TAB,29.0,742.4,-21.169999999999998,0.4,0.05385029617662898,-2.8515625,72.49981875045313
GABLURICA (PREGABALIN) 75MG CAP,43.0,322.33,322.33,0.6000000000000001,0.18579877992134522,100.0,71.66654722242129
PLOGREL (CLOPIDOGREL) 75MG TAB,143.0,5148.0,-254.59,2.0,0.03883495145631068,-4.945415695415695,71.49996425001787
RM AMLODIPINE 10MG,57.0,387.6,-7.4399999999999995,0.8,0.20597322348094746,-1.919504643962848,71.24991093761132
ZEGEN (CEFUROXIME AXETIL) 500MG TAB,56.0,3404.02,-188.54000000000002,0.8,0.02349610258398388,-5.53874536577341,69.99991250010937
CYFROX (CIPROFLOXACIN) 500MG TAB,28.0,112.0,65.8,0.4,0.3558718861209964,58.75,69.9998250004375
CEFUGET (CEFUROXIME) 500MG TAB,28.0,1562.4,778.4,0.4,0.02559508574353724,49.82078853046595,69.9998250004375
SECUNDA (CEFUROXIME) 500MG CAP,28.0,1189.88,-196.12,0.4,0.03360553819269415,-16.482334353044003,69.9998250004375
Saphixime (Cefixime) 200mf Cap,28.0,336.0,336.0,0.4,0.11890606420927469,100.0,69.9998250004375
ALCLAV NEO (CO-AMOXICLAV) 625MG TAB,28.0,466.37,-45.900000000000006,0.4,0.08569531032414252,-9.841970967257758,69.9998250004375
ZOCEF (CEFUROXIME) 500MG TAB,14.0,350.0,168.0,0.2,0.05711022272986865,48.0,69.99965000174998
BACTIV (CO-AMOXICLAV) 625MG,14.0,509.6,-18.82,0.2,0.03923107100823853,-3.69309262166405,69.99965000174998
NATRAVOX 625MG FC TAB,14.0,534.8,-16.8,0.2,0.03738317757009346,-3.1413612565445033,69.99965000174998
NEPHROMIN TAB,14.0,224.0,28.0,0.2,0.08920606601248886,12.5,69.99965000174998
RM CLARITHROMYCIN 500MG TAB,14.0,616.0,-4.34,0.2,0.03245699448231094,-0.7045454545454545,69.99965000174998
ETHEZIB-120 (ETEROCOXIB) 120MG TAB,14.0,840.0,840.0,0.2,0.023803856224708403,100.0,69.99965000174998
XIPRO TAB 500MG,14.0,445.2,-49.28,0.2,0.0449034575662326,-11.069182389937108,69.99965000174998
HEMOSTAP) TRANEXAMIC ACID 500MG CAP,14.0,115.36,55.16,0.2,0.17307026652821045,47.81553398058252,69.99965000174998
Retaxzen (Cefuroxime) 500mg tab,14.0,313.6,313.6,0.2,0.06373486297004462,100.0,69.99965000174998
ROXIPRIME (CEFUROXIME ) 500MG Tab,14.0,764.4,1.4,0.2,0.026157467957101756,0.18315018315018314,69.99965000174998
HIMOX (AMOXICILLIN) 500MG CAP,14.0,204.4,-26.18,0.2,0.09775171065493646,-12.808219178082192,69.99965000174998
NORMAX (METFORMIN HYDROCHLORIDE) 500MG ER TAB,14.0,103.49,15.29,0.2,0.19288263091908575,14.774374335684607,69.99965000174998
OHHIRA&#039;S RED OMX PROBIOTICS CAP,14.0,515.2,-44.8,0.2,0.038804811796662786,-8.695652173913041,69.99965000174998
VESTAR (TRIMETAZIDINE) 35MG TAB,55.0,1030.76,-60.15,0.8,0.07755244484082362,-5.835500019403159,68.74991406260742
ALCLAV (CO-AMOXICLAV) 625MG TAB,55.0,769.96,338.76,0.8,0.10379365820748353,43.99709075796145,68.74991406260742
TOZAM (LOSARTAN + AMLODIPINE) 50MG/5MG FC TAB,55.0,1223.2,-50.93,0.8,0.06535947712418301,-4.163669064748201,68.74991406260742
NORGESIC FORTE (ORPHENADRINE CITRATE + PARACETAMOL) TAB,41.0,1160.38,-212.3,0.6000000000000001,0.05168047683853297,-18.2957307089057,68.33321944463424
SAPHLOPID (CLOPIDOGREL) 75MG TAB,496.0,2301.44,1748.49,7.4,0.3205072677188545,75.97373818131257,67.02701796932189
MULTIVIT-PLUS (MULTIVITAMINS) CAP,100.0,185.22,136.22,1.5,0.8033419023136247,73.54497354497354,66.66662222225186
AMLOTHIX (AMLODIPINE) 10MG TAB,80.0,114.56,84.7,1.2000000000000002,1.0366275051831377,73.93505586592178,66.66661111115741
Retabaline (Pregabalin) 75mg cap,40.0,326.96,326.96,0.6000000000000001,0.1831725485407254,100.0,66.66655555574073
JARDIANCE (EMPAGLIFLOZIN) 10MG TAB,53.0,2289.6,-269.24,0.8,0.0349283967865875,-11.75925925925926,66.24991718760351
KENZAR (LOSARTAN POTASSIUM) 50MG FC TAB,78.0,763.1999999999999,58.86,1.2000000000000002,0.1569858712715856,7.712264150943398,64.99994583337846
RENALOG FC TAB,26.0,800.8,33.8,0.4,0.04992511233150275,4.220779220779221,64.99983750040624
ORATEL -40 (TELMISARTAN) 40MG TAB,13.0,104.0,104.0,0.2,0.19193857965451058,100.0,64.999675001625
DAJIO (DAPAGLIFLOZIN) 10MG,90.0,2520.0,189.9,1.4000000000000001,0.055524708495280406,7.535714285714286,64.28566836737974
KETESSE (DEXKETOPROFEN) 25MG TAB,38.0,1001.52,-88.74000000000001,0.6000000000000001,0.05987306909352175,-8.860531991373113,63.33322777795369
JANUVIA (SITAGLIPTIN) 50MG TAB,38.0,1459.2,-201.4,0.6000000000000001,0.04110152075626799,-13.802083333333334,63.33322777795369
ASPILETS (ASPIRIN) 80MG TAB,125.0,390.0,2.5,2.0,0.5102040816326531,0.641025641025641,62.49996875001562
RETAZART (LOSARTAN) 50MG TAB,50.0,100.0,57.5,0.8,0.7936507936507938,57.49999999999999,62.49992187509765
DIAMICRON MR TAB 60MG,25.0,572.0,-77.75,0.4,0.06988120195667366,-13.592657342657343,62.499843750390625
XIGDUO XR (DAPAGLIFLOZIN + METFORMIN)10/500MG TAB,25.0,1402.3200000000002,-243.20999999999998,0.4,0.028516026006615715,-17.343402361800443,62.499843750390625
FENOFLEX (FENOFIBRATE) 160MG,25.0,824.0,-95.72,0.4,0.0485201358563804,-11.616504854368932,62.499843750390625
EMICOX (CELECOXIB) 200MG,60.0,264.0,175.55,1.0,0.37735849056603776,66.49621212121212,59.99994000006001
TRAPADIX (PARACETAMOL+TRAMADOL) 325MG/37.5MG TAB,39.0,253.52,114.67999999999999,0.65,0.2557343510249046,45.235089933733036,59.999907692449696
XIPRO (CIPROFLOXACIN) TAB 500MG,24.0,763.2,-84.48,0.4,0.05238344683080147,-11.069182389937108,59.999850000375
GANATON (ITOPRIDE HYDROCHLORIDE) 50MG FC TAB,12.0,372.0,-48.56,0.2,0.05373455131649651,-13.053763440860216,59.99970000149999
CALMSAPH (ALUM. MAG. HYDROXIDE) 200MG/100MG CHEWABLE TAB,12.0,37.8,30.6,0.2,0.5263157894736842,80.95238095238096,59.99970000149999
ISMODIN (ISOSORBIDE DINITRATE) 60MG TAB,12.0,170.4,-1.03,0.2,0.1172332942555686,-0.6044600938967136,59.99970000149999
SARIDON TRIPLE ACTION TAB,12.0,84.0,19.68,0.2,0.23752969121140144,23.42857142857143,59.99970000149999
OMEPHIL-20 (OMEPRAZOLE) 20MG CAP,6.0,35.1,30.6,0.1,0.2840909090909091,87.17948717948718,59.99940000599994
ANLENE PLAIN 180G..,3.0,293.55,11.55,0.05,0.017029972752043595,3.9345937659683186,59.998800023999515
TOPRADONE (PANTOPRAZOLE+DOMPERIDONE) 40MG/30MG CAP,70.0,1602.96,202.95999999999998,1.2000000000000002,0.07480550568521843,12.661576084244148,58.333284722262725
ZYKAST (MONTELUKAST NA + LEVOCETIRIZINE HCL) TAB 10MG/5MG,35.0,808.0,-83.45,0.6000000000000001,0.07420232500618354,-10.327970297029704,58.33323611127314
RETAZIDINE (TRIMETAZIDINE) 35MG,35.0,298.56,164.51,0.6000000000000001,0.20056157240272765,55.10115219721329,58.33323611127314
BELCETRA (PARACETAMOL/TRAMADOL) 325/37.5MG TAB,69.0,1462.8,186.3,1.2000000000000002,0.0819672131147541,12.735849056603774,57.49995208337326
GOUTER (COLCHICINE) 500MG TAB,46.0,165.6,20.7,0.8,0.4807692307692308,12.5,57.49992812508984
ITORVAZ 20 (ATORVASTATIN) 20MG FC TAB,103.0,1164.08,82.58,1.8,0.15438981713383884,7.094014157102604,57.22219043211643
MONTRA (ISOSORBIDE-5-MONONITRATE) 30MG CAP,34.0,500.75,-62.97,0.6000000000000001,0.11967687244440013,-12.57513729405891,56.66657222237962
ANTAXID (PANTAPRAZOLE) 40MG TAB,22.0,668.8,68.2,0.4,0.05977286312014346,10.197368421052634,54.99986250034375
OSCIVIT (CALCIUM CARBONATE + VIT D3,22.0,86.24000000000001,43.34,0.4,0.46168051708217905,50.255102040816325,54.99986250034375
OFPLEMED FORTE (VITEX NEGUNDO L LAGUNDI LEAF) 600MG TAB,11.0,54.21,23.96,0.2,0.3675794890645102,44.19848736395499,54.99972500137499
GLYXAMBI FC (EMPAGLIFLOZIN + LINAGLIPTIN) 10MG/5MG TAB,87.0,6751.2,-696.98,1.6,0.023693875133278048,-10.3237942884228,54.37496601564624
MOLEAIR (MONTE+LEVO)10MG/5MG TAB,27.0,327.0,327.0,0.5,0.15267175572519084,100.0,53.99989200021599
Retavacyl (Co-Amoxiclav) 625mg tab,42.0,907.2,907.2,0.8,0.0881057268722467,100.0,52.49993437508203
AUGMENTIN (CO-AMOXICLAV) 1G,21.0,1491.0,1491.0,0.4,0.026820437173125926,100.0,52.499868750328126
FUNXION (PREGABALIN) 75MG CAP,31.0,996.78,-236.49,0.6000000000000001,0.06015761294591831,-23.725395774393547,51.66658055569906
ZYKAST TAB 10MG/5MG,31.0,861.8,64.17,0.6000000000000001,0.06957328385899815,7.446043165467627,51.66658055569906
NEUROZ (PREGABALIN) 75MG CAP,103.0,1167.52,240.52,2.0,0.17101032902387306,20.600931889817733,51.49997425001287
RM ATORVASTATIN 20MG TAB,61.0,732.9,-46.0,1.2000000000000002,0.16346546791990194,-6.2764360758630104,50.83329097225752
GOCLAV-625MG (CO-AMOXICLAV,71.0,1136.0,1136.0,1.4000000000000001,0.12308774397749253,100.0,50.71424948982179
ICOX (CELCOXIB) 200MG CAP,70.0,1245.32,-157.02,1.4000000000000001,0.11229466119096511,-12.608807374811295,49.99996428573979
PREDU-XL (TRIMETAZIDINE) 35MG MR TAB,60.0,408.0,276.0,1.2000000000000002,0.2932551319648094,67.64705882352942,49.99995833336805
DOXOFIX (DOXOFYLLINE) 400MG TAB,50.0,832.88,-178.62,1.0,0.11992133160646616,-21.44606666026318,49.999950000050006
DERPSON (PREDNISONE) 5MG TAB,40.0,75.68,55.68,0.8,1.0460251046025104,73.57293868921775,49.99993750007812
GLIMESYN (GLIMEPIRIDE) 2MG TAB,30.0,276.0,66.0,0.6000000000000001,0.21691973969631237,23.91304347826087,49.99991666680555
PROLIX (PREDNISONE) 20MG TAB,30.0,192.0,-15.0,0.6000000000000001,0.31152647975077885,-7.8125,49.99991666680555
XANTHONE PLUS CAP,30.0,312.4,-38.6,0.6000000000000001,0.1916932907348243,-12.355953905249681,49.99991666680555
I-MAX (METFORMIN) 500MG TAB,30.0,150.0,-4.199999999999999,0.6000000000000001,0.3984063745019921,-2.7999999999999994,49.99991666680555
COXBITOR-200 (CELECOXIB) 200 CAP,30.0,624.0,30.0,0.6000000000000001,0.09606147934678194,4.807692307692308,49.99991666680555
ZANIDIP TAB 20MG,20.0,664.0,-41.4,0.4,0.06020469596628538,-6.234939759036144,49.9998750003125
CETIRILIFE (CETIRIZINE) 10MG TAB,20.0,45.44,45.44,0.4,0.8726003490401398,100.0,49.9998750003125
GENTAM (GENTAMICIN) 80MG/2ML (40MG/ML) 2ML AMP,20.0,448.0,368.0,0.4,0.08920606601248886,82.14285714285714,49.9998750003125
LASIX (FUROSEMIDE) 40MG TAB,20.0,424.0,-52.0,0.4,0.09425070688030161,-12.264150943396226,49.9998750003125
HIDRASEC 100MG CAP,20.0,734.78,-139.04000000000002,0.4,0.054408444190538384,-18.922670731375383,49.9998750003125
ACETIMAX 600MG TAB,10.0,208.0,-22.0,0.2,0.09606147934678194,-10.576923076923077,49.99975000124999
RISEK (OMEPRAZOLE) 40MG CAP 14,10.0,404.0,-5.1,0.2,0.04948045522018803,-1.2623762376237624,49.99975000124999
REVICON FORTE TAB,10.0,48.8,-3.1,0.2,0.40816326530612246,-6.352459016393443,49.99975000124999
APCIRON (MULTIVITAMINS + IRON + BUCLIZINE) CAP,10.0,71.44,41.44,0.2,0.27917364600781686,58.006718924972,49.99975000124999
APPENTANYX (BUCLIZINE HCL+B-COMPLEX+IRON) CAP,10.0,42.88,14.88,0.2,0.4642525533890436,34.701492537313435,49.99975000124999
GENTACARE (GENTAMICIN) 80MG/2ML (40MG/ML) I.M./I.V.,10.0,200.0,143.0,0.2,0.09990009990009992,71.5,49.99975000124999
IBERET FOLIC (MULTIVITAMINS + IRON) TAB,10.0,196.4,-49.63,0.2,0.10172939979654122,-25.269857433808557,49.99975000124999
TROMBOCIL (CILOSTAZOL) 50MG,10.0,216.08,-50.62,0.2,0.0924727205474385,-23.4265087004813,49.99975000124999
HYDRITE GRANULES (ORAL REHYDRATION SALTS) APPLE SAC,10.0,150.24,-6.22,0.2,0.1329433661260303,-4.140042598509052,49.99975000124999
DULCOLAX (BISACODYL) 5MG SUPP INFANT,10.0,478.0,-65.66,0.2,0.04182350480970306,-13.736401673640167,49.99975000124999
BIOFLU (PENYLEPHINE + CHLORPHENAMINE + PARACETAMOL) TAB,10.0,64.0,-7.32,0.2,0.3115264797507788,-11.4375,49.99975000124999
TRAMAL (TRAMADOL) 50MG CAP,10.0,366.08,-48.72,0.2,0.05460303592879765,-13.308566433566435,49.99975000124999
EPERISONE HCL (PERISPA) 50MG,10.0,176.0,-178.2,0.2,0.1135073779795687,-101.25,49.99975000124999
BACIFLORA PROBIOTIC DIETARY SUPP 5ML,10.0,228.56,-24.84,0.2,0.08742787200559539,-10.868043402170107,49.99975000124999
VENTOLIN (SALBUTAMOL) NEBULES 2.5MG/2.5ML 20&#039;,10.0,308.96,-84.18,0.2,0.06469142191745375,-27.246245468669088,49.99975000124999
HAEMOREX (TRANEXAMIC ACID) 500MG CAP,10.0,94.64,50.94,0.2,0.21088148460565162,53.82502113271344,49.99975000124999
TAMPLUS CAP 200MCG/5MG,10.0,360.0,-31.59,0.2,0.055524708495280406,-8.774999999999999,49.99975000124999
ECTRIN (ERDOSTEINE)300 MG CAP,10.0,210.72,-15.18,0.2,0.09482268158543525,-7.203872437357631,49.99975000124999
FENOFLEX 160MG,10.0,336.0,-40.7,0.2,0.0594883997620464,-12.113095238095239,49.99975000124999
QUANIL (CITICOLINE) 500MG TAB 30&#039;S,10.0,380.0,230.0,0.2,0.05260389268805893,60.526315789473685,49.99975000124999
FLAMACOX 200MG CAP,10.0,202.0,-50.5,0.2,0.09891196834817015,-25.0,49.99975000124999
PROPAN W/. IRON (BUCLIZINE HCL + MULTIVITAMINS + MINERALS) CAP,10.0,212.0,-27.9,0.2,0.09425070688030161,-13.160377358490566,49.99975000124999
GLUBITOR OD 30MG TAB,10.0,94.08,2.38,0.2,0.21213406873143828,2.5297619047619047,49.99975000124999
VERTISAPH (BETAHISTINE DIHYDROCHLORIDE) 16MG TAB,10.0,58.0,29.5,0.2,0.3436426116838488,50.86206896551724,49.99975000124999
MAXIVENT 400MG TAB,10.0,192.0,-2.8,0.2,0.10405827263267431,-1.4583333333333333,49.99975000124999
MYMET (METFORMIN) 500MG TAB,10.0,20.0,16.0,0.2,0.9900990099009901,80.0,49.99975000124999
ZENITH (AZITHROMYCIN) 500MG TAB,10.0,1073.2,-292.18,0.2,0.018632383081796162,-27.22512113306001,49.99975000124999
AMECIRON (FERROUS + FOLIC) TAB,10.0,20.0,12.5,0.2,0.9900990099009901,62.5,49.99975000124999
ALDOMET 250MG TAB,10.0,178.32,-15.44,0.2,0.11203226529240423,-8.658591296545536,49.99975000124999
SAPHROXOL (AMBROXOL HCI) 75MG CAP,10.0,80.8,40.92,0.2,0.24691358024691357,50.64356435643565,49.99975000124999
TASCIT 15MEQ (POTASSIUM CITRATE,10.0,207.12,-52.08,0.2,0.09646922631680495,-25.144843568945536,49.99975000124999
DULCOLAX (BISACODYL) TAB,10.0,184.0,-20.98,0.2,0.10857763300760044,-11.402173913043478,49.99975000124999
NEOBLOC (METOPROLOL TARTRATE) 100MG TAB,10.0,60.0,-1.9,0.2,0.33222591362126247,-3.166666666666666,49.99975000124999
CLONIPRESS (CLONIDINE HCI) 75MCG TAB,10.0,182.0,-26.82,0.2,0.10976948408342481,-14.736263736263735,49.99975000124999
AMVASC BE TAB 10MG,10.0,282.0,-6.8,0.2,0.07087172218284904,-2.4113475177304964,49.99975000124999
AMOCLAV (CO-AMOXICLAV)625MG TAB,10.0,416.0,-76.7,0.2,0.04805382027871216,-18.4375,49.99975000124999
VIGOR ACE (MULTIVITAMINS + ZINC + SELENIUM + LECITHIN) CAP,10.0,147.12,-39.24,0.2,0.1357588922074396,-26.672104404567698,49.99975000124999
AMLOPIGEN 5MG (AMLODIPINE BESILATE,10.0,14.32,11.82,0.2,1.3774104683195594,82.54189944134079,49.99975000124999
CEFUCLAV (CEFUROXIME AXETIL + CLAVULANATE POTASSIUM) 500MG/125MG FC TAB,10.0,744.0,-98.0,0.2,0.026874496103198062,-13.172043010752688,49.99975000124999
NORVASC (AMLODIPINE BESYLATE) 10MG TAB,10.0,300.0,-36.4,0.2,0.06662225183211193,-12.133333333333333,49.99975000124999
ROVISTA TAB 5MG,10.0,192.0,1.1,0.2,0.10405827263267431,0.5729166666666667,49.99975000124999
PANTOVIC (PANTOPRAZOLE) 40MG EC TAB,10.0,232.0,7.0,0.2,0.08613264427217916,3.0172413793103448,49.99975000124999
ENERVON TAB FOIL 1,10.0,58.0,-5.03,0.2,0.3436426116838488,-8.672413793103448,49.99975000124999
KENZAR (LOSARTAN POTASSIUM) 100MG FC TAB,10.0,126.0,6.44,0.2,0.15847860538827258,5.111111111111112,49.99975000124999
PHILSTAT (SIMVASTATIN) 20MG FILM COATED TAB,10.0,28.0,21.0,0.2,0.7092198581560284,75.0,49.99975000124999
NOPHLEGM (ACETYLCYSTEINE) 600MG POWDER ORAL SOLUTION,10.0,178.56,178.56,0.2,0.11188185276348177,100.0,49.99975000124999
BUTICOD (BUTAMIRATE) 50MG TAB,10.0,121.44,52.44,0.2,0.1644195988161789,43.18181818181818,49.99975000124999
KIRKLAND FISH OIL,10.0,32.0,9.5,0.2,0.6211180124223602,29.6875,49.99975000124999
SAPHETOR (ETORICOXIB) 120MG FC TAB,10.0,214.32,121.02,0.2,0.09323140033563306,56.466965285554316,49.99975000124999
NUROPAT (ALPHA LIPOIC ACID + BENFOTIAMINE + PYRIDOXINE HCL + INOSITOL + LUTEIN + FOLIC ACID + ZEAXAN,10.0,369.6,-15.4,0.2,0.05408328826392645,-4.166666666666666,49.99975000124999
SENOKOT FORTE TAB 17.54MG,10.0,176.0,-19.4,0.2,0.1135073779795687,-11.022727272727272,49.99975000124999
SINUPRET FORTE DRAGEES,10.0,83.92,-21.08,0.2,0.23775558725630053,-25.119161105815056,49.99975000124999
STABETA 40 (PROPRANOLOL HCI) 40 MG TAB,5.0,26.1,21.1,0.1,0.38167938931297707,80.84291187739464,49.999500004999945
Retanyx (Cetirizine) 10mg tab,44.0,106.03999999999999,106.03999999999999,0.9,0.8415934168692725,100.0,48.88883456796159
PULMODUAL (IPRATROPIUM SALBUTAMOL) 500MCG/2.5MG 2.5ML NEBULE,39.0,1154.4,101.4,0.8,0.06925207756232687,8.783783783783784,48.74993906257617
ROVISTA (ROSUVASTATIN) 10MG TAB,39.0,811.2,-26.91,0.8,0.09852216748768475,-3.3173076923076925,48.74993906257617
MICARDIS (TELMISARTAN) 40MG TAB,39.0,928.2,-1.56,0.8,0.0861141011840689,-0.1680672268907563,48.74993906257617
INHIBITA (OMEPRAZOLE) 40MG EC TAB,58.0,423.79,214.98999999999998,1.2000000000000002,0.2823595849314102,50.73031454258005,48.33329305558912
DOLCET TAB 37.5/325MG,29.0,1340.96,-207.06,0.6000000000000001,0.04472405259548586,-15.441176470588236,48.33325277791203
RM CEFUROXIME 500MG TAB,29.0,1097.24,209.26,0.6000000000000001,0.054652772717335873,19.071488461959095,48.33325277791203
PANTO PLUS (PANTOPRAZOLE + DOMPERIDONE) 40MG/30MG TAB 30,29.0,1222.18,-187.49,0.6000000000000001,0.049068516004514305,-15.340620857811452,48.33325277791203
MYONAL (EPERISONE HYDROCHLORIDE) TAB,38.0,793.0600000000001,-108.67999999999999,0.8,0.10077343612223819,-13.703881169142306,47.49994062507422
TELDRA (TELMISARTAN) 80MG TAB,19.0,285.0,25.65,0.4,0.14015416958654522,9.0,47.49988125029687
BETZINE (BETAHISTINE HYDROCHLORIDE) 24MG TAB,19.0,570.0,422.17999999999995,0.4,0.07012622720897617,74.06666666666666,47.49988125029687
VASTAREL MR (TRIMETAZIDINE) 35MG TAB,19.0,441.09999999999997,-115.41000000000001,0.4,0.09060022650056626,-26.164135116753574,47.49988125029687
PRONERV (VITAMIN B COMPLEX) CAP,19.0,441.1,188.78,0.4,0.09060022650056625,42.797551575606434,47.49988125029687
BETTERVENT (SALBUTAMOL) 1MG/ML (2.5MG/2.5ML) SOL&#039;N,83.0,1005.69,576.86,1.75,0.17370761534185658,57.3596237409142,47.4285443265461
RETADILOL (CARVEDILOL) 6.25MG TAB,94.0,503.84000000000003,253.8,2.0,0.39538193895302864,50.373134328358205,46.99997650001175
AUGMENTIN 625MG TAB,28.0,1187.2,-258.46000000000004,0.6000000000000001,0.05051355447044958,-21.7705525606469,46.666588889018506
BETZINE (BETAHISTINE HYDROCHLORIDE) 16MG TAB,14.0,123.19,56.69,0.30000000000000004,0.2429346505789943,46.01834564493871,46.666511111629625
MEDIFORTAN-AS (MULTIVITAMINS + BUCLIZINE HCI ) CAP,37.0,697.08,-29.12,0.8,0.11463288817561759,-4.177425833476789,46.24994218757226
ESSENTIALE FORTE (PHOSPHOLIPIDS) CAP,30.0,847.88,-88.82,0.65,0.07660306647967663,-10.475538991366703,46.15377514803823
NITROFIX SR (ISOSORBIDE MONONITRATE) 30MG TAB,27.0,276.48,138.78,0.6000000000000001,0.21654395842356,50.1953125,44.99992500012499
ALGESIA (PARACETAMOL + TRAMADOL) 37.5/325 MG TAB,27.0,1054.75,-253.07,0.6000000000000001,0.056853176671246515,-23.993363356245556,44.99992500012499
CONZACE (MULTIVITAMINS + MINERAL) CAP,9.0,85.18,-21.92,0.2,0.23424689622862496,-25.733740314627845,44.999775001124995
DOLOWIN PLUS (ACECLOFENAC + PARACETAMOL)100MG/500MG,9.0,261.0,63.0,0.2,0.0765696784073507,24.137931034482758,44.999775001124995
DIFFLAM LOZENGES (BENZYDAMINE HYDROCHLORIDE) 3MG,9.0,225.0,-15.67,0.2,0.08880994671403199,-6.964444444444444,44.999775001124995
DUAVENT P-NEB 500MCG (IPRATROPRIUM + SALBUTAMOL,9.0,327.6,-47.59,0.2,0.06101281269066504,-14.526862026862029,44.999775001124995
GLUBITOR OD 30MG,9.0,66.6,-9.0,0.2,0.29940119760479045,-13.513513513513514,44.999775001124995
LEVOCIN (LEVOFLOXACIN) 500MG TAB,11.0,613.8199999999999,-95.13,0.25,0.040711970947937534,-15.498028738066536,43.999824000704
NORVASC (AMLODIPINE BESYLATE) 5MG TAB,11.0,202.94,-16.66,0.25,0.12303755106058369,-8.209322952596827,43.999824000704
TERGECEF (CEFIXIME) 200MG CAP,26.0,3340.96,-92.3,0.6000000000000001,0.017955685368510516,-2.762678990469805,43.33326111123147
ATENURIX FCT 80MG,26.0,634.4000000000001,-36.400000000000006,0.6000000000000001,0.09448818897637795,-5.737704918032787,43.33326111123147
HISTAZYN (DIPHENHYDRAMINE) 50MG CAP,13.0,34.41,25.400000000000002,0.30000000000000004,0.8643042350907522,73.81575123510609,43.33318888937037
RM CETIRIZINE DIHYDROCHLORIDE 10MG TAB,13.0,163.18,0.9400000000000004,0.30000000000000004,0.18350868607780768,0.5760509866405199,43.33318888937037
CELENOVA (CELECOXIB) 200MG CAP,81.0,421.24,149.08,1.9000000000000001,0.44902396369995745,35.390751115753496,42.631556509707096
LANOXIN (DIGOXIN) TAB 0.25MG,17.0,78.02,-8.0,0.4,0.510073960724305,-10.253781081773905,42.49989375026563
RM MEFENAMIC ACID 500MG TAB,17.0,80.22,17.23,0.4,0.49615480029769293,21.478434305659437,42.49989375026563
ENTRESTO (SACUBITRIL-VALSARTAN) 50MG TAB,25.0,3150.0,-238.5,0.6000000000000001,0.01904399162064369,-7.571428571428572,41.666597222337955
FLUIMUCIL (ACETYLCYTEINE) 600MG TAB,74.0,2334.3,-36.19,1.8,0.07705149608321561,-1.5503577089491494,41.111088271617625
TRAJENTA (LINAGLIPTIN) 5MG TAB,144.0,5774.88,-683.3100000000001,3.6,0.06230012044689953,-11.832453661374782,39.99998888889197
FOLINOVA (FOLIC ACID) 5MG TAB,40.0,80.0,39.71,1.0,1.2345679012345678,49.6375,39.999960000040005
CALCIUMADE TAB,40.0,342.56,-32.64,1.0,0.2910699732215625,-9.528257823446989,39.999960000040005
RM CEFIXIME 200MG,24.0,1728.0,43.2,0.6000000000000001,0.034710170079833395,2.5,39.99993333344444
MUCOTUSS FORTE (PHENYLPROPANOLAMINE HCL + CHLORPHENIRAMINE MALEATE + PARACETAMOL + DEXTROMETHORPHAN,16.0,77.76,-17.919999999999998,0.4,0.5117707267144319,-23.04526748971193,39.99990000025
DOXOFIX ( DOXOFYLLINE) 400MG TAB,16.0,310.4,-35.68,0.4,0.12870012870012873,-11.494845360824742,39.99990000025
PLETAXOL (CILOSTAZOL) 50MG TAB,16.0,166.4,11.68,0.4,0.2398081534772182,7.019230769230769,39.99990000025
RM CEFUROXIME 500MG,8.0,302.4,-26.76,0.2,0.06609385327164574,-8.849206349206352,39.99980000099999
CELCOXX CAP 200MG,8.0,200.0,-4.56,0.2,0.09990009990009992,-2.28,39.99980000099999
JANUVIA (SITAGLIPTIN) 100MG TAB,8.0,396.8,36.16,0.2,0.05037783375314861,9.11290322580645,39.99980000099999
MORIAMIN FORTE (VITAMINS + MINERALS) CAP,8.0,82.62,-13.78,0.2,0.24148756339048538,-16.678770273541513,39.99980000099999
APTRADOL (TRAMADOL HYDROCHLORIDE) 50MG CAP,8.0,64.0,43.6,0.2,0.3115264797507788,68.125,39.99980000099999
FORXIGA 10MG,8.0,281.6,22.4,0.2,0.07097232079488999,7.954545454545453,39.99980000099999
CLOXYL (CLOXACILLIN) 500MG CAP,4.0,28.8,20.6,0.1,0.34602076124567477,71.52777777777779,39.99960000399996
TRIMEBET (TRIMETAZIDINE) 35G TAB,219.0,1489.2,757.74,5.6000000000000005,0.3746320578003747,50.882352941176464,39.10713587372573
X-PLENDED (ROSUVASTATIN) 10MG TAB,31.0,235.6,102.3,0.8,0.3384094754653131,43.42105263157895,38.74995156256054
GLYXAMBI FC (EMPAGLIFLOZIN + LINAGLIPTIN) 25MG/5MG TAB,31.0,2348.4,-258.04,0.8,0.034054146092286734,-10.987906659853518,38.74995156256054
CALIPTROL (ATORVASTATIN) 40MG,257.0,1355.9,726.25,6.7,0.49170703067664756,53.56220960247805,38.35820323011892
ZANIDIP (LERCANIDIPINE) 10MG TAB,38.0,980.4,23.07,1.0,0.10189525168127166,2.3531211750305996,37.999962000038
CLONISAPH (CLONIDINE) 150MCG TAB,15.0,100.68,52.67999999999999,0.4,0.3957261574990107,52.324195470798564,37.499906250234375
ZUNAMYN (SULTAMICILLIN) 750MG TAB,15.0,724.3199999999999,334.32,0.4,0.055193729992272886,46.156394963552025,37.499906250234375
GAUZE PAD 4x4 STERILE (PARTNERS,15.0,61.199999999999996,32.25,0.4,0.6493506493506495,52.69607843137255,37.499906250234375
ALLERKAST (MONTELUKAST/LEVOCETIRIZINE) 10MG/5MG TAB,15.0,396.0,-0.15000000000000002,0.4,0.10090817356205853,-0.03787878787878789,37.499906250234375
JANUMET (SITAGLIPTIN + METFORMIN) 50MG/500MG TAB,15.0,334.79999999999995,-40.95,0.4,0.11933174224343678,-12.231182795698928,37.499906250234375
HIVENT PLUS (SALBUTAMOL+IPRATROPIUM BROMIDE) 2.5MG+500MCG/2.5ML AMP,15.0,372.0,189.5,0.4,0.10741138560687435,50.94086021505376,37.499906250234375
DUODART (DUTASTERIDE TAMSULOSIN HCL) 500/400MCGCAP,15.0,1014.0,-107.82,0.4,0.039432176656151424,-10.633136094674555,37.499906250234375
CLARIGET (CLARITHROMYCIN) 500MGTAB,15.0,702.0,29.1,0.4,0.056947608200455586,4.145299145299146,37.499906250234375
BRELVASTIN (ATORVASTATIN) 20MG,15.0,42.0,24.0,0.4,0.9433962264150945,57.14285714285714,37.499906250234375
INVAFLOZIN (DAPAGLIFLOZIN) 10MG TAB,15.0,420.0,420.0,0.4,0.09514747859181732,100.0,37.499906250234375
TAMSOLIN (TAMSULOSIN) 400MCG TAB,15.0,453.0,-51.599999999999994,0.4,0.0882223202470225,-11.390728476821192,37.499906250234375
PANZO-D (PANTOPRAZOLE + DOMPERIDONE) 40mg/30mg,15.0,360.0,360.0,0.4,0.1109877913429523,100.0,37.499906250234375
CONCORE(BISOPROLOL FUMARATE) 5MG TAB,15.0,372.0,-51.900000000000006,0.4,0.10741138560687435,-13.951612903225808,37.499906250234375
CLOVIX (CLOPIDOGREL) 75MG FC TAB,15.0,285.0,13.16,0.4,0.14015416958654522,4.617543859649123,37.499906250234375
SYMDEX D TAB,26.0,74.55,12.57,0.7000000000000001,0.9302325581395351,16.861167002012074,37.14280408170845
CLODIN (CLONIDINE) 75MCG TAB,37.0,310.8,180.25,1.0,0.32071840923669015,57.9954954954955,36.999963000037006
RELAXSAPH (IPRATROPIUM BROMIDE + SALBUTAMOL SULFATE) 200MCG/1MG PER ML 2.5ML AMP,37.0,859.16,519.87,1.0,0.11625744047619048,60.50910191349691,36.999963000037006
ARCOXIA (ETORICOXIB) 120MG TAB,37.0,2209.56,-554.9,1.0,0.04523740590619572,-25.113597277285976,36.999963000037006
MYONAL TAB,37.0,850.4,-27.61,1.0,0.11745360582569886,-3.2467074317968017,36.999963000037006
VERTEX (CINNARIZINE) 25MG TAB,22.0,28.48,13.379999999999999,0.6000000000000001,2.0632737276478683,46.98033707865168,36.6666055556574
CETADOL (PARACETAMOL + TRAMADOL HCL) 325MG/37.5MG FC TAB,22.0,426.8,18.7,0.6000000000000001,0.1403837154890033,4.381443298969072,36.6666055556574
FLUIMUCIL 600MG TAB,51.0,1754.4,-23.46,1.4000000000000001,0.07973573299920264,-1.3372093023255813,36.42854540818185
BIOXAL (SALBUTAMOL) 2MG TAB,25.0,29.47,25.03,0.7000000000000001,2.3201856148491884,84.93383101459112,35.71423469395043
XOPRAZOLE PLUS (OMEPRAZOLE) 40MG CAP 70,35.0,196.0,81.19999999999999,1.0,0.5076142131979695,41.42857142857142,34.999965000035004
AEORAN (BUDESONIDE) 250MCG/ML AMP,21.0,814.8,512.4,0.6000000000000001,0.07358351729212657,62.88659793814433,34.99994166676388
ZISTAM-A (AMBROXOL HCL + LEVOCETIRIZINE HCL) 75MG/5MG CAP,14.0,371.0,-5.94,0.4,0.10770059235325796,-1.601078167115903,34.99991250021875
REVENTA 70MG TAB,14.0,2551.6,-488.23999999999995,0.4,0.015673981191222573,-19.13466060511052,34.99991250021875
LEVONOVA (LEVOFLOXACIN) 500MG FC TAB,14.0,117.6,77.56,0.4,0.33898305084745767,65.95238095238096,34.99991250021875
GASTIIN (MOSAPRIDE CITRATE) 15MG,7.0,431.2,-58.8,0.2,0.04636068613815485,-13.636363636363635,34.99982500087499
DRENEX 3MG TAB,7.0,169.4,-8.59,0.2,0.11792452830188681,-5.070838252656435,34.99982500087499
STELIX ( MONTELUKAST + LEVOCETIRIZINE DIHYDROCHLORIDE) 10MG/5MG,7.0,170.8,170.8,0.2,0.11695906432748539,100.0,34.99982500087499
FLOXANOVA-500 (LEVOFLOXACIN) 500MG FC TAB,7.0,58.8,38.78,0.2,0.33898305084745767,65.95238095238096,34.99982500087499
KLARITHIX (CLARITHROMYCIN) 500MG FCT,7.0,173.6,101.29,0.2,0.11507479861910244,58.34677419354839,34.99982500087499
DUAVENT (SALBUTAMOL/IPRATROPIUM) 500MCG NEBULE,7.0,256.2,-35.63,0.2,0.07800312012480501,-13.907103825136613,34.99982500087499
NAXCIL-600 (ACETYLCYSTEINE) 600MG POWDER,7.0,124.99,-18.51,0.2,0.1597571691029635,-14.809184734778785,34.99982500087499
K-CAB (TEGOPRAZAN) 50MG FC TAB,7.0,708.4,-96.6,0.2,0.028224668360146768,-13.636363636363635,34.99982500087499
LEGREAT (LEVOFLOXACIN) 500MG FC TAB,7.0,79.52,39.83,0.2,0.25087807325639744,50.08802816901409,34.99982500087499
Moxetero (Moxifloxacin) 400mg tablet,7.0,1176.0,1176.0,0.2,0.017003910899506886,100.0,34.99982500087499
Dapavid (Dapaglifozin) 10mg FCT,7.0,212.8,212.8,0.2,0.09389671361502348,100.0,34.99982500087499
TELMIRIN 40 (TELMISARTAN) 40MG TAB,7.0,89.6,0.51,0.2,0.22271714922049002,0.5691964285714286,34.99982500087499
DALACIN C CAP 300MG,7.0,616.0,-16.59,0.2,0.03245699448231094,-2.6931818181818183,34.99982500087499
APROVASC 300MG/10MG TAB,7.0,289.8,-39.69,0.2,0.06896551724137931,-13.695652173913043,34.99982500087499
XIGDUO XR 10/1000MG TABLET,7.0,382.2,-54.11,0.2,0.05230125523012553,-14.157509157509157,34.99982500087499
FEBUDAY-40 (FEBUXOSTAT) 40MG TAB,272.0,3731.68,714.24,8.0,0.21392204680614385,19.139904814989496,33.99999575000054
AMVASC BE (AMLODIPINE) 5MG TAB,37.0,648.13,-80.27,1.1,0.16943148036905256,-12.384861061824017,33.636333057879035
SANIX (CEFIXIME) 200MG TAB,67.0,710.8,409.3,2.0,0.28058361391694725,57.58300506471582,33.49998325000837
NEBIL 5MG (NEBIVOLOL) TAB,20.0,336.0,38.4,0.6000000000000001,0.17825311942959002,11.428571428571429,33.333277777870364
ATORVAST-NATRAPHARM (ATORVASTATIN) 80MG,20.0,421.44,-95.56,0.6000000000000001,0.1421666192777936,-22.67463933181473,33.333277777870364
CARESS UNDERPADS XL8,5.0,796.82,35.120000000000005,0.15000000000000002,0.018821285619283035,4.407519891568986,33.333111112592576
GLUCERNA VANILLA 900G,5.0,10539.3,405.17,0.15000000000000002,0.0014232241720393383,3.8443729659465053,33.333111112592576
EXFLEM (ACETYLCYSTEINE) 600MG SACH,33.0,1174.8,-44.88,1.0,0.08504847763225039,-3.8202247191011236,32.999967000033
FOLIZ (FOLIC ACID) 5MG CAP,39.0,84.48,50.16,1.2000000000000002,1.400560224089636,59.374999999999986,32.49997291668923
PHILCET (LEVOCETIRIZINE) 5MG TAB,13.0,182.0,13.649999999999999,0.4,0.21929824561403508,7.5,32.49991875020312
RM ATORVASTATIN 40MG TAB,32.0,582.4,582.4,1.0,0.17140898183064793,100.0,31.999968000032002
ALGESIA 37.5/325 MG TAB,25.0,1180.0,600.75,0.8,0.06775067750677508,50.91101694915254,31.249960937548824
CLINDANOVA (CLINDAMYCIN) 300MG CAP,12.0,136.8,136.8,0.4,0.2915451895043732,100.0,29.9999250001875
METCORT (METHYLPREDNISOLONE) 16MG TAB,12.0,369.6,-48.480000000000004,0.4,0.10810810810810811,-13.116883116883118,29.9999250001875
LANOXIN TAB 0.25MG,12.0,57.6,-3.12,0.4,0.6896551724137931,-5.416666666666667,29.9999250001875
GETRYL (GLIMEPIRIDE) 2MG TAB,12.0,172.8,-5.640000000000001,0.4,0.23094688221709006,-3.2638888888888893,29.9999250001875
ROSUFEN (FENOFIBRATE + ROSUVASTATIN CA) 160/10MG TAB,12.0,254.4,-28.849999999999998,0.4,0.15698587127158556,-11.340408805031446,29.9999250001875
DISOLF (DLBS1033 LUMBRICUS RUBELLUS) 490MG,12.0,552.96,24.96,0.4,0.07228567297961544,4.513888888888888,29.9999250001875
DUO-GESIC (PARACETAMOL/TRAMADOL) 325MG/37.5MG TAB,6.0,25.2,19.2,0.2,0.7874015748031498,76.19047619047619,29.999850000749994
CIPRODIN-FC (CIPROFLOXACIN) 500MG TAB,6.0,19.2,9.9,0.2,1.0309278350515465,51.5625,29.999850000749994
CEFUCLAV 500MG/125MG FC TAB,6.0,446.4,-58.8,0.2,0.04478280340349306,-13.172043010752688,29.999850000749994
CARVID TAB 25MG,6.0,100.8,-10.32,0.2,0.19801980198019803,-10.238095238095239,29.999850000749994
NUVERT (BETAHISTINE HCL) 16MG FC TAB,6.0,90.0,-6.6,0.2,0.22172949002217296,-7.333333333333333,29.999850000749994
AMPIMAX (SULTAMICILLIN TOSILATE) 750MG TAB,6.0,474.0,-64.62,0.2,0.04217629692113033,-13.632911392405065,29.999850000749994
ALNIX 10MG TAB,6.0,146.4,13.02,0.2,0.13642564802182813,8.893442622950818,29.999850000749994
AMVASC BE TAB 5MG,6.0,102.0,-16.75,0.2,0.19569471624266144,-16.42156862745098,29.999850000749994
HEMOSTAN (TRANEXAMIC ACID) 500MG CAP,6.0,214.8,-28.32,0.2,0.09302325581395349,-13.184357541899441,29.999850000749994
BIOFLU TAB,6.0,43.2,-2.46,0.2,0.4608294930875576,-5.694444444444444,29.999850000749994
SUPRAPHIL (CEFIXIME) 200MG TAB,6.0,64.27,35.17,0.2,0.31022180859314413,54.72226544266376,29.999850000749994
PROLIX TAB 20MG,6.0,38.4,-3.0,0.2,0.5181347150259068,-7.8125,29.999850000749994
PARTNERS DRAINAGE BAG 2000ML,6.0,192.86,192.86,0.2,0.10359473738734072,100.0,29.999850000749994
EUTHYROX TAB 50MCG,6.0,45.6,-5.94,0.2,0.43668122270742354,-13.026315789473685,29.999850000749994
CEASCOL (CARBOCISTEINE) 500MG CAP,3.0,13.5,10.74,0.1,0.7352941176470589,79.55555555555556,29.99970000299997
CARESS ADULT DIAPER M20+2,3.0,984.6800000000001,984.6800000000001,0.1,0.010154552285789719,100.0,29.99970000299997
ACETYPHIL (ACETYLCYSTEINE) 600MG SACHET,109.0,2115.36,916.36,3.8000000000000003,0.17931633288661544,43.319340443234246,28.68420297784132
QUANIL (CITICOLINE) 500MG TAB 30,34.0,1292.0,782.0,1.2000000000000002,0.09279307145066502,60.526315789473685,28.333309722241896
VIBEE TAB,17.0,194.22,-17.58,0.6000000000000001,0.3079765937788729,-9.051590979301821,28.33328611118981
SENOKOT FORTE (CALCIUM SENNOSIDES) 17.54MG TAB,17.0,299.2,0.020000000000000018,0.6000000000000001,0.20013342228152103,0.006684491978609632,28.33328611118981
MUCOPRIME (ACETYLCYSTEINE) 600Mg SACHET,17.0,496.4,3.06,0.6000000000000001,0.12072434607645877,0.6164383561643836,28.33328611118981
VERSANT-XR (FELODIPINE) 10MG TAB,50.0,1390.0,-112.5,1.8,0.1293289265699095,-8.093525179856115,27.777762345687588
XARTAN DUO (LOSARTAN POTASSIUM AMLODIPINE BESILATE) 50MG/5MG,11.0,176.8,-41.55,0.4,0.2257336343115124,-23.501131221719454,27.499931250171876
SAVERMOX 500MG CAP,11.0,33.14,14.879999999999999,0.4,1.1926058437686344,44.90042245021122,27.499931250171876
LIPITOR TAB 20MG,23.0,770.79,-35.5,0.8500000000000001,0.11015499455704733,-4.605664318426549,27.058791695539178
PHAREX VIT BCOMPLEX (VITAMIN B1 + B6 + B12,16.0,51.3,-10.459999999999999,0.6000000000000001,1.1560693641618498,-20.38986354775828,26.66662222229629
ROVISTA TAB 10MG,16.0,390.4,12.16,0.6000000000000001,0.15345268542199492,3.114754098360656,26.66662222229629
MONTRA 30MG CAP,132.0,2258.88,73.97000000000001,5.0,0.22085976288495857,3.27463167587477,26.399994720001054
FORXIGA (DAPAGLIFLOZIN) 10MG,374.0,12630.4,620.9000000000001,14.200000000000001,0.1123009031523338,4.915917152267546,26.338026314223498
LEUKOREX (MONTELUKAST SODIUM) 10MG FC TAB,21.0,111.6,52.8,0.8,0.7117437722419929,47.31182795698925,26.249967187541014
DUOMED (SALBU+IPRA) 2.5MG/500MCG/2.5ML,20.0,400.0,400.0,0.8,0.19960079840319364,100.0,24.99996875003906
VESTAR 35MG TAB,15.0,282.0,-22.799999999999997,0.6000000000000001,0.21231422505307856,-8.085106382978722,24.999958333402773
AGORAM (TRAMADOL) 50MG TAB,10.0,76.58,67.67999999999999,0.4,0.5196154845414394,88.3781666231392,24.99993750015625
BILAXTEN 20MG TAB,10.0,250.6,-12.370000000000001,0.4,0.1593625498007968,-4.936153232242618,24.99993750015625
CHOLIB (FENOFIBRATE + SIMVASTATIN) 145MG/20MG,10.0,548.0,-20.88,0.4,0.07293946024799418,-3.8102189781021893,24.99993750015625
AZIMED (AZITHROMYCIN) 500MG,10.0,360.0,360.0,0.4,0.1109877913429523,100.0,24.99993750015625
LASIX TAB 40MG,10.0,212.0,-26.0,0.4,0.18832391713747648,-12.264150943396226,24.99993750015625
VIRLIX 10MG TAB,5.0,126.0,-13.08,0.2,0.15847860538827258,-10.380952380952381,24.999875000624996
ISORDIL SUBL (ISOSORBIDE DINITRATE) 5MG TAB,5.0,92.6,-11.55,0.2,0.21551724137931033,-12.473002159827216,24.999875000624996
CANESTEN (CLOTRIMAZOLE) 5G,5.0,788.0,-88.81,0.2,0.025374270489723422,-11.27030456852792,24.999875000624996
DULCOLAX (BISACODYL) 10MG SUPP ADULT,5.0,256.0,-34.55,0.2,0.07806401249024202,-13.496093749999998,24.999875000624996
GLUBITOR OD (GLICLAZIDE) 30MG TAB,5.0,47.04,1.19,0.2,0.42337002540220153,2.5297619047619047,24.999875000624996
ARCOXIA (ETORICOXIB) 90MG TAB,5.0,234.64,-55.0,0.2,0.08516436722875151,-23.44016365496079,24.999875000624996
ALANERV 920MG CAP,5.0,357.0,-48.0,0.2,0.055991041433370664,-13.445378151260504,24.999875000624996
REVICON FORTE (MULTIVITAMINS + MINERALS + AMINO ACIDS) TAB,5.0,21.2,-1.16,0.2,0.9345794392523366,-5.471698113207546,24.999875000624996
BIXOCOT (ETORICOXIB) 120MG FCT,5.0,275.0,0.0,0.2,0.07267441860465117,0.0,24.999875000624996
BENADRYL AH (DIPHENHYDRAMINE) 25MG CAP,5.0,102.0,4.3,0.2,0.19569471624266144,4.215686274509803,24.999875000624996
RETAVENT (SALBUTAMOL) NEBULE,5.0,74.0,41.5,0.2,0.2695417789757413,56.08108108108109,24.999875000624996
VESSEL DUE-F 250 LSU SOFTGEL CAP,5.0,318.0,-35.75,0.2,0.06285355122564425,-11.242138364779874,24.999875000624996
CENTRAVIM TAB,5.0,56.0,10.4,0.2,0.3558718861209964,18.571428571428573,24.999875000624996
CATAPRES 150MCG TAB,5.0,206.0,-27.11,0.2,0.09699321047526674,-13.160194174757281,24.999875000624996
LIPWAY (FENOFIBRATE) 160MG TAB,5.0,154.0,-2.35,0.2,0.1297016861219196,-1.525974025974026,24.999875000624996
CARVID 6.25MG TAB,5.0,48.2,-10.3,0.2,0.4132231404958678,-21.369294605809127,24.999875000624996
DEHYDROSOL (ORS-75 REPLACEMENT) ORAL SOLUTION,5.0,21.44,9.44,0.2,0.9242144177449169,44.02985074626865,24.999875000624996
CO-ALEVA TAB 10MG/.5MG,5.0,117.84,-29.57,0.2,0.16943409013893596,-25.09334691106585,24.999875000624996
MONTI PLUS (MONTELUKAST + LEVOCITIRIZINE) 10/5MG TAB,5.0,106.0,-12.65,0.2,0.18832391713747648,-11.933962264150944,24.999875000624996
APROVASC 150MG/5MG TAB,5.0,146.0,4.2,0.2,0.13679890560875516,2.8767123287671232,24.999875000624996
MICARDIS 80MG TAB,5.0,208.0,1.64,0.2,0.09606147934678194,0.7884615384615384,24.999875000624996
CO-ALTRIA (MONTELUKAST SODIUM + LEVOCITIRIZINE DEHYDROCHLORIDE) 10MG/5MG TAB,5.0,109.0,-13.25,0.2,0.18315018315018314,-12.155963302752294,24.999875000624996
TELI 80 (TELMISARTAN) TAB,5.0,178.56,-21.44,0.2,0.11188185276348177,-12.007168458781363,24.999875000624996
CYSAPHTEINE (ACETYLCYSTEINE) 600MG SACH,5.0,84.0,31.5,0.2,0.23752969121140144,37.5,24.999875000624996
SPIRODEN (SPIRONOLACTONE) 25MG TAB,322.0,2990.66,1013.19,13.0,0.43280531085409135,33.87847498545472,24.769228863905475
BUDEXA (BUDESONIDE) 250MCG/ML RESP,14.0,580.05,230.05,0.6000000000000001,0.1033324722293981,39.66037410568055,23.333294444509253
ADVIL LIQUIGEL (IBUPROFEN) CAP,7.0,48.449999999999996,-5.239999999999999,0.30000000000000004,0.6153846153846155,-10.815273477812177,23.333255555814812
LORATAMED (LORATADINE) 10MG TAB 100&#039;S,7.0,20.79,13.09,0.30000000000000004,1.4224751066856332,62.96296296296296,23.333255555814812
OMNIVOX (LEVOFLOXACIN) 500MG TAB,9.0,356.4,47.7,0.4,0.11210762331838567,13.383838383838388,22.499943750140623
EMICOX (CELECOXIB) 400MG TAB 100,9.0,90.0,54.9,0.4,0.4424778761061947,61.0,22.499943750140623
CENTRUM SILVER ADVANCE TAB,9.0,102.6,-4.86,0.4,0.38834951456310685,-4.736842105263158,22.499943750140623
PRENISAPH-20 (PREDNISONE) TAB,9.0,44.55,28.8,0.4,0.8898776418242493,64.64646464646465,22.499943750140623
AEPOTIN ( EPOETIN ALFA ) 400IU/ML SOLUTION,17.0,7480.0,680.0,0.8,0.010694043417816277,9.090909090909092,21.2499734375332
CO-ALTRIA TAB 10MG/5MG,17.0,414.8,31.11,0.8,0.192492781520693,7.5,21.2499734375332
VONWELT PREDNISONE 10MG TAB,8.0,21.439999999999998,14.559999999999999,0.4,1.8315018315018319,67.91044776119402,19.999950000125
AZIPRIME (AZITHROMYCIN) 500MG,8.0,968.0,0.0,0.4,0.04130524576621231,0.0,19.999950000125
FOLIAGE (FOLIC ACID) 5MG CAP,8.0,76.8,25.52,0.4,0.5181347150259068,33.229166666666664,19.999950000125
KING MED DISPOSABLE SYRINGE 10CC,8.0,51.2,23.2,0.4,0.7751937984496124,45.31249999999999,19.999950000125
OFPLEMED (VITEX NEGUNDO L LAGUNDI LEAF) 300MG TAB,6.0,15.3,8.1,0.30000000000000004,1.9230769230769231,52.94117647058824,19.999933333555553
BAND AID PLASTIC STRIPS,6.0,12.5,4.78,0.30000000000000004,2.3437500000000004,38.24,19.999933333555553
CARESS ADULT DIAPER XL10,5.0,1302.06,-123.18999999999998,0.25,0.019196658245732585,-9.461161544014868,19.99992000032
KATHREX (COTRIMOXAZOLE) 960MG TAB,4.0,25.6,20.0,0.2,0.7751937984496124,78.125,19.999900000499995
RENO DIET-HP 32G,4.0,255.0,11.0,0.2,0.07836990595611286,4.313725490196078,19.999900000499995
SANGOBION IRON+ (MULTIVITAMINS + MINERALS) CAP,4.0,76.0,-9.0,0.2,0.26246719160104987,-11.842105263157894,19.999900000499995
DIACURE (LOPERAMIDE) 2MG CAP,4.0,9.6,8.32,0.2,2.0408163265306123,86.66666666666667,19.999900000499995
ZITHROMAX (AZITHROMYCIN) 500MG,4.0,452.13,-123.24,0.2,0.0442155063780868,-27.25764713688541,19.999900000499995
DEQUADIN LOZENGES (DEQUALINIUM CHLORIDE) ORANGE,4.0,17.6,-1.44,0.2,1.1235955056179776,-8.18181818181818,19.999900000499995
FUNXION 75MG CAP,4.0,141.31,-17.82,0.2,0.14133276800226133,-12.610572500176916,19.999900000499995
JANUMET (SITAGLIPTIN + METFORMIN) 50/1000MG TAB,4.0,90.4,-10.0,0.2,0.22075055187637968,-11.061946902654867,19.999900000499995
AZISAPH (AZITHROMYCIN) 500MG TAB,4.0,57.06999999999999,37.07,0.2,0.3492229788720098,64.95531803048888,19.999900000499995
MYRA E 400 CAP,4.0,41.6,-3.73,0.2,0.4784688995215311,-8.966346153846153,19.999900000499995
CORALAN 5MG,4.0,108.8,15.56,0.2,0.1834862385321101,14.301470588235295,19.999900000499995
TAXIM-O (CEFIXIME) 400MG TAB,4.0,454.27,-75.73,0.2,0.044007305212665306,-16.670702445682085,19.999900000499995
SAPHETOR 90 (ETORICOXIB) TAB,4.0,52.13,22.81,0.2,0.382189948404357,43.75599462881258,19.999900000499995
HO-MI SPECIAL CHICKEN FLAVOR 40G,2.0,40.18,1.48,0.1,0.24826216484607747,3.683424589347934,19.99980000199998
DUTCH MILL DELIGHT 100ML/5S,2.0,24.1,1.3,0.1,0.4132231404958678,5.394190871369294,19.99980000199998
MARTY&#039;S SALT & VINEGAR,2.0,19.28,19.28,0.1,0.5159958720330238,100.0,19.99980000199998
GLUCERNA VANILLA 400G,2.0,2344.6,180.32,0.1,0.0042649379451528985,7.690864113281583,19.99980000199998
ENSURE GOLD CHOCO 850G,1.0,2026.35,-26.71,0.05,0.0024674299249901306,-1.3181335899523776,19.999600007999838
ENSURE GOLD VANILLA 850G,1.0,2026.35,34.88,0.05,0.0024674299249901306,1.7213215880770845,19.999600007999838
ENSURE GOLD CHOCO 400G,1.0,999.64,43.22,0.05,0.005001550480649002,4.32355648033292,19.999600007999838
ENSURE GOLD VANILLA 800G,1.0,2026.35,2026.35,0.05,0.0024674299249901306,100.0,19.999600007999838
NUTRIDIAB VANILLA 900G,1.0,2611.55,566.01,0.05,0.0019145351508653697,21.67333575845762,19.999600007999838
CASINO FEMME 150ML,1.0,34.91,4.55,0.05,0.1430205949656751,13.033514752219997,19.999600007999838
SANICARE BATHROOM TISSUE 1&#039;S,1.0,17.58,2.42,0.05,0.2836074872376631,13.765642775881684,19.999600007999838
HYPANTS ADULT DIAPER XL 10s,1.0,321.58,13.86,0.05,0.015545813512421106,4.309969525468002,19.999600007999838
ENSURE GOLD VANILLA 400G,1.0,872.67,74.58,0.05,0.005729214410120085,8.546185843445976,19.999600007999838
HYPANTS ADULT DIAPER LARGE 10s,1.0,256.5,11.41,0.05,0.019489378288832584,4.448343079922027,19.999600007999838
INSUGET 70/30 INJECTION VIAL -VEX,1.0,383.04,83.04,0.05,0.013051763293220914,21.67919799498747,19.999600007999838
NEB KIT W/. MASK ADULT,1.0,61.75,21.57,0.05,0.08090614886731393,34.931174089068826,19.999600007999838
SOLMUX FORTE 60ML SUSP,1.0,128.25,5.19,0.05,0.03897116134060795,4.046783625730995,19.999600007999838
CLARIGET TAB 500MG,7.0,327.6,36.120000000000005,0.4,0.12195121951219512,11.025641025641027,17.499956250109374
AUGMENTIN (CO-AMOXICLAV) 625MG TAB,7.0,326.20000000000005,-4.48,0.4,0.1224739742804654,-1.3733905579399142,17.499956250109374
AMVASC BE (AMLODIPINE) TAB 10MG,6.0,179.09,-24.43,0.4,0.22285364087135776,-13.641185995868,14.99996250009375
AZITHVA (AZITHROMYCIN) 500MG TAB,6.0,524.59,-113.81,0.4,0.07619192746528505,-21.695038029699383,14.99996250009375
FOLEY CATH FR 18,6.0,192.87,12.870000000000001,0.4,0.2069643503906452,6.672888474101726,14.99996250009375
ENTRESTO (SACUBITRIL-VALSARTAN) 100MG TAB,3.0,360.0,-46.62,0.2,0.055524708495280406,-12.950000000000001,14.999925000374997
AZEMAX ( AZITHROMYCIN) 500MG,3.0,285.53,-33.4,0.2,0.06999615021173837,-11.697544916471124,14.999925000374997
GAVISCON DOUBLE ACTION SAC 10ML,3.0,97.8,-5.76,0.2,0.20408163265306123,-5.889570552147239,14.999925000374997
RM CEFALEXIN 500MG CAP,3.0,43.92,-3.44,0.2,0.45330915684496825,-7.832422586520947,14.999925000374997
ASFRENON-GF 1MG/50MG/5ML 120ML BOT,3.0,462.0,-4.68,0.2,0.04327131112072696,-1.0129870129870129,14.999925000374997
COUXIN (AMBROXOL HCI) 30MG TAB,3.0,4.3,2.86,0.2,4.444444444444445,66.51162790697674,14.999925000374997
SILGRAM 750MG,3.0,130.8,-4.83,0.2,0.15267175572519084,-3.692660550458715,14.999925000374997
MX3 CAP,3.0,43.2,-2.16,0.2,0.4608294930875576,-5.0,14.999925000374997
SILGRAM (SULTAMICILLIN) 750MG CAP,3.0,130.8,-4.83,0.2,0.15267175572519084,-3.692660550458715,14.999925000374997
DIFFLAM LOZENGES 3MG LOZ,3.0,84.6,-3.03,0.2,0.23584905660377362,-3.5815602836879434,14.999925000374997
CATAPRES (CLONIDINE HCL) 75MCG TAB,3.0,86.4,-2.7,0.2,0.23094688221709006,-3.125,14.999925000374997
NORGESIC FORTE TAB,3.0,82.49,-17.95,0.2,0.24186721489902044,-21.760213359195056,14.999925000374997
ISOPTIN (VERAPAMIL) 40MG TAB,3.0,93.0,-10.78,0.2,0.2145922746781116,-11.591397849462364,14.999925000374997
DOLCET (TRAMADOL HCI + PARACETAMOL) 37.5/325MG TAB,3.0,123.86,-27.04,0.2,0.16121231662098987,-21.83109962861295,14.999925000374997
SENOKOT (CALCIUM SENNOSIDES) 8.77MG TAB,3.0,32.14,-6.71,0.2,0.6184291898577612,-20.87741132545115,14.999925000374997
DIGOSAPH 250MCG (DIGOXIN) 250MCG TAB,3.0,12.86,3.26,0.2,1.5313935681470139,25.34992223950233,14.999925000374997
IMMUNPRO 500MG/10MG TAB 7+1,3.0,143.4,-21.12,0.2,0.13927576601671313,-14.728033472803348,14.999925000374997
HEMARATE FA (IRON + FOLIC ACID + VITAMIN B-COMPLEX) TAB,3.0,57.46,-4.31,0.2,0.346860908775581,-7.500870170553428,14.999925000374997
SALINASE MAX (SODIUM CHLORIDE .65% + XYLITOL 2.5%) 30ML,3.0,285.12,-11.88,0.2,0.07009673349221926,-4.166666666666667,14.999925000374997
URINE BAG 1L W/O HOOK,3.0,75.0,27.0,0.2,0.26595744680851063,36.0,14.999925000374997
FLANAX FORTE 550MG TAB,4.0,80.71000000000001,-2.7700000000000005,0.30000000000000004,0.3703246512776201,-3.4320406393259817,13.333288889037036
CELEBREX (CELOCOXIB) 200MG CAP,5.0,274.16,-57.25,0.4,0.1456876456876457,-20.881966734753426,12.499968750078125
KARVIDOL (CARVEDILOL) 25MG TAB,46.0,279.28000000000003,157.38,3.8000000000000003,1.3423767132965945,56.35204812374677,12.105259972300006
GOZIBACT 500MG TAB (AZITHROMYCIN,12.0,384.0,384.0,1.0,0.2597402597402597,100.0,11.999988000012001
ASFRENONSYR 2MG 60ML SYR,3.0,238.43,-5.59,0.25,0.10474275180157532,-2.3445036278991735,11.999952000192
ALCOSURE ISOPROPYL ALC 70% 3.7L,2.0,700.7,200.7,0.18,0.025681999771715557,28.64278578564293,11.111049383058983
GIRAN-8 (CANDESARTAN) 8MG TAB,60.0,552.0,291.6,5.6000000000000005,1.0043041606886658,52.82608695652174,10.714283801020748
PRADAXA (DABIGATRAN ETEXILATE) 150MG CAP,4.0,252.0,-33.88,0.4,0.15847860538827258,-13.444444444444445,9.9999750000625
COUXIN (AMBROXOL) 15MG/5ML SYR 60ML,4.0,117.0,70.0,0.4,0.34071550255536626,59.82905982905983,9.9999750000625
ASFRENON-GF (SALBUTAMOL GUAIFENESIN) 1MG/50MG PER 5ML SYRUP 60ML,4.0,340.0,-55.88,0.4,0.11750881316098709,-16.43529411764706,9.9999750000625
BACTIV (CO-AMOXICLAV) 457MG/5ML 70ML,4.0,1155.2,-144.0,0.4,0.03461405330564209,-12.465373961218836,9.9999750000625
MYREX SYR 60ML,4.0,95.4,42.4,0.4,0.41753653444676403,44.44444444444444,9.9999750000625
SUCTION MACHINE PROHEALTH,3.0,14688.0,4944.0,0.30000000000000004,0.002042441943587754,33.66013071895425,9.999966666777777
CENVERT (BETAHISTINE) 8MG,2.0,13.28,8.58,0.2,1.483679525222552,64.60843373493977,9.999950000249997
MEOXICLAV-D5 (CO-AMOXICLAV) 457MG/5ML SUSP,2.0,462.6,192.6,0.2,0.043215211754537596,41.63424124513618,9.999950000249997
RM METOPROLOL 100MG TAB,2.0,7.2,0.82,0.2,2.7027027027027026,11.388888888888888,9.999950000249997
DUPHASTON(DYDROGESTERONE) 10MG TAB,2.0,143.2,-15.44,0.2,0.13947001394700143,-10.782122905027935,9.999950000249997
EXEL (CEFALEXIN) 250MG SUSP 60ML,2.0,99.0,55.0,0.2,0.20161290322580644,55.55555555555556,9.999950000249997
DERMOTRIM (CLOTRIMAZOLE) 10MG/G CREAM,2.0,157.5,87.5,0.2,0.12682308180088778,55.55555555555556,9.999950000249997
EYE MO BLUE,2.0,166.0,-12.53,0.2,0.12033694344163659,-7.548192771084337,9.999950000249997
PULMODUAL (IPRATROPIUM SALBUTAMOL) 500MCG/2.5MG/2.5ML 20ML,2.0,257.6,-6.1,0.2,0.07757951900698215,-2.368012422360248,9.999950000249997
INDOPLAS 3CC SYRINGE,2.0,11.2,11.2,0.2,1.754385964912281,100.0,9.999950000249997
ARCOXIA 120MG TAB,2.0,144.0,-5.42,0.2,0.1386962552011096,-3.763888888888889,9.999950000249997
AZIK TAB 500MG,2.0,144.0,54.0,0.2,0.1386962552011096,37.5,9.999950000249997
ANMUM MATERNA PLAIN 800G,2.0,1237.86,-188.46,0.2,0.016154305930245708,-15.224661916533375,9.999950000249997
APPEVIT 60ML SYRUP,2.0,308.0,-4.5,0.2,0.06489292667099286,-1.461038961038961,9.999950000249997
FOLEY CATH 14,2.0,78.58,8.58,0.2,0.2538715410002539,10.918808857215577,9.999950000249997
"AFUNGINAL (NYSTATIN) 100,000 UNITS/ML 30ML",2.0,1061.12,-51.88,0.2,0.0188444578449478,-4.889173703256937,9.999950000249997
PLURADEC ( GUAIFENESIN 100MG + PPA 6.6MG + CPM) 2MG PER 5ML 120ML,1.0,73.8,26.22,0.1,0.13531799729364008,35.52845528455285,9.99990000099999
MANG JUAN (CHIKEN SKIN FLAVOR) 17G,1.0,10.8,3.65,0.1,0.9174311926605505,33.79629629629629,9.99990000099999
MAGIC CREAMS (CHEESE CREAM) 280G,1.0,8.04,2.5,0.1,1.2285012285012287,31.09452736318408,9.99990000099999
NEBULIZER (SESEMED,1.0,945.0,295.0,0.1,0.010580890911014709,31.216931216931215,9.99990000099999
BEAR BRAND FORTIFIED 33G,1.0,13.5,4.18,0.1,0.7352941176470589,30.96296296296296,9.99990000099999
DIGITAL THERMOMETER (INDOPLAS,1.0,93.6,28.6,0.1,0.1067235859124867,30.555555555555557,9.99990000099999
CETIREX (CETIRIZINE) 10MG/ML 10ML DROPS,1.0,34.65,17.9,0.1,0.28776978417266186,51.65945165945166,9.99990000099999
CETAPHIL MOISTURIZING LOTION 591ML,1.0,764.1,-34.9,0.1,0.013085579691180318,-4.56746499149326,9.99990000099999
BP SET BLUE CROSS W/STET,1.0,810.0,360.0,0.1,0.012344155042587335,44.44444444444444,9.99990000099999
CEASCOL (CARBOCISTEINE) 250MG SYR 60ML,1.0,28.8,11.05,0.1,0.34602076124567477,38.36805555555556,9.99990000099999
VENTOBROX (GUAIFENESIN + SALBUTAMOL) SYR 60ML,1.0,20.09,7.09,0.1,0.49529470034670625,35.29118964659034,9.99990000099999
BIODOL (PARACETAMOL) 250MG/5ML SUSP 60ML,1.0,27.0,11.5,0.1,0.36900369003690037,42.592592592592595,9.99990000099999
MILO CEREAL WHEAT BALLS 20G,1.0,18.0,4.36,0.1,0.5524861878453038,24.22222222222222,9.99990000099999
COLDREX-PPA (PARA+PHENYL+CHLORPHEN) 125MG/12.5MG/1MG PER 5ML 60ML SYR,1.0,30.34,10.59,0.1,0.328515111695138,34.90441661173369,9.99990000099999
ECZACORT 1% 10G (HYDROCORTISONE) CRM,1.0,339.08,25.22,0.1,0.029482870452267232,7.437772796980063,9.99990000099999
MAGIC CREAM CHOCOLATE 28G,1.0,8.04,3.42,0.1,1.2285012285012287,42.53731343283583,9.99990000099999
WHEELCHAIR STANDARD CHROMED,4.0,19573.2,6373.2,0.45000000000000007,0.0022990091270662346,32.56084850714242,8.888869135846363
PROHEALTHCARE DISP. MASK,25.0,1450.8,50.8,3.06,0.21047418596013373,3.501516404742211,8.169931970610467
WHEELCHAIR BLACK ECONO,2.0,6796.84,1196.8400000000001,0.25,0.003678044574957813,17.608771134821477,7.999968000128001
ENERVON (MULTIVITAMINS) 30s TAB,2.0,358.75,-11.37,0.25,0.06963788300835655,-3.1693379790940766,7.999968000128001
NASAL OXYGEN CANNULA ADULT (SURE-GUARD,2.0,57.69,21.689999999999998,0.25,0.4314808422506041,37.597503900156006,7.999968000128001
OXYGEN TANK 15LBS,2.0,14874.93,2199.9300000000003,0.25,0.001680651931606878,14.789514975868794,7.999968000128001
VICKS VAPORUB 5G,3.0,83.57,-7.6,0.4,0.4763606049779684,-9.09417254995812,7.499981250046875
PONSTAN SF 500MG (MEFENAMIC ACID) CAP,3.0,85.49000000000001,-23.28,0.4,0.4657119571544999,-27.231255117557605,7.499981250046875
SURE-GUARD URINE BAG 2L,3.0,81.0,30.0,0.4,0.4914004914004914,37.03703703703704,7.499981250046875
PARTNERS GLUCOSE STRIPS 25&#039;S CBPC-73,10.0,3200.0,1453.6,1.4000000000000001,0.043730867745361404,45.425,7.142852040819971
BAXTEL BP APP W/ STETHOSCOPE,2.0,4644.0,1244.0,0.28,0.006028921598180989,26.787252368647717,7.142831632744169
ANEROID SPHYGMO W/ STET (BLUE CROSS,1.0,774.0,324.0,0.14,0.01808458418373938,41.86046511627907,7.142806122813408
PROHEALTH NEBULIZER VMNB03,1.0,1186.79,491.79,0.14,0.011795135349178133,41.438670699955345,7.142806122813408
HOSPITAL BED 2-CRANKS MANUAL,4.0,66300.0,26876.0,0.6000000000000001,0.0009049691857992235,40.536953242835594,6.6666555555740725
RECLINING WHEELCHAIR WITH COMMODE,2.0,19039.96,5039.96,0.30000000000000004,0.0015756087364353223,26.470433761415467,6.666644444518518
WALKER W/O WHEELS,2.0,2905.7,905.7,0.30000000000000004,0.010323468685478322,31.169769762879863,6.666644444518518
MUPIROW (MUPIROCIN) 20MG/G OINTMENT 5G,7.0,898.39,562.39,1.1,0.1222915207506476,62.599761796101916,6.363630578517656
TOCOVID VANILLA POWDER DRINK 850G,10.0,11340.0,1540.0,1.6,0.014107356986668549,13.580246913580247,6.249996093752442
PROHEALTH PULSE OXIMETER,3.0,2790.1800000000003,840.1800000000001,0.5,0.017916780139607548,30.11203578263768,5.999988000024
CLOHEAL (CLOPIDOGREL) 75MG TAB,7.0,32.199999999999996,23.099999999999998,1.4000000000000001,4.166666666666668,71.73913043478262,4.999996428573979
SUPRACID 650MG 100s BOTL,5.0,660.0,-79.35,1.0,0.15128593040847202,-12.022727272727272,4.999995000005001
PARTNERS BLOOD GLUCOMETER CBPC-73,4.0,2752.0,1188.0,0.8,0.029061319383900032,43.16860465116279,4.999993750007812
UH FERSULFATE IRON 65MG TAB,4.0,598.9399999999999,39.41,0.8,0.13339113615900225,6.579957925668681,4.999993750007812
SUPRACID (SODIUM BICARBONATE) 650MG,3.0,302.02,-34.07,0.6000000000000001,0.19826845548873176,-11.280709886762468,4.999991666680555
COMMODE CHAIR W/O WHEELS,3.0,7405.7,1405.7,0.6000000000000001,0.008101211131064096,18.981325195457554,4.999991666680555
CELSUS LATANOPROST 50MCG/ML (0.005% W/V,3.0,2112.0,-30.869999999999997,0.6000000000000001,0.02840102243680773,-1.4616477272727273,4.999991666680555
FASTUM GEL (KETOPROFEN) 30G,3.0,1018.29,-186.99,0.6000000000000001,0.05888761299060744,-18.363138202280297,4.999991666680555
SUPRACID 650MG,3.0,290.84000000000003,-45.25,0.6000000000000001,0.20587427944002193,-15.558382615871269,4.999991666680555
APLOSYN OTIC SOLUTION 5ML,2.0,707.2,30.32,0.4,0.05652911249293387,4.287330316742081,4.99998750003125
ROBITUSSIN DM 120ML,2.0,277.87,-52.089999999999996,0.4,0.14374528335788983,-18.746176269478532,4.99998750003125
RABAPHEN (DIPHENHYDRAMINE HCL) 50MG/ML 1ML AMP,2.0,89.6,52.6,0.4,0.4444444444444444,58.70535714285715,4.99998750003125
RAPIDAX (POLYMYXIN B SO4+NEOMYCIN SO4+DEXAMETHASONE) 5ML,2.0,302.86,118.86,0.4,0.131900019785003,39.24585617116819,4.99998750003125
MUPICIN OINTMENT 5G,2.0,515.2,-35.84,0.4,0.07757951900698215,-6.956521739130435,4.99998750003125
MUPISAPH (MUPIROCIN) 20MG/G 5G OINMENT,2.0,246.07,150.07,0.4,0.16229155678175844,60.986711098467914,4.99998750003125
VIGAMOX 5MG/ML (0.5%) OPTH SOLN,2.0,868.0,-12.36,0.4,0.046061722708429294,-1.423963133640553,4.99998750003125
WALKER WITH WHEELS,2.0,3520.0,920.0,0.4,0.011362345188046814,26.136363636363637,4.99998750003125
AXMAXOLV (SALBUTAMOL) 100MCG/ACTUATION,2.0,264.28,114.28,0.4,0.15112588786459125,43.242016043590134,4.99998750003125
APPEVIT 120ML SYR,2.0,550.0,0.0,0.4,0.07267441860465117,0.0,4.99998750003125
DIFFLAM FORTE THROAT SPRAY,1.0,454.0,-61.9,0.2,0.044033465433729636,-13.634361233480178,4.999975000124999
PARTNERS NEBULIZER KIT,1.0,60.0,60.0,0.2,0.33222591362126247,100.0,4.999975000124999
RDL BABYFACE CREAM 6G,1.0,22.4,-2.83,0.2,0.8849557522123895,-12.633928571428573,4.999975000124999
POVEDTA (INSULIN GLARGNE) 100UNITS/ML,1.0,829.25,829.25,0.2,0.024112363614443307,100.0,4.999975000124999
AMCETAM (PARACETAMOL) 300MG/2ML AMP,1.0,12.0,8.0,0.2,1.639344262295082,66.66666666666666,4.999975000124999
AIRCARE OXYGEN REGULATOR,1.0,1120.0,81.11,0.2,0.017853954650955187,7.241964285714286,4.999975000124999
AMBIDOL (TRAMADOL HCL) 50MG/ML 2ML AMP,1.0,25.0,18.0,0.2,0.7936507936507938,72.0,4.999975000124999
PECOF SYRUP 100ML,1.0,164.29,-42.35,0.2,0.12158793847650315,-25.777588410737113,4.999975000124999
POLY+NEO+DEXA EYE DROP (ISORE,1.0,137.92,44.92,0.2,0.14480162177816394,32.56960556844548,4.999975000124999
LILAC SYRUP 60ML,1.0,133.6,-3.86,0.2,0.1494768310911809,-2.8892215568862274,4.999975000124999
LE MINERALE 1.5ML,1.0,24.0,6.4,0.2,0.8264462809917356,26.666666666666668,4.999975000124999
KNEE SUPPORT 704 IM XL,1.0,1980.0,330.0,0.2,0.010099989900010101,16.666666666666664,4.999975000124999
SERETIDE INHALER 25/125,1.0,412.68,-41.35,0.2,0.0484402247626429,-10.019870117282156,4.999975000124999
LILAC (LACTULOSE) SYR 120ML,1.0,268.8,16.83,0.2,0.07434944237918216,6.261160714285713,4.999975000124999
HOSPITAL BED 3 CRANKS MANUAL,1.0,30400.0,13600.0,0.2,0.0006578904086157328,44.73684210526316,4.999975000124999
KATINKO TINS 10G,1.0,28.0,-1.24,0.2,0.7092198581560284,-4.428571428571428,4.999975000124999
SAPHFYLLINE (DOXOFYLLINE) 400MG TAB,1.0,6.4,6.4,0.2,3.0303030303030303,100.0,4.999975000124999
MOVELAX 3.3MG/5ML 120ML,1.0,289.2,-35.71,0.2,0.06910850034554251,-12.347856154910097,4.999975000124999
SANICARE COTTON BUDS 200 STEM CAN,1.0,21.2,-0.02,0.2,0.9345794392523366,-0.09433962264150944,4.999975000124999
MICROPORE 1 INCH,1.0,42.14,1.07,0.2,0.47236655644780345,2.539155196962506,4.999975000124999
MAALOX PLUS SUSP 250ML,1.0,461.6,-53.81,0.2,0.043308791684712,-11.657279029462739,4.999975000124999
SERETIDE 25/250MCG MDI,1.0,731.14,71.13,0.2,0.02734706155823557,9.728642941160379,4.999975000124999
MUPIDERM (MUPIROCIN) 2% OINT 5G,1.0,130.0,65.0,0.2,0.15360983102918588,50.0,4.999975000124999
MUPICIN 10G (MUPIROCIN) OINTMENT,1.0,381.25,-62.67,0.2,0.05243151133831433,-16.438032786885245,4.999975000124999
NORVASC 5MG TAB,1.0,18.2,-2.36,0.2,1.0869565217391306,-12.967032967032969,4.999975000124999
MYRA 400IU 30s CAP,1.0,293.6,-40.25,0.2,0.06807351940095303,-13.709128065395094,4.999975000124999
NASOCLEAR (SODIUM CHLORIDE0 0.65% SALINE SOLUTION,1.0,74.4,-8.61,0.2,0.2680965147453083,-11.572580645161288,4.999975000124999
OMRON-HEM7121J,1.0,2624.0,467.47,0.2,0.007621370322383966,17.81516768292683,4.999975000124999
OMRON AUTO BP MONITOR HEM-8712,1.0,2749.99,649.99,0.2,0.007272224828102787,23.636085949403455,4.999975000124999
PHAREX VITAMIN BCOMPLEX 17+3,1.0,74.2,8.08,0.2,0.26881720430107525,10.889487870619947,4.999975000124999
CANESTEN (CLOTRIMAZOLE) 10G CREAM,1.0,316.0,316.0,0.2,0.06325110689437065,100.0,4.999975000124999
DYNATUSSIN SYR 60ML,1.0,112.0,4.05,0.2,0.17825311942959002,3.6160714285714284,4.999975000124999
EFFICASCENT OIL EXTRA STRENGTH 50ML,1.0,52.0,-4.79,0.2,0.38314176245210724,-9.211538461538462,4.999975000124999
EFFICASCENT EXTREME 100ML,1.0,104.0,-8.7,0.2,0.19193857965451058,-8.365384615384615,4.999975000124999
Sure-Guard adult sphygmomanometer with stethoscope,1.0,720.0,720.0,0.2,0.027770063871146906,100.0,4.999975000124999
ECTRIN 300 MG CAP,1.0,23.6,1.01,0.2,0.8403361344537815,4.279661016949152,4.999975000124999
SURE-GUARD WHEELCHAIR PEDIA,1.0,5880.0,5880.0,0.2,0.003401244855617156,100.0,4.999975000124999
SURRMED ALTERNATING PRESSURE SYSTEM AIR MATTRESS,1.0,2560.0,544.0,0.2,0.007811889696117492,21.25,4.999975000124999
SURE-GUARD PULSE OXIMETER,1.0,760.0,760.0,0.2,0.026308866087871613,100.0,4.999975000124999
SURE-GUARD COMMODE CHAIR W/ARMPAD AMB896,1.0,3760.0,3760.0,0.2,0.005318866017765013,100.0,4.999975000124999
STREPSILS LOZ EXTRA STRONG 8s,1.0,56.4,-4.4,0.2,0.35335689045936397,-7.801418439716312,4.999975000124999
STERICORT (HYDROCORTISONE SODIUM SUCCINATE) 250MG IV/IM,1.0,128.57,50.57,0.2,0.15531567911780697,39.33265925176946,4.999975000124999
SUCTION MACHINE (SURGITECT,1.0,4672.0,1022.0,0.2,0.004280638671289757,21.875,4.999975000124999
EYE MO MOISTURIZING BLUE 7.5ML,1.0,77.14,-13.61,0.2,0.2585983966899405,-17.64324604614986,4.999975000124999
FASTUM GEL 30G,1.0,352.0,-49.76,0.2,0.05678591709256105,-14.136363636363637,4.999975000124999
EYE MO BLUE (HYPROMELLOS,1.0,86.4,-4.35,0.2,0.23094688221709006,-5.034722222222221,4.999975000124999
GORTIZONE (HYDROCORTISONE) 250MG IM/IV,1.0,144.0,91.5,0.2,0.1386962552011096,63.541666666666664,4.999975000124999
FORTRA 200MCG/6MCG CANISTER,1.0,492.8,-16.35,0.2,0.040567951318458424,-3.3177759740259742,4.999975000124999
FORAIR 250MCG,1.0,528.0,180.8,0.2,0.03786444528587656,34.24242424242425,4.999975000124999
FOPEN (ETORICOXIB) 120MG,1.0,26.78,26.78,0.2,0.7412898443291327,100.0,4.999975000124999
INDOPLAS DISP SYRINGE 1CC,1.0,4.0,1.8,0.2,4.761904761904762,45.0,4.999975000124999
HIALID (SODIUM HYALURONATE) 1MG/ML 5ML EYE DROPS,1.0,303.4,303.4,0.2,0.06587615283267459,100.0,4.999975000124999
STERICORT (HYDROCORTISONE SODIUM SUCCINATE) 100MG IV/IM,1.0,85.71,42.71,0.2,0.23280176929344668,49.83082487457707,4.999975000124999
FLUCONOBAS (FLUCONAZOLE) 150MG,1.0,88.0,13.0,0.2,0.22675736961451248,14.772727272727273,4.999975000124999
SERETIDE 250 DISKUS (SALMETROL+FLUTICASONE PROPIONATE) 50MCG/250MCG 60 DOSES,1.0,1482.4,185.5,0.2,0.013489815189531901,12.513491635186183,4.999975000124999
CENTRUM ADVANCE TAB 30,1.0,249.6,-13.53,0.2,0.0800640512409928,-5.420673076923077,4.999975000124999
CENTRUM SILVER ADV TAB 30,1.0,312.0,-18.75,0.2,0.06406149903907753,-6.009615384615385,4.999975000124999
CONSAC (TOBRAMYCIN) 5ML OPTHALMIC SOL&#039;N,1.0,164.0,79.0,0.2,0.12180267965895251,48.170731707317074,4.999975000124999
"CRUTCHES SMALL 5&#039;2""-5&#039;6""",1.0,896.0,346.0,0.2,0.02231644722160232,38.61607142857143,4.999975000124999
COMMODE CHAIR WITH WHEELS,1.0,2628.56,428.56,0.2,0.007608149850119449,16.303983930364915,4.999975000124999
DOLAN FP FORTE 200MG 60ML,1.0,121.2,-16.5,0.2,0.16474464579901155,-13.613861386138614,4.999975000124999
DOCOR 250 (HYDROCORTISONE SODIUM SUCCINATE) 250MG/ML VIAL,1.0,280.0,105.0,0.2,0.07137758743754462,37.5,4.999975000124999
APLOSYN OTIC DROP 5ML,1.0,324.0,-37.0,0.2,0.061690314620604564,-11.419753086419753,4.999975000124999
CANDIBEC 10MG/G/250MCG2G CREAM,1.0,407.6,43.63,0.2,0.04904364884747425,10.704121687929343,4.999975000124999
BONAMINE (MECLYCINE HYDROCLHORIDE) CHEW (KIDS) 12.5MG TAB,1.0,9.6,0.38,0.2,2.0408163265306123,3.958333333333334,4.999975000124999
CASINO 500ML,1.0,73.4,-6.37,0.2,0.2717391304347826,-8.678474114441416,4.999975000124999
CELSUS PREDNISOLONE ACETATE 1% OPTHA DROPS 5ML,1.0,184.8,16.8,0.2,0.10810810810810811,9.090909090909092,4.999975000124999
CEELIN 100MG SYR 60ML,1.0,54.0,-9.0,0.2,0.36900369003690037,-16.666666666666664,4.999975000124999
CELCOXX CAP 400MG,1.0,39.4,-1.1,0.2,0.5050505050505051,-2.791878172588833,4.999975000124999
CELSUS HYPROMELLOSE ADENOSINE TRIPHOSPHATE OPTHA DROPS 10ML,1.0,184.8,16.8,0.2,0.10810810810810811,9.090909090909092,4.999975000124999
CENTRUM SILVER ADVANCE TAB 30,1.0,296.0,296.0,0.2,0.0675219446320054,100.0,4.999975000124999
CETIREX (CETIRIZINE) 5MG/5ML 60ML SYR,1.0,44.46,26.71,0.2,0.44782803403493054,60.07647323436798,4.999975000124999
TIKI-TIKI 60ML BOT SYR,1.0,52.86,-8.61,0.2,0.3769317753486619,-16.288308740068103,4.999975000124999
TERGECEF (CEFIXIME) 100MG/5ML 60ML SUSP,1.0,807.5,-161.52,0.2,0.02476166893648632,-20.00247678018576,4.999975000124999
TOPCARE SPACER,1.0,448.0,263.0,0.2,0.044622936189201254,58.70535714285714,4.999975000124999
CLOOK CARE (OXYGEN REGULATOR,1.0,1035.71,285.71,0.2,0.01930669652769063,27.585907252030005,4.999975000124999
BETADINE GARGLE 60ML,1.0,107.2,-7.8,0.2,0.186219739292365,-7.276119402985075,4.999975000124999
BENADRYL AH (DIPHENHYDRAMINE) CAP,1.0,33.6,14.05,0.2,0.591715976331361,41.81547619047619,4.999975000124999
VISANNE (DIENOGEST) 2MG TAB 28s,1.0,1939.99,-10.21,0.2,0.010308268777800113,-0.5262913726359415,4.999975000124999
AZEMAX (AZITHROMYCIN) 200MG/5ML 22.5ML SUSP,1.0,384.0,-9.02,0.2,0.052056220718375845,-2.348958333333333,4.999975000124999
BAROZIN (MUPIROCIN) 5G,1.0,130.0,86.5,0.2,0.15360983102918588,66.53846153846153,4.999975000124999
BETADINE WOUND SOL&#039;N 60ML,1.0,118.2,-6.23,0.2,0.16891891891891891,-5.270727580372251,4.999975000124999
BIOFLU SUSPENSION 2.5MG,1.0,104.4,-8.81,0.2,0.19120458891013384,-8.438697318007662,4.999975000124999
BIOGESIC (PARACETAMOL) 120MG/5ML SYRUP MELON,1.0,72.4,-4.55,0.2,0.2754820936639118,-6.284530386740331,4.999975000124999
BACTIDOL LIQUID 250ML,1.0,337.6,-1.14,0.2,0.05920663114268799,-0.3376777251184833,4.999975000124999
BACTROBAN (MUPIROCIN) OINT 5G,1.0,319.8,-8.44,0.2,0.0625,-2.6391494684177608,4.999975000124999
WHITE FLOWER C#3 5ML,1.0,76.4,-7.52,0.2,0.26109660574412535,-9.842931937172773,4.999975000124999
ANEROID SPHYGMO W/ STET (PROHEALTH,1.0,720.0,290.0,0.2,0.027770063871146906,40.27777777777778,4.999975000124999
WEPOX 4000IU/ML SYR 1ML,1.0,600.0,-50.0,0.2,0.03332222592469177,-8.333333333333332,4.999975000124999
WHEELCHAIR STANDARD ECONO-CHROMED,1.0,3840.0,540.0,0.2,0.0052080620800999955,14.0625,4.999975000124999
#EXP2025-04-30,1.0,407.6,43.63,0.2,0.04904364884747425,10.704121687929343,4.999975000124999
ACELIFE (PARACETAMOL) 150MG/ML AMPS,1.0,11.2,5.2,0.2,1.754385964912281,46.42857142857144,4.999975000124999
"""ICEBAG 9"""" PARA AID""",1.0,129.6,39.6,0.2,0.15408320493066258,30.555555555555557,4.999975000124999
ROLLATOR SUREGUARD,2.0,8736.0,1316.0,0.44,0.005036376372984877,15.064102564102564,4.545444214899512
