sku,date,qty_actual,ExtraTrees_forecast,GradientBoosting_forecast,LSTM_forecast,RandomForest_forecast
0725765883117,2023-11-01,261.0,,,,
0725765883117,2023-12-01,765.0,,,,
0725765883117,2024-01-01,626.0,,,,
0725765883117,2024-02-01,471.0,,,,
0725765883117,2024-03-01,273.0,,,,
0725765883117,2024-04-01,398.0,,,,
0725765883117,2024-05-01,256.0,,,,
0725765883117,2024-06-01,168.0,,,,
0725765883117,2024-07-01,316.0,,,,
0725765883117,2024-08-01,285.0,,,,
0725765883117,2024-09-01,587.0,,,,
0725765883117,2024-10-01,614.0,,,,
0725765883117,2024-11-01,358.0,,,,
0725765883117,2024-12-01,445.0,,,,
0725765883117,2025-01-01,442.0,,,,
0725765883117,2025-02-01,261.0,,,,
0725765883117,2025-03-01,258.0,,,,
0725765883117,2025-04-01,,398.0,398.0,305.2942773638716,317.29167022452145
0725765883117,2025-05-01,,256.0,256.0,288.04975571644474,280.7602508959664
0725765883117,2025-06-01,,168.0,168.0,285.9684507159275,258.1210614529183
0725765883117,2025-07-01,,316.0,316.0,304.69912367198526,296.1960618798629
0725765883117,2025-08-01,,285.0,285.0,302.7301142324545,288.2208928715164
0725765883117,2025-09-01,,587.0,587.0,330.19090366730507,365.9144748237954
4800067551165,2022-06-01,55.0,,,,
4800067551165,2022-07-01,30.0,,,,
4800067551165,2022-08-01,9.0,,,,
4800067551165,2022-09-01,113.0,,,,
4800067551165,2022-10-01,0.0,,,,
4800067551165,2022-11-01,0.0,,,,
4800067551165,2022-12-01,18.0,,,,
4800067551165,2023-01-01,14.0,,,,
4800067551165,2023-02-01,3.0,,,,
4800067551165,2023-03-01,129.0,,,,
4800067551165,2023-04-01,6.0,,,,
4800067551165,2023-05-01,5.0,,,,
4800067551165,2023-06-01,0.0,,,,
4800067551165,2023-07-01,49.0,,,,
4800067551165,2023-08-01,105.0,,,,
4800067551165,2023-09-01,46.0,,,,
4800067551165,2023-10-01,17.0,,,,
4800067551165,2023-11-01,42.0,,,,
4800067551165,2023-12-01,170.0,,,,
4800067551165,2024-01-01,173.0,,,,
4800067551165,2024-02-01,3.0,,,,
4800067551165,2024-03-01,110.0,,,,
4800067551165,2024-04-01,156.0,,,,
4800067551165,2024-05-01,38.0,,,,
4800067551165,2024-06-01,245.0,,,,
4800067551165,2024-07-01,71.0,,,,
4800067551165,2024-08-01,110.0,,,,
4800067551165,2024-09-01,9.0,,,,
4800067551165,2024-10-01,24.0,,,,
4800067551165,2024-11-01,8.0,,,,
4800067551165,2024-12-01,23.0,,,,
4800067551165,2025-01-01,228.0,,,,
4800067551165,2025-02-01,169.0,,,,
4800067551165,2025-03-01,110.0,,,,
4800234406465,2022-05-01,75.0,,,,
4800234406465,2022-06-01,9.0,,,,
4800234406465,2022-07-01,47.0,,,,
4800234406465,2022-08-01,52.0,,,,
4800234406465,2022-09-01,50.0,,,,
4800234406465,2022-10-01,76.0,,,,
4800234406465,2022-11-01,67.0,,,,
4800234406465,2022-12-01,172.0,,,,
4800234406465,2023-01-01,119.0,,,,
4800234406465,2023-02-01,160.0,,,,
4800234406465,2023-03-01,87.0,,,,
4800234406465,2023-04-01,137.0,,,,
4800234406465,2023-05-01,79.0,,,,
4800234406465,2023-06-01,88.0,,,,
4800234406465,2023-07-01,45.0,,,,
4800234406465,2023-08-01,138.0,,,,
4800234406465,2023-09-01,75.0,,,,
4800234406465,2023-10-01,66.0,,,,
4800234406465,2023-11-01,77.0,,,,
4800234406465,2023-12-01,59.0,,,,
4800234406465,2024-01-01,157.0,,,,
4800234406465,2024-02-01,88.0,,,,
4800234406465,2024-03-01,106.0,,,,
4800234406465,2024-04-01,245.0,,,,
4800234406465,2024-05-01,186.0,,,,
4800234406465,2024-06-01,33.0,,,,
4800234406465,2024-07-01,133.0,,,,
4800234406465,2024-08-01,110.0,,,,
4800234406465,2024-09-01,26.0,,,,
4800234406465,2024-10-01,139.0,,,,
4800234406465,2024-11-01,94.0,,,,
4800234406465,2024-12-01,29.0,,,,
4800234406465,2025-01-01,14.0,,,,
4800234406465,2025-02-01,0.0,,,,
4800234406465,2025-03-01,38.0,,,,
4800308991491,2022-05-01,23.0,,,,
4800308991491,2022-06-01,38.0,,,,
4800308991491,2022-07-01,63.0,,,,
4800308991491,2022-08-01,84.0,,,,
4800308991491,2022-09-01,64.0,,,,
4800308991491,2022-10-01,28.0,,,,
4800308991491,2022-11-01,20.0,,,,
4800308991491,2022-12-01,43.0,,,,
4800308991491,2023-01-01,106.0,,,,
4800308991491,2023-02-01,65.0,,,,
4800308991491,2023-03-01,38.0,,,,
4800308991491,2023-04-01,55.0,,,,
4800308991491,2023-05-01,23.0,,,,
4800308991491,2023-06-01,115.0,,,,
4800308991491,2023-07-01,80.0,,,,
4800308991491,2023-08-01,43.0,,,,
4800308991491,2023-09-01,71.0,,,,
4800308991491,2023-10-01,124.0,,,,
4800308991491,2023-11-01,174.0,,,,
4800308991491,2023-12-01,198.0,,,,
4800308991491,2024-01-01,46.0,,,,
4800308991491,2024-02-01,0.0,,,,
4800308991491,2024-03-01,87.0,,,,
4800308991491,2024-04-01,13.0,,,,
4800308991491,2024-05-01,0.0,,,,
4800308991491,2024-06-01,58.0,,,,
4800308991491,2024-07-01,87.0,,,,
4800308991491,2024-08-01,135.0,,,,
4800308991491,2024-09-01,63.0,,,,
4800308991491,2024-10-01,90.0,,,,
4800308991491,2024-11-01,3.0,,,,
4800308991491,2024-12-01,39.0,,,,
4800308991491,2025-01-01,59.0,,,,
4800308991491,2025-02-01,88.0,,,,
4800308991491,2025-03-01,92.0,,,,
4800369000545,2022-05-01,115.0,,,,
4800369000545,2022-06-01,80.0,,,,
4800369000545,2022-07-01,130.0,,,,
4800369000545,2022-08-01,50.0,,,,
4800369000545,2022-09-01,135.0,,,,
4800369000545,2022-10-01,63.0,,,,
4800369000545,2022-11-01,150.0,,,,
4800369000545,2022-12-01,130.0,,,,
4800369000545,2023-01-01,91.0,,,,
4800369000545,2023-02-01,50.0,,,,
4800369000545,2023-03-01,135.0,,,,
4800369000545,2023-04-01,139.0,,,,
4800369000545,2023-05-01,178.0,,,,
4800369000545,2023-06-01,357.0,,,,
4800369000545,2023-07-01,197.0,,,,
4800369000545,2023-08-01,438.0,,,,
4800369000545,2023-09-01,188.0,,,,
4800369000545,2023-10-01,275.0,,,,
4800369000545,2023-11-01,153.0,,,,
4800369000545,2023-12-01,154.0,,,,
4800369000545,2024-01-01,279.0,,,,
4800369000545,2024-02-01,32.0,,,,
4800369000545,2024-03-01,223.0,,,,
4800369000545,2024-04-01,83.0,,,,
4800369000545,2024-05-01,33.0,,,,
4800369000545,2024-06-01,34.0,,,,
4800369000545,2024-07-01,70.0,,,,
4800369000545,2024-08-01,15.0,,,,
4800369000545,2024-09-01,96.0,,,,
4800369000545,2024-10-01,166.0,,,,
4800369000545,2024-11-01,32.0,,,,
4800369000545,2024-12-01,50.0,,,,
4800369000545,2025-01-01,65.0,,,,
4800369000545,2025-02-01,46.0,,,,
4800369000545,2025-03-01,77.0,,,,
4800369000545,2025-04-01,,78.79207416947575,55.15984904675481,63.21915411816536,88.08224046517994
4800369000545,2025-05-01,,64.6412305148077,31.5292354959141,66.64097609366475,95.64339281653506
4800369000545,2025-06-01,,56.79885953317353,31.270258486739525,74.27557910361884,95.93344924025914
4800369000545,2025-07-01,,60.45968176038646,38.5189815818282,78.47619889229533,93.69083380441091
4800369000545,2025-08-01,,56.45550995241222,27.51345659972393,81.71552961489556,88.1808751190734
4800369000545,2025-09-01,,65.28157819771782,44.68729479284085,84.98789077618716,94.58171159052544
4800369000675,2022-07-01,6.0,,,,
4800369000675,2022-08-01,40.0,,,,
4800369000675,2022-09-01,81.0,,,,
4800369000675,2022-10-01,42.0,,,,
4800369000675,2022-11-01,65.0,,,,
4800369000675,2022-12-01,71.0,,,,
4800369000675,2023-01-01,19.0,,,,
4800369000675,2023-02-01,13.0,,,,
4800369000675,2023-03-01,55.0,,,,
4800369000675,2023-04-01,72.0,,,,
4800369000675,2023-05-01,109.0,,,,
4800369000675,2023-06-01,36.0,,,,
4800369000675,2023-07-01,39.0,,,,
4800369000675,2023-08-01,32.0,,,,
4800369000675,2023-09-01,69.0,,,,
4800369000675,2023-10-01,73.0,,,,
4800369000675,2023-11-01,75.0,,,,
4800369000675,2023-12-01,100.0,,,,
4800369000675,2024-01-01,0.0,,,,
4800369000675,2024-02-01,150.0,,,,
4800369000675,2024-03-01,123.0,,,,
4800369000675,2024-04-01,117.0,,,,
4800369000675,2024-05-01,161.0,,,,
4800369000675,2024-06-01,32.0,,,,
4800369000675,2024-07-01,28.0,,,,
4800369000675,2024-08-01,36.0,,,,
4800369000675,2024-09-01,123.0,,,,
4800369000675,2024-10-01,26.0,,,,
4800369000675,2024-11-01,69.0,,,,
4800369000675,2024-12-01,67.0,,,,
4800369000675,2025-01-01,114.0,,,,
4800369000675,2025-02-01,92.0,,,,
4800369000675,2025-03-01,61.0,,,,
4801010194002,2022-05-01,132.0,,,,
4801010194002,2022-06-01,63.0,,,,
4801010194002,2022-07-01,91.0,,,,
4801010194002,2022-08-01,150.0,,,,
4801010194002,2022-09-01,56.0,,,,
4801010194002,2022-10-01,138.0,,,,
4801010194002,2022-11-01,23.0,,,,
4801010194002,2022-12-01,70.0,,,,
4801010194002,2023-01-01,89.0,,,,
4801010194002,2023-02-01,31.0,,,,
4801010194002,2023-03-01,66.0,,,,
4801010194002,2023-04-01,60.0,,,,
4801010194002,2023-05-01,88.0,,,,
4801010194002,2023-06-01,21.0,,,,
4801010194002,2023-07-01,62.0,,,,
4801010194002,2023-08-01,41.0,,,,
4801010194002,2023-09-01,47.0,,,,
4801010194002,2023-10-01,12.0,,,,
4801010194002,2023-11-01,36.0,,,,
4801010194002,2023-12-01,0.0,,,,
4801010194002,2024-01-01,24.0,,,,
4801010194002,2024-02-01,17.0,,,,
4801010194002,2024-03-01,99.0,,,,
4801010194002,2024-04-01,224.0,,,,
4801010194002,2024-05-01,45.0,,,,
4801010194002,2024-06-01,77.0,,,,
4801010194002,2024-07-01,14.0,,,,
4801010194002,2024-08-01,30.0,,,,
4801010194002,2024-09-01,89.0,,,,
4801010194002,2024-10-01,20.0,,,,
4801010194002,2024-11-01,93.0,,,,
4801010194002,2024-12-01,62.0,,,,
4801010194002,2025-01-01,27.0,,,,
4801010194002,2025-02-01,17.0,,,,
4801010194002,2025-03-01,34.0,,,,
4806033302731,2022-05-01,31.0,,,,
4806033302731,2022-06-01,90.0,,,,
4806033302731,2022-07-01,48.0,,,,
4806033302731,2022-08-01,31.0,,,,
4806033302731,2022-09-01,48.0,,,,
4806033302731,2022-10-01,130.0,,,,
4806033302731,2022-11-01,61.0,,,,
4806033302731,2022-12-01,65.0,,,,
4806033302731,2023-01-01,48.0,,,,
4806033302731,2023-02-01,171.0,,,,
4806033302731,2023-03-01,72.0,,,,
4806033302731,2023-04-01,53.0,,,,
4806033302731,2023-05-01,91.0,,,,
4806033302731,2023-06-01,59.0,,,,
4806033302731,2023-07-01,30.0,,,,
4806033302731,2023-08-01,90.0,,,,
4806033302731,2023-09-01,232.0,,,,
4806033302731,2023-10-01,379.0,,,,
4806033302731,2023-11-01,124.0,,,,
4806033302731,2023-12-01,80.0,,,,
4806033302731,2024-01-01,226.0,,,,
4806033302731,2024-02-01,44.0,,,,
4806033302731,2024-03-01,47.0,,,,
4806033302731,2024-04-01,2.0,,,,
4806033302731,2024-05-01,0.0,,,,
4806033302731,2024-06-01,30.0,,,,
4806033302731,2024-07-01,121.0,,,,
4806033302731,2024-08-01,0.0,,,,
4806033302731,2024-09-01,13.0,,,,
4806033302731,2024-10-01,20.0,,,,
4806033302731,2024-11-01,128.0,,,,
4806033302731,2024-12-01,30.0,,,,
4806033302731,2025-01-01,0.0,,,,
4806033302731,2025-02-01,0.0,,,,
4806033302731,2025-03-01,65.0,,,,
4806033304131,2022-05-01,34.0,,,,
4806033304131,2022-06-01,64.0,,,,
4806033304131,2022-07-01,22.0,,,,
4806033304131,2022-08-01,24.0,,,,
4806033304131,2022-09-01,54.0,,,,
4806033304131,2022-10-01,81.0,,,,
4806033304131,2022-11-01,65.0,,,,
4806033304131,2022-12-01,106.0,,,,
4806033304131,2023-01-01,58.0,,,,
4806033304131,2023-02-01,51.0,,,,
4806033304131,2023-03-01,69.0,,,,
4806033304131,2023-04-01,69.0,,,,
4806033304131,2023-05-01,57.0,,,,
4806033304131,2023-06-01,43.0,,,,
4806033304131,2023-07-01,60.0,,,,
4806033304131,2023-08-01,62.0,,,,
4806033304131,2023-09-01,53.0,,,,
4806033304131,2023-10-01,40.0,,,,
4806033304131,2023-11-01,119.0,,,,
4806033304131,2023-12-01,54.0,,,,
4806033304131,2024-01-01,69.0,,,,
4806033304131,2024-02-01,78.0,,,,
4806033304131,2024-03-01,141.0,,,,
4806033304131,2024-04-01,74.0,,,,
4806033304131,2024-05-01,89.0,,,,
4806033304131,2024-06-01,167.0,,,,
4806033304131,2024-07-01,100.0,,,,
4806033304131,2024-08-01,73.0,,,,
4806033304131,2024-09-01,26.0,,,,
4806033304131,2024-10-01,81.0,,,,
4806033304131,2024-11-01,87.0,,,,
4806033304131,2024-12-01,60.0,,,,
4806033304131,2025-01-01,73.0,,,,
4806033304131,2025-02-01,17.0,,,,
4806033304131,2025-03-01,105.0,,,,
4806501130125,2022-05-01,92.0,,,,
4806501130125,2022-06-01,109.0,,,,
4806501130125,2022-07-01,76.0,,,,
4806501130125,2022-08-01,116.0,,,,
4806501130125,2022-09-01,195.0,,,,
4806501130125,2022-10-01,68.0,,,,
4806501130125,2022-11-01,134.0,,,,
4806501130125,2022-12-01,120.0,,,,
4806501130125,2023-01-01,105.0,,,,
4806501130125,2023-02-01,6.0,,,,
4806501130125,2023-03-01,45.0,,,,
4806501130125,2023-04-01,60.0,,,,
4806501130125,2023-05-01,94.0,,,,
4806501130125,2023-06-01,15.0,,,,
4806501130125,2023-07-01,64.0,,,,
4806501130125,2023-08-01,10.0,,,,
4806501130125,2023-09-01,70.0,,,,
4806501130125,2023-10-01,55.0,,,,
4806501130125,2023-11-01,58.0,,,,
4806501130125,2023-12-01,130.0,,,,
4806501130125,2024-01-01,37.0,,,,
4806501130125,2024-02-01,0.0,,,,
4806501130125,2024-03-01,72.0,,,,
4806501130125,2024-04-01,5.0,,,,
4806501130125,2024-05-01,53.0,,,,
4806501130125,2024-06-01,70.0,,,,
4806501130125,2024-07-01,62.0,,,,
4806501130125,2024-08-01,34.0,,,,
4806501130125,2024-09-01,44.0,,,,
4806501130125,2024-10-01,17.0,,,,
4806501130125,2024-11-01,86.0,,,,
4806501130125,2024-12-01,7.0,,,,
4806501130125,2025-01-01,0.0,,,,
4806501130125,2025-02-01,41.0,,,,
4806501130125,2025-03-01,30.0,,,,
4806502850008,2022-05-01,45.0,,,,
4806502850008,2022-06-01,63.0,,,,
4806502850008,2022-07-01,98.0,,,,
4806502850008,2022-08-01,110.0,,,,
4806502850008,2022-09-01,114.0,,,,
4806502850008,2022-10-01,110.0,,,,
4806502850008,2022-11-01,67.0,,,,
4806502850008,2022-12-01,168.0,,,,
4806502850008,2023-01-01,121.0,,,,
4806502850008,2023-02-01,96.0,,,,
4806502850008,2023-03-01,115.0,,,,
4806502850008,2023-04-01,22.0,,,,
4806502850008,2023-05-01,134.0,,,,
4806502850008,2023-06-01,28.0,,,,
4806502850008,2023-07-01,83.0,,,,
4806502850008,2023-08-01,68.0,,,,
4806502850008,2023-09-01,638.0,,,,
4806502850008,2023-10-01,146.0,,,,
4806502850008,2023-11-01,145.0,,,,
4806502850008,2023-12-01,127.0,,,,
4806502850008,2024-01-01,111.0,,,,
4806502850008,2024-02-01,75.0,,,,
4806502850008,2024-03-01,120.0,,,,
4806502850008,2024-04-01,98.0,,,,
4806502850008,2024-05-01,44.0,,,,
4806502850008,2024-06-01,33.0,,,,
4806502850008,2024-07-01,57.0,,,,
4806502850008,2024-08-01,83.0,,,,
4806502850008,2024-09-01,105.0,,,,
4806502850008,2024-10-01,66.0,,,,
4806502850008,2024-11-01,107.0,,,,
4806502850008,2024-12-01,158.0,,,,
4806502850008,2025-01-01,127.0,,,,
4806502850008,2025-02-01,46.0,,,,
4806502850008,2025-03-01,26.0,,,,
4806504260614,2023-03-01,245.0,,,,
4806504260614,2023-04-01,438.0,,,,
4806504260614,2023-05-01,424.0,,,,
4806504260614,2023-06-01,363.0,,,,
4806504260614,2023-07-01,80.0,,,,
4806504260614,2023-08-01,329.0,,,,
4806504260614,2023-09-01,164.0,,,,
4806504260614,2023-10-01,233.0,,,,
4806504260614,2023-11-01,285.0,,,,
4806504260614,2023-12-01,419.0,,,,
4806504260614,2024-01-01,336.0,,,,
4806504260614,2024-02-01,342.0,,,,
4806504260614,2024-03-01,185.0,,,,
4806504260614,2024-04-01,350.0,,,,
4806504260614,2024-05-01,265.0,,,,
4806504260614,2024-06-01,249.0,,,,
4806504260614,2024-07-01,300.0,,,,
4806504260614,2024-08-01,326.0,,,,
4806504260614,2024-09-01,242.0,,,,
4806504260614,2024-10-01,308.0,,,,
4806504260614,2024-11-01,231.0,,,,
4806504260614,2024-12-01,315.0,,,,
4806504260614,2025-01-01,493.0,,,,
4806504260614,2025-02-01,270.0,,,,
4806504260614,2025-03-01,483.0,,,,
4806504260614,2025-04-01,,453.3220122709023,610.0159081248927,431.802842923996,376.38707607533297
4806504260614,2025-05-01,,310.00184670797427,378.7187912920808,381.49590984514754,338.8679392130476
4806504260614,2025-06-01,,264.727810860042,367.1039331920289,385.7160061117278,334.817471914833
4806504260614,2025-07-01,,285.9294543330603,352.7028197413826,383.17440861546766,346.7211552245985
4806504260614,2025-08-01,,298.9216453959264,342.0520272250718,389.0782819254647,357.08038541802705
4806504260614,2025-09-01,,302.7922836092651,355.38032228261727,355.4893820147329,353.7194504364977
4806504653164,2022-05-01,150.0,,,,
4806504653164,2022-06-01,231.0,,,,
4806504653164,2022-07-01,458.0,,,,
4806504653164,2022-08-01,294.0,,,,
4806504653164,2022-09-01,240.0,,,,
4806504653164,2022-10-01,150.0,,,,
4806504653164,2022-11-01,90.0,,,,
4806504653164,2022-12-01,240.0,,,,
4806504653164,2023-01-01,35.0,,,,
4806504653164,2023-02-01,152.0,,,,
4806504653164,2023-03-01,90.0,,,,
4806504653164,2023-04-01,60.0,,,,
4806504653164,2023-05-01,150.0,,,,
4806504653164,2023-06-01,114.0,,,,
4806504653164,2023-07-01,124.0,,,,
4806504653164,2023-08-01,180.0,,,,
4806504653164,2023-09-01,50.0,,,,
4806504653164,2023-10-01,185.0,,,,
4806504653164,2023-11-01,74.0,,,,
4806504653164,2023-12-01,15.0,,,,
4806504653164,2024-01-01,21.0,,,,
4806504653164,2024-02-01,10.0,,,,
4806504653164,2024-03-01,0.0,,,,
4806504653164,2024-04-01,7.0,,,,
4806504653164,2024-05-01,0.0,,,,
4806504653164,2024-06-01,0.0,,,,
4806504653164,2024-07-01,0.0,,,,
4806504653164,2024-08-01,0.0,,,,
4806504653164,2024-09-01,0.0,,,,
4806504653164,2024-10-01,36.0,,,,
4806504653164,2024-11-01,60.0,,,,
4806504653164,2024-12-01,51.0,,,,
4806504653164,2025-01-01,91.0,,,,
4806504653348,2022-05-01,145.0,,,,
4806504653348,2022-06-01,97.0,,,,
4806504653348,2022-07-01,155.0,,,,
4806504653348,2022-08-01,212.0,,,,
4806504653348,2022-09-01,120.0,,,,
4806504653348,2022-10-01,78.0,,,,
4806504653348,2022-11-01,104.0,,,,
4806504653348,2022-12-01,171.0,,,,
4806504653348,2023-01-01,65.0,,,,
4806504653348,2023-02-01,147.0,,,,
4806504653348,2023-03-01,130.0,,,,
4806504653348,2023-04-01,76.0,,,,
4806504653348,2023-05-01,151.0,,,,
4806504653348,2023-06-01,165.0,,,,
4806504653348,2023-07-01,215.0,,,,
4806504653348,2023-08-01,130.0,,,,
4806504653348,2023-09-01,70.0,,,,
4806504653348,2023-10-01,141.0,,,,
4806504653348,2023-11-01,94.0,,,,
4806504653348,2023-12-01,106.0,,,,
4806504653348,2024-01-01,79.0,,,,
4806504653348,2024-02-01,103.0,,,,
4806504653348,2024-03-01,67.0,,,,
4806504653348,2024-04-01,91.0,,,,
4806504653348,2024-05-01,170.0,,,,
4806504653348,2024-06-01,82.0,,,,
4806504653348,2024-07-01,50.0,,,,
4806504653348,2024-08-01,121.0,,,,
4806504653348,2024-09-01,46.0,,,,
4806521160294,2022-05-01,10.0,,,,
4806521160294,2022-06-01,0.0,,,,
4806521160294,2022-07-01,4.0,,,,
4806521160294,2022-08-01,2.0,,,,
4806521160294,2022-09-01,5.0,,,,
4806521160294,2022-10-01,15.0,,,,
4806521160294,2022-11-01,30.0,,,,
4806521160294,2022-12-01,0.0,,,,
4806521160294,2023-01-01,15.0,,,,
4806521160294,2023-02-01,29.0,,,,
4806521160294,2023-03-01,13.0,,,,
4806521160294,2023-04-01,32.0,,,,
4806521160294,2023-05-01,11.0,,,,
4806521160294,2023-06-01,0.0,,,,
4806521160294,2023-07-01,0.0,,,,
4806521160294,2023-08-01,13.0,,,,
4806521160294,2023-09-01,25.0,,,,
4806521160294,2023-10-01,75.0,,,,
4806521160294,2023-11-01,123.0,,,,
4806521160294,2023-12-01,53.0,,,,
4806521160294,2024-01-01,87.0,,,,
4806521160294,2024-02-01,186.0,,,,
4806521160294,2024-03-01,345.0,,,,
4806521160294,2024-04-01,97.0,,,,
4806521160294,2024-05-01,67.0,,,,
4806521160294,2024-06-01,94.0,,,,
4806521160294,2024-07-01,54.0,,,,
4806521160294,2024-08-01,156.0,,,,
4806521160294,2024-09-01,81.0,,,,
4806521160294,2024-10-01,157.0,,,,
4806521160294,2024-11-01,68.0,,,,
4806521160294,2024-12-01,40.0,,,,
4806521160294,2025-01-01,24.0,,,,
4806521160294,2025-02-01,90.0,,,,
4806521160294,2025-03-01,97.0,,,,
4806523301312,2022-05-01,25.0,,,,
4806523301312,2022-06-01,42.0,,,,
4806523301312,2022-07-01,93.0,,,,
4806523301312,2022-08-01,161.0,,,,
4806523301312,2022-09-01,218.0,,,,
4806523301312,2022-10-01,84.0,,,,
4806523301312,2022-11-01,762.0,,,,
4806523301312,2022-12-01,52.0,,,,
4806523301312,2023-01-01,142.0,,,,
4806523301312,2023-02-01,83.0,,,,
4806523301312,2023-03-01,10.0,,,,
4806523301312,2023-04-01,73.0,,,,
4806523301312,2023-05-01,2.0,,,,
4806523301312,2023-06-01,163.0,,,,
4806523301312,2023-07-01,412.0,,,,
4806523301312,2023-08-01,78.0,,,,
4806523301312,2023-09-01,0.0,,,,
4806523301312,2023-10-01,0.0,,,,
4806523301312,2023-11-01,0.0,,,,
4806523301312,2023-12-01,91.0,,,,
4806523301312,2024-01-01,133.0,,,,
4806523301312,2024-02-01,173.0,,,,
4806523301312,2024-03-01,48.0,,,,
4806523301312,2024-04-01,94.0,,,,
4806523301312,2024-05-01,21.0,,,,
4806523301312,2024-06-01,12.0,,,,
4806523301312,2024-07-01,21.0,,,,
4806523301312,2024-08-01,24.0,,,,
4806523301312,2024-09-01,0.0,,,,
4806523301312,2024-10-01,7.0,,,,
4806523301312,2024-11-01,0.0,,,,
4806523301312,2024-12-01,0.0,,,,
4806523301312,2025-01-01,31.0,,,,
4806523301312,2025-02-01,30.0,,,,
4806523301312,2025-03-01,39.0,,,,
4806524143348,2022-05-01,72.0,,,,
4806524143348,2022-06-01,30.0,,,,
4806524143348,2022-07-01,30.0,,,,
4806524143348,2022-08-01,50.0,,,,
4806524143348,2022-09-01,20.0,,,,
4806524143348,2022-10-01,78.0,,,,
4806524143348,2022-11-01,23.0,,,,
4806524143348,2022-12-01,12.0,,,,
4806524143348,2023-01-01,36.0,,,,
4806524143348,2023-02-01,10.0,,,,
4806524143348,2023-03-01,30.0,,,,
4806524143348,2023-04-01,0.0,,,,
4806524143348,2023-05-01,0.0,,,,
4806524143348,2023-06-01,0.0,,,,
4806524143348,2023-07-01,0.0,,,,
4806524143348,2023-08-01,75.0,,,,
4806524143348,2023-09-01,97.0,,,,
4806524143348,2023-10-01,106.0,,,,
4806524143348,2023-11-01,65.0,,,,
4806524143348,2023-12-01,217.0,,,,
4806524143348,2024-01-01,220.0,,,,
4806524143348,2024-02-01,220.0,,,,
4806524143348,2024-03-01,240.0,,,,
4806524143348,2024-04-01,215.0,,,,
4806524143348,2024-05-01,86.0,,,,
4806524143348,2024-06-01,20.0,,,,
4806524143348,2024-07-01,116.0,,,,
4806524143348,2024-08-01,82.0,,,,
4806524143348,2024-09-01,85.0,,,,
4806524143348,2024-10-01,60.0,,,,
4806524143348,2024-11-01,60.0,,,,
4806524143348,2024-12-01,27.0,,,,
4806524147254,2023-10-01,408.0,,,,
4806524147254,2023-11-01,160.0,,,,
4806524147254,2023-12-01,270.0,,,,
4806524147254,2024-01-01,152.0,,,,
4806524147254,2024-02-01,165.0,,,,
4806524147254,2024-03-01,800.0,,,,
4806524147254,2024-04-01,55.0,,,,
4806524147254,2024-05-01,180.0,,,,
4806524147254,2024-06-01,118.0,,,,
4806524772906,2022-05-01,50.0,,,,
4806524772906,2022-06-01,330.0,,,,
4806524772906,2022-07-01,340.0,,,,
4806524772906,2022-08-01,255.0,,,,
4806524772906,2022-09-01,253.0,,,,
4806524772906,2022-10-01,157.0,,,,
4806524772906,2022-11-01,200.0,,,,
4806524772906,2022-12-01,234.0,,,,
4806524772906,2023-01-01,311.0,,,,
4806524772906,2023-02-01,205.0,,,,
4806524772906,2023-03-01,180.0,,,,
4806524772906,2023-04-01,467.0,,,,
4806524772906,2023-05-01,347.0,,,,
4806524772906,2023-06-01,0.0,,,,
4806524772906,2023-07-01,10.0,,,,
4806524781854,2022-05-01,83.0,,,,
4806524781854,2022-06-01,256.0,,,,
4806524781854,2022-07-01,701.0,,,,
4806524781854,2022-08-01,258.0,,,,
4806524781854,2022-09-01,0.0,,,,
4806524781854,2022-10-01,0.0,,,,
4806524781854,2022-11-01,0.0,,,,
4806524781854,2022-12-01,114.0,,,,
4806524781854,2023-01-01,576.0,,,,
4806524781854,2023-02-01,810.0,,,,
4806524781854,2023-03-01,250.0,,,,
4806524781854,2023-04-01,0.0,,,,
4806524781854,2023-05-01,492.0,,,,
4806524781854,2023-06-01,270.0,,,,
4806524781854,2023-07-01,330.0,,,,
4806524781854,2023-08-01,497.0,,,,
4806524781854,2023-09-01,231.0,,,,
4806524781854,2023-10-01,,0.0,0.0,211.4401700857046,205.27049952874145
4806524781854,2023-11-01,,0.0,0.0,209.92632438972907,205.27049952874145
4806524781854,2023-12-01,,114.0,114.0,321.3999735654273,252.83317624881877
4806524781854,2024-01-01,,576.0,576.0,408.65824630419615,445.5871819038688
4806524781854,2024-02-01,,801.28,801.28,422.0419642344976,539.5777065661408
4806524781854,2024-03-01,,250.0,250.0,315.3646159190485,309.574615142946
4806527192022,2024-03-01,1900.0,,,,
4806527192022,2024-04-01,0.0,,,,
4806527192022,2024-05-01,0.0,,,,
4806527192022,2024-06-01,0.0,,,,
4806527192022,2024-07-01,0.0,,,,
4806527192022,2024-08-01,0.0,,,,
4806527192022,2024-09-01,1.0,,,,
4806527192022,2024-10-01,0.0,,,,
4806527192022,2024-11-01,100.0,,,,
4806527192022,2024-12-01,20.0,,,,
4806527192022,2025-01-01,20.0,,,,
4806527192022,2025-02-01,10.0,,,,
4806527194088,2022-05-01,175.0,,,,
4806527194088,2022-06-01,298.0,,,,
4806527194088,2022-07-01,293.0,,,,
4806527194088,2022-08-01,211.0,,,,
4806527194088,2022-09-01,252.0,,,,
4806527194088,2022-10-01,401.0,,,,
4806527194088,2022-11-01,340.0,,,,
4806527194088,2022-12-01,173.0,,,,
4806527194088,2023-01-01,265.0,,,,
4806527194088,2023-02-01,316.0,,,,
4806527194088,2023-03-01,33.0,,,,
4806527194088,2023-04-01,0.0,,,,
4806527194088,2023-05-01,10.0,,,,
4806527194088,2023-06-01,14.0,,,,
4806527201342,2024-12-01,30.0,,,,
4806527201342,2025-01-01,0.0,,,,
4806527201342,2025-02-01,0.0,,,,
4806527201342,2025-03-01,3000.0,,,,
4806533602355,2023-12-01,200.0,,,,
4806533602355,2024-01-01,120.0,,,,
4806533602355,2024-02-01,215.0,,,,
4806533602355,2024-03-01,230.0,,,,
4806533602355,2024-04-01,535.0,,,,
4806533602355,2024-05-01,378.0,,,,
4806533602355,2024-06-01,242.0,,,,
4806533602355,2024-07-01,445.0,,,,
4806533602355,2024-08-01,85.0,,,,
4806533602355,2024-09-01,0.0,,,,
4806533602355,2024-10-01,361.0,,,,
4806533602355,2024-11-01,110.0,,,,
4806533602355,2024-12-01,200.0,,,,
4806533602355,2025-01-01,220.0,,,,
4806533602355,2025-02-01,513.0,,,,
4806533602355,2025-03-01,30.0,,,,
4806533602362,2024-06-01,231.0,,,,
4806533602362,2024-07-01,374.0,,,,
4806533602362,2024-08-01,161.0,,,,
4806533602362,2024-09-01,254.0,,,,
4806533602362,2024-10-01,261.0,,,,
4806533602362,2024-11-01,152.0,,,,
4806533602362,2024-12-01,189.0,,,,
4806533602362,2025-01-01,227.0,,,,
4806533602362,2025-02-01,180.0,,,,
4806533602362,2025-03-01,232.0,,,,
4806533602379,2023-09-01,457.0,,,,
4806533602379,2023-10-01,487.0,,,,
4806533602379,2023-11-01,742.0,,,,
4806533602379,2023-12-01,866.0,,,,
4806533602379,2024-01-01,890.0,,,,
4806533602379,2024-02-01,669.0,,,,
4806533602379,2024-03-01,1080.0,,,,
4806533602379,2024-04-01,1500.0,,,,
4806533602379,2024-05-01,899.0,,,,
4806533602379,2024-06-01,990.0,,,,
4806533602379,2024-07-01,580.0,,,,
4806533602379,2024-08-01,787.0,,,,
4806533602379,2024-09-01,867.0,,,,
4806533602379,2024-10-01,805.0,,,,
4806533602379,2024-11-01,90.0,,,,
4806533602379,2024-12-01,,866.0,866.0,482.1983591973781,397.23802996932193
4806533602379,2025-01-01,,890.0,890.0,450.684757463336,397.2380299693205
4806533602379,2025-02-01,,669.0,669.0,426.0757538044452,397.2380299693205
4806533602379,2025-03-01,,1080.0,1080.0,478.15182636559007,397.2380299693209
4806533602379,2025-04-01,,1470.6,1470.6,474.7542214912176,397.2380299693216
4806533602379,2025-05-01,,899.0,899.0,476.8301515603065,397.2380299693213
4806534570240,2023-03-01,140.0,,,,
4806534570240,2023-04-01,212.0,,,,
4806534570240,2023-05-01,225.0,,,,
4806534570240,2023-06-01,125.0,,,,
4806534570240,2023-07-01,150.0,,,,
4806534570240,2023-08-01,228.0,,,,
4806534570240,2023-09-01,268.0,,,,
4806534570240,2023-10-01,307.0,,,,
4806534570240,2023-11-01,191.0,,,,
4806534570240,2023-12-01,186.0,,,,
4806534570240,2024-01-01,56.0,,,,
4806534570240,2024-02-01,30.0,,,,
4806534570240,2024-03-01,287.0,,,,
4806534570240,2024-04-01,147.0,,,,
4807788048462,2022-05-01,22.0,,,,
4807788048462,2022-06-01,22.0,,,,
4807788048462,2022-07-01,16.0,,,,
4807788048462,2022-08-01,34.0,,,,
4807788048462,2022-09-01,49.0,,,,
4807788048462,2022-10-01,56.0,,,,
4807788048462,2022-11-01,98.0,,,,
4807788048462,2022-12-01,52.0,,,,
4807788048462,2023-01-01,41.0,,,,
4807788048462,2023-02-01,44.0,,,,
4807788048462,2023-03-01,70.0,,,,
4807788048462,2023-04-01,35.0,,,,
4807788048462,2023-05-01,67.0,,,,
4807788048462,2023-06-01,73.0,,,,
4807788048462,2023-07-01,78.0,,,,
4807788048462,2023-08-01,92.0,,,,
4807788048462,2023-09-01,41.0,,,,
4807788048462,2023-10-01,63.0,,,,
4807788048462,2023-11-01,104.0,,,,
4807788048462,2023-12-01,61.0,,,,
4807788048462,2024-01-01,149.0,,,,
4807788048462,2024-02-01,77.0,,,,
4807788048462,2024-03-01,82.0,,,,
4807788048462,2024-04-01,117.0,,,,
4807788048462,2024-05-01,57.0,,,,
4807788048462,2024-06-01,41.0,,,,
4807788048462,2024-07-01,54.0,,,,
4807788048462,2024-08-01,109.0,,,,
4807788048462,2024-09-01,181.0,,,,
4807788048462,2024-10-01,70.0,,,,
4807788048462,2024-11-01,79.0,,,,
4807788048462,2024-12-01,55.0,,,,
4807788048462,2025-01-01,35.0,,,,
4807788048462,2025-02-01,74.0,,,,
4807788048462,2025-03-01,57.0,,,,
4807788402646,2022-06-01,44.0,,,,
4807788402646,2022-07-01,59.0,,,,
4807788402646,2022-08-01,120.0,,,,
4807788402646,2022-09-01,96.0,,,,
4807788402646,2022-10-01,138.0,,,,
4807788402646,2022-11-01,63.0,,,,
4807788402646,2022-12-01,85.0,,,,
4807788402646,2023-01-01,39.0,,,,
4807788402646,2023-02-01,62.0,,,,
4807788402646,2023-03-01,60.0,,,,
4807788402646,2023-04-01,69.0,,,,
4807788402646,2023-05-01,58.0,,,,
4807788402646,2023-06-01,13.0,,,,
4807788402646,2023-07-01,29.0,,,,
4807788402646,2023-08-01,32.0,,,,
4807788402646,2023-09-01,46.0,,,,
4807788402646,2023-10-01,91.0,,,,
4807788402646,2023-11-01,72.0,,,,
4807788402646,2023-12-01,151.0,,,,
4807788402646,2024-01-01,202.0,,,,
4807788402646,2024-02-01,115.0,,,,
4807788402646,2024-03-01,71.0,,,,
4807788402646,2024-04-01,75.0,,,,
4807788402646,2024-05-01,58.0,,,,
4807788402646,2024-06-01,60.0,,,,
4807788402646,2024-07-01,91.0,,,,
4807788402646,2024-08-01,67.0,,,,
4807788402646,2024-09-01,200.0,,,,
4807788402646,2024-10-01,1.0,,,,
4807788402646,2024-11-01,0.0,,,,
4807788402646,2024-12-01,0.0,,,,
4807788402646,2025-01-01,0.0,,,,
4807788402646,2025-02-01,3.0,,,,
4807788526762,2022-05-01,47.0,,,,
4807788526762,2022-06-01,85.0,,,,
4807788526762,2022-07-01,122.0,,,,
4807788526762,2022-08-01,177.0,,,,
4807788526762,2022-09-01,174.0,,,,
4807788526762,2022-10-01,204.0,,,,
4807788526762,2022-11-01,211.0,,,,
4807788526762,2022-12-01,223.0,,,,
4807788526762,2023-01-01,132.0,,,,
4807788526762,2023-02-01,130.0,,,,
4807788526762,2023-03-01,166.0,,,,
4807788526762,2023-04-01,62.0,,,,
4807788526762,2023-05-01,192.0,,,,
4807788526762,2023-06-01,237.0,,,,
4807788526762,2023-07-01,95.0,,,,
4807788526762,2023-08-01,86.0,,,,
4807788526762,2023-09-01,166.0,,,,
4807788526762,2023-10-01,134.0,,,,
4807788526762,2023-11-01,136.0,,,,
4807788526762,2023-12-01,168.0,,,,
4807788526762,2024-01-01,189.0,,,,
4807788526762,2024-02-01,141.0,,,,
4807788526762,2024-03-01,208.0,,,,
4807788526762,2024-04-01,51.0,,,,
4807788526762,2024-05-01,19.0,,,,
4807788526762,2024-06-01,60.0,,,,
4807788526762,2024-07-01,85.0,,,,
4807788526762,2024-08-01,81.0,,,,
4807788526762,2024-09-01,52.0,,,,
4807788526762,2024-10-01,116.0,,,,
4807788526762,2024-11-01,118.0,,,,
4807788526762,2024-12-01,158.0,,,,
4807788526762,2025-01-01,89.0,,,,
4807788526762,2025-02-01,70.0,,,,
4807788526762,2025-03-01,59.0,,,,
4807788526762,2025-04-01,,55.18777633086588,45.817729042025,87.5783208544189,93.71617675690705
4807788526762,2025-05-01,,61.97004314147913,60.50562268209751,87.9769465762654,92.78082447024568
4807788526762,2025-06-01,,64.53134133590358,60.238602747175946,92.38628692933692,89.84544693567317
4807788526762,2025-07-01,,67.17737516412633,62.77272828303434,100.0173620046961,93.36759661751874
4807788526762,2025-08-01,,70.96203860045213,71.91784911349392,101.56566472201555,98.80644355490502
4807788526762,2025-09-01,,73.05598983375657,68.91667679787022,103.61946486008516,101.58724591252312
480778853619,2022-05-01,31.0,,,,
480778853619,2022-06-01,112.0,,,,
480778853619,2022-07-01,43.0,,,,
480778853619,2022-08-01,74.0,,,,
480778853619,2022-09-01,71.0,,,,
480778853619,2022-10-01,63.0,,,,
480778853619,2022-11-01,124.0,,,,
480778853619,2022-12-01,34.0,,,,
480778853619,2023-01-01,97.0,,,,
480778853619,2023-02-01,40.0,,,,
480778853619,2023-03-01,97.0,,,,
480778853619,2023-04-01,81.0,,,,
480778853619,2023-05-01,102.0,,,,
480778853619,2023-06-01,193.0,,,,
480778853619,2023-07-01,29.0,,,,
480778853619,2023-08-01,56.0,,,,
480778853619,2023-09-01,43.0,,,,
480778853619,2023-10-01,66.0,,,,
480778853619,2023-11-01,99.0,,,,
480778853619,2023-12-01,69.0,,,,
480778853619,2024-01-01,123.0,,,,
480778853619,2024-02-01,49.0,,,,
480778853619,2024-03-01,96.0,,,,
480778853619,2024-04-01,70.0,,,,
480778853619,2024-05-01,55.0,,,,
480778853619,2024-06-01,63.0,,,,
480778853619,2024-07-01,46.0,,,,
480778853619,2024-08-01,21.0,,,,
480778853619,2024-09-01,24.0,,,,
480778853619,2024-10-01,0.0,,,,
480778853619,2024-11-01,0.0,,,,
480778853619,2024-12-01,4.0,,,,
480778853619,2025-01-01,0.0,,,,
480778853619,2025-02-01,10.0,,,,
480778853619,2025-03-01,12.0,,,,
4807788559593,2022-05-01,117.0,,,,
4807788559593,2022-06-01,108.0,,,,
4807788559593,2022-07-01,163.0,,,,
4807788559593,2022-08-01,152.0,,,,
4807788559593,2022-09-01,160.0,,,,
4807788559593,2022-10-01,205.0,,,,
4807788559593,2022-11-01,201.0,,,,
4807788559593,2022-12-01,127.0,,,,
4807788559593,2023-01-01,180.0,,,,
4807788559593,2023-02-01,111.0,,,,
4807788559593,2023-03-01,72.0,,,,
4807788559593,2023-04-01,28.0,,,,
4807788559593,2023-05-01,98.0,,,,
4807788559593,2023-06-01,54.0,,,,
4807788559593,2023-07-01,60.0,,,,
4807788559593,2023-08-01,62.0,,,,
4807788559593,2023-09-01,31.0,,,,
4807788559593,2023-10-01,102.0,,,,
4807788559593,2023-11-01,56.0,,,,
4807788559593,2023-12-01,59.0,,,,
4807788559593,2024-01-01,160.0,,,,
4807788559593,2024-02-01,82.0,,,,
4807788559593,2024-03-01,45.0,,,,
4807788559593,2024-04-01,22.0,,,,
4807788559593,2024-05-01,50.0,,,,
4807788559593,2024-06-01,23.0,,,,
4807788559593,2024-07-01,77.0,,,,
4807788559593,2024-08-01,120.0,,,,
4807788559593,2024-09-01,33.0,,,,
4807788559593,2024-10-01,20.0,,,,
4807788559593,2024-11-01,18.0,,,,
4807788559593,2024-12-01,0.0,,,,
4807788559593,2025-01-01,10.0,,,,
4807788559593,2025-02-01,3.0,,,,
4807788560438,2022-05-01,53.0,,,,
4807788560438,2022-06-01,25.0,,,,
4807788560438,2022-07-01,25.0,,,,
4807788560438,2022-08-01,146.0,,,,
4807788560438,2022-09-01,51.0,,,,
4807788560438,2022-10-01,93.0,,,,
4807788560438,2022-11-01,76.0,,,,
4807788560438,2022-12-01,73.0,,,,
4807788560438,2023-01-01,110.0,,,,
4807788560438,2023-02-01,43.0,,,,
4807788560438,2023-03-01,44.0,,,,
4807788560438,2023-04-01,24.0,,,,
4807788560438,2023-05-01,76.0,,,,
4807788560438,2023-06-01,56.0,,,,
4807788560438,2023-07-01,42.0,,,,
4807788560438,2023-08-01,0.0,,,,
4807788560438,2023-09-01,80.0,,,,
4807788560438,2023-10-01,73.0,,,,
4807788560438,2023-11-01,92.0,,,,
4807788560438,2023-12-01,176.0,,,,
4807788560438,2024-01-01,148.0,,,,
4807788560438,2024-02-01,69.0,,,,
4807788560438,2024-03-01,13.0,,,,
4807788560438,2024-04-01,74.0,,,,
4807788560438,2024-05-01,48.0,,,,
4807788560438,2024-06-01,40.0,,,,
4807788560438,2024-07-01,16.0,,,,
4807788560438,2024-08-01,26.0,,,,
4807788560438,2024-09-01,74.0,,,,
4807788560438,2024-10-01,64.0,,,,
4807788560438,2024-11-01,66.0,,,,
4807788560438,2024-12-01,129.0,,,,
4807788560438,2025-01-01,0.0,,,,
4807788560438,2025-02-01,184.0,,,,
4807788560438,2025-03-01,32.0,,,,
4807788561688,2022-05-01,309.0,,,,
4807788561688,2022-06-01,510.0,,,,
4807788561688,2022-07-01,537.0,,,,
4807788561688,2022-08-01,598.0,,,,
4807788561688,2022-09-01,508.0,,,,
4807788561688,2022-10-01,697.0,,,,
4807788561688,2022-11-01,602.0,,,,
4807788561688,2022-12-01,383.0,,,,
4807788561688,2023-01-01,409.0,,,,
4807788561688,2023-02-01,571.0,,,,
4807788561688,2023-03-01,616.0,,,,
4807788561688,2023-04-01,246.0,,,,
4807788561688,2023-05-01,690.0,,,,
4807788561688,2023-06-01,1037.0,,,,
4807788561688,2023-07-01,569.0,,,,
4807788561688,2023-08-01,396.0,,,,
4807788561688,2023-09-01,705.0,,,,
4807788561688,2023-10-01,645.0,,,,
4807788561688,2023-11-01,350.0,,,,
4807788561688,2023-12-01,540.0,,,,
4807788561688,2024-01-01,800.0,,,,
4807788561688,2024-02-01,150.0,,,,
4807788561688,2024-03-01,164.0,,,,
4807788561688,2024-04-01,130.0,,,,
4807788561688,2024-05-01,52.0,,,,
4807788561688,2024-06-01,264.0,,,,
4807788561688,2024-07-01,137.0,,,,
4807788561688,2024-08-01,314.0,,,,
4807788561688,2024-09-01,1168.0,,,,
4807788561688,2024-10-01,182.0,,,,
4807788561688,2024-11-01,778.0,,,,
4807788561688,2024-12-01,667.0,,,,
4807788561688,2025-01-01,700.0,,,,
4807788561688,2025-02-01,372.0,,,,
4807788561688,2025-03-01,249.0,,,,
4807788561688,2025-04-01,,232.6770804065564,230.87953323720623,356.85213051519395,232.2317522493841
4807788561688,2025-05-01,,144.91011963310132,152.84884874932683,259.26533699990506,166.24734416484364
4807788561688,2025-06-01,,300.95152615025813,295.55233818997925,428.8414374793768,303.31144357649504
4807788561688,2025-07-01,,188.1227940511716,200.8103605365285,352.36399378939865,204.6675026250696
4807788561688,2025-08-01,,319.4599709535851,340.4013978947148,485.2629102394581,334.81952829141323
4807788561688,2025-09-01,,965.291334361418,975.7398476021116,1138.5347945972082,978.4790438225068
4807788562593,2022-05-01,164.0,,,,
4807788562593,2022-06-01,34.0,,,,
4807788562593,2022-07-01,186.0,,,,
4807788562593,2022-08-01,117.0,,,,
4807788562593,2022-09-01,103.0,,,,
4807788562593,2022-10-01,505.0,,,,
4807788562593,2022-11-01,358.0,,,,
4807788562593,2022-12-01,243.0,,,,
4807788562593,2023-01-01,207.0,,,,
4807788562593,2023-02-01,125.0,,,,
4807788562593,2023-03-01,192.0,,,,
4807788562593,2023-04-01,36.0,,,,
4807788562593,2023-05-01,157.0,,,,
4807788562593,2023-06-01,135.0,,,,
4807788562593,2023-07-01,70.0,,,,
4807788562593,2023-08-01,117.0,,,,
4807788562593,2023-09-01,123.0,,,,
4807788562593,2023-10-01,215.0,,,,
4807788562593,2023-11-01,166.0,,,,
4807788562593,2023-12-01,261.0,,,,
4807788562593,2024-01-01,307.0,,,,
4807788562593,2024-02-01,386.0,,,,
4807788562593,2024-03-01,261.0,,,,
4807788562593,2024-04-01,260.0,,,,
4807788562593,2024-05-01,259.0,,,,
4807788562593,2024-06-01,139.0,,,,
4807788562593,2024-07-01,281.0,,,,
4807788562593,2024-08-01,152.0,,,,
4807788562593,2024-09-01,32.0,,,,
4807788562593,2024-10-01,118.0,,,,
4807788562593,2024-11-01,100.0,,,,
4807788562593,2024-12-01,25.0,,,,
4807788562593,2025-01-01,206.0,,,,
4807788562593,2025-02-01,110.0,,,,
4807788562593,2025-03-01,60.0,,,,
4807788562593,2025-04-01,,45.52476947178298,45.354023893792174,123.1822356383502,107.73829822752006
4807788562593,2025-05-01,,93.98679820369792,86.33055920387062,116.72599093118303,119.36346701424704
4807788562593,2025-06-01,,103.2691456753748,86.77876023678652,121.6957085012793,126.29876677792068
4807788562593,2025-07-01,,93.3969332598457,81.63677379877879,133.67747230523818,129.90225276216376
4807788562593,2025-08-01,,95.07587188792648,91.797068882732,134.63205209955566,132.05243055087342
4807788562593,2025-09-01,,101.83817623444892,96.37269283155436,137.11176501822465,132.40913891113254
4807788562630,2022-05-01,15.0,,,,
4807788562630,2022-06-01,99.0,,,,
4807788562630,2022-07-01,15.0,,,,
4807788562630,2022-08-01,34.0,,,,
4807788562630,2022-09-01,37.0,,,,
4807788562630,2022-10-01,51.0,,,,
4807788562630,2022-11-01,100.0,,,,
4807788562630,2022-12-01,60.0,,,,
4807788562630,2023-01-01,70.0,,,,
4807788562630,2023-02-01,10.0,,,,
4807788562630,2023-03-01,123.0,,,,
4807788562630,2023-04-01,93.0,,,,
4807788562630,2023-05-01,83.0,,,,
4807788562630,2023-06-01,93.0,,,,
4807788562630,2023-07-01,14.0,,,,
4807788562630,2023-08-01,295.0,,,,
4807788562630,2023-09-01,79.0,,,,
4807788562630,2023-10-01,57.0,,,,
4807788562630,2023-11-01,110.0,,,,
4807788562630,2023-12-01,95.0,,,,
4807788562630,2024-01-01,89.0,,,,
4807788562630,2024-02-01,82.0,,,,
4807788562630,2024-03-01,128.0,,,,
4807788562630,2024-04-01,69.0,,,,
4807788562630,2024-05-01,120.0,,,,
4807788562630,2024-06-01,155.0,,,,
4807788562630,2024-07-01,9.0,,,,
4807788562630,2024-08-01,45.0,,,,
4807788562630,2024-09-01,75.0,,,,
4807788562630,2024-10-01,71.0,,,,
4807788562630,2024-11-01,28.0,,,,
4807788562630,2024-12-01,5.0,,,,
4807788562630,2025-01-01,125.0,,,,
4807788562630,2025-02-01,171.0,,,,
4807788562630,2025-03-01,150.0,,,,
4809013625080,2022-05-01,82.0,,,,
4809013625080,2022-06-01,167.0,,,,
4809013625080,2022-07-01,91.0,,,,
4809013625080,2022-08-01,138.0,,,,
4809013625080,2022-09-01,154.0,,,,
4809013625080,2022-10-01,203.0,,,,
4809013625080,2022-11-01,108.0,,,,
4809013625080,2022-12-01,112.0,,,,
4809013625080,2023-01-01,68.0,,,,
4809013625080,2023-02-01,74.0,,,,
4809013625080,2023-03-01,62.0,,,,
4809013625080,2023-04-01,5.0,,,,
4809013625080,2023-05-01,10.0,,,,
4809013625080,2023-06-01,0.0,,,,
4809013625080,2023-07-01,107.0,,,,
4809013625080,2023-08-01,11.0,,,,
4809013625080,2023-09-01,124.0,,,,
4809013625080,2023-10-01,81.0,,,,
4809013625080,2023-11-01,43.0,,,,
4809013625080,2023-12-01,88.0,,,,
4809013625080,2024-01-01,100.0,,,,
4809013625080,2024-02-01,136.0,,,,
4809013625080,2024-03-01,150.0,,,,
4809013625080,2024-04-01,109.0,,,,
4809013625080,2024-05-01,124.0,,,,
4809013625080,2024-06-01,142.0,,,,
4809013625080,2024-07-01,132.0,,,,
4809013625080,2024-08-01,105.0,,,,
4809013625080,2024-09-01,104.0,,,,
4809013625080,2024-10-01,155.0,,,,
4809013625080,2024-11-01,209.0,,,,
4809013625080,2024-12-01,170.0,,,,
4809013625080,2025-01-01,134.0,,,,
4809013625080,2025-02-01,50.0,,,,
4809013625080,2025-03-01,75.0,,,,
4809015142035,2022-07-01,15.0,,,,
4809015142035,2022-08-01,0.0,,,,
4809015142035,2022-09-01,0.0,,,,
4809015142035,2022-10-01,0.0,,,,
4809015142035,2022-11-01,26.0,,,,
4809015142035,2022-12-01,86.0,,,,
4809015142035,2023-01-01,189.0,,,,
4809015142035,2023-02-01,228.0,,,,
4809015142035,2023-03-01,374.0,,,,
4809015142035,2023-04-01,329.0,,,,
4809015142035,2023-05-01,207.0,,,,
4809015142035,2023-06-01,245.0,,,,
4809015142035,2023-07-01,157.0,,,,
4809015142035,2023-08-01,154.0,,,,
4809015142035,2023-09-01,160.0,,,,
4809015142035,2023-10-01,167.0,,,,
4809015142035,2023-11-01,165.0,,,,
4809015142035,2023-12-01,310.0,,,,
4809015142035,2024-01-01,204.0,,,,
4809015142035,2024-02-01,176.0,,,,
4809015142035,2024-03-01,98.0,,,,
4809015142035,2024-04-01,292.0,,,,
4809015142035,2024-05-01,124.0,,,,
4809015142035,2024-06-01,110.0,,,,
4809015142035,2024-07-01,113.0,,,,
4809015142035,2024-08-01,55.0,,,,
4809015142035,2024-09-01,110.0,,,,
4809015142035,2024-10-01,118.0,,,,
4809015142035,2024-11-01,0.0,,,,
4809015142035,2024-12-01,22.0,,,,
54021235,2023-03-01,370.0,,,,
54021235,2023-04-01,554.0,,,,
54021235,2023-05-01,176.0,,,,
54021235,2023-06-01,900.0,,,,
54021235,2023-07-01,342.0,,,,
54021235,2023-08-01,488.0,,,,
69853920,2022-09-01,185.0,,,,
69853920,2022-10-01,320.0,,,,
69853920,2022-11-01,245.0,,,,
69853920,2022-12-01,400.0,,,,
69853920,2023-01-01,115.0,,,,
69853920,2023-02-01,230.0,,,,
69853920,2023-03-01,140.0,,,,
69853920,2023-04-01,50.0,,,,
69853920,2023-05-01,155.0,,,,
69853920,2023-06-01,18.0,,,,
69853920,2023-07-01,150.0,,,,
69853920,2023-08-01,102.0,,,,
69853920,2023-09-01,600.0,,,,
8902269016674,2022-05-01,101.0,,,,
8902269016674,2022-06-01,67.0,,,,
8902269016674,2022-07-01,102.0,,,,
8902269016674,2022-08-01,179.0,,,,
8902269016674,2022-09-01,158.0,,,,
8902269016674,2022-10-01,216.0,,,,
8902269016674,2022-11-01,163.0,,,,
8902269016674,2022-12-01,206.0,,,,
8902269016674,2023-01-01,269.0,,,,
8902269016674,2023-02-01,30.0,,,,
8902269016674,2023-03-01,1.0,,,,
8902269016674,2023-04-01,6.0,,,,
8902269016674,2023-05-01,40.0,,,,
8902269016674,2023-06-01,0.0,,,,
8902269016674,2023-07-01,84.0,,,,
8902269016674,2023-08-01,58.0,,,,
8902269016674,2023-09-01,185.0,,,,
8902269016674,2023-10-01,122.0,,,,
8902269016674,2023-11-01,80.0,,,,
8902269016674,2023-12-01,52.0,,,,
8902269016674,2024-01-01,80.0,,,,
8902269016674,2024-02-01,90.0,,,,
8902269016674,2024-03-01,42.0,,,,
8902269016674,2024-04-01,0.0,,,,
8902269016674,2024-05-01,0.0,,,,
8902269016674,2024-06-01,0.0,,,,
8902269016674,2024-07-01,0.0,,,,
8902269016674,2024-08-01,0.0,,,,
8902269016674,2024-09-01,0.0,,,,
8902269016674,2024-10-01,0.0,,,,
8902269016674,2024-11-01,42.0,,,,
8904159620923,2022-09-01,39.0,,,,
8904159620923,2022-10-01,26.0,,,,
8904159620923,2022-11-01,83.0,,,,
8904159620923,2022-12-01,47.0,,,,
8904159620923,2023-01-01,14.0,,,,
8904159620923,2023-02-01,24.0,,,,
8904159620923,2023-03-01,55.0,,,,
8904159620923,2023-04-01,52.0,,,,
8904159620923,2023-05-01,146.0,,,,
8904159620923,2023-06-01,48.0,,,,
8904159620923,2023-07-01,110.0,,,,
8904159620923,2023-08-01,212.0,,,,
8904159620923,2023-09-01,72.0,,,,
8904159620923,2023-10-01,124.0,,,,
8904159620923,2023-11-01,70.0,,,,
8904159620923,2023-12-01,44.0,,,,
8904159620923,2024-01-01,105.0,,,,
8904159620923,2024-02-01,44.0,,,,
8904159620923,2024-03-01,71.0,,,,
8904159620923,2024-04-01,129.0,,,,
8904159620923,2024-05-01,65.0,,,,
8904159620923,2024-06-01,95.0,,,,
8904159620923,2024-07-01,174.0,,,,
8904159620923,2024-08-01,95.0,,,,
8904159620923,2024-09-01,89.0,,,,
8904159620923,2024-10-01,10.0,,,,
8904159620923,2024-11-01,177.0,,,,
8904159620923,2024-12-01,98.0,,,,
8904159620923,2025-01-01,78.0,,,,
8904159620923,2025-02-01,138.0,,,,
8904159620923,2025-03-01,56.0,,,,
8904179014702,2022-12-01,920.0,,,,
8904179014702,2023-01-01,617.0,,,,
8904179014702,2023-02-01,1075.0,,,,
8904179014702,2023-03-01,885.0,,,,
8904179014702,2023-04-01,637.0,,,,
8904179014702,2023-05-01,1170.0,,,,
8904179014702,2023-06-01,692.0,,,,
8904179014702,2023-07-01,451.0,,,,
8904179014702,2023-08-01,675.0,,,,
8904179014702,2023-09-01,112.0,,,,
8904179014702,2023-10-01,,112.0,112.0,112.0,112.0
8904179014702,2023-11-01,,112.0,112.0,112.0,112.0
8904179014702,2023-12-01,,112.0,112.0,112.0,112.0
8904179014702,2024-01-01,,112.0,112.0,112.0,112.0
8904179014702,2024-02-01,,112.0,112.0,112.0,112.0
8904179014702,2024-03-01,,112.0,112.0,112.0,112.0
8904179017819,2024-10-01,10.0,,,,
8904179017819,2024-11-01,654.0,,,,
8904179017819,2024-12-01,1076.0,,,,
8904179017819,2025-01-01,230.0,,,,
8904179017819,2025-02-01,10.0,,,,
8904179017819,2025-03-01,242.0,,,,
8904184004972,2022-05-01,206.0,,,,
8904184004972,2022-06-01,254.0,,,,
8904184004972,2022-07-01,155.0,,,,
8904184004972,2022-08-01,179.0,,,,
8904184004972,2022-09-01,150.0,,,,
8904184004972,2022-10-01,137.0,,,,
8904184004972,2022-11-01,10.0,,,,
8904184004972,2022-12-01,30.0,,,,
8904184004972,2023-01-01,30.0,,,,
8904184004972,2023-02-01,20.0,,,,
8904184004972,2023-03-01,0.0,,,,
8904184004972,2023-04-01,10.0,,,,
8904184004972,2023-05-01,60.0,,,,
8904184004972,2023-06-01,80.0,,,,
8904184004972,2023-07-01,40.0,,,,
8904184004972,2023-08-01,80.0,,,,
8904184004972,2023-09-01,60.0,,,,
8904184004972,2023-10-01,80.0,,,,
8904184004972,2023-11-01,50.0,,,,
8904184004972,2023-12-01,50.0,,,,
8904184004972,2024-01-01,70.0,,,,
8904184004972,2024-02-01,30.0,,,,
8904184004972,2024-03-01,60.0,,,,
8904184004972,2024-04-01,60.0,,,,
8904184004972,2024-05-01,40.0,,,,
8904184004972,2024-06-01,40.0,,,,
8904184004972,2024-07-01,60.0,,,,
8904184004972,2024-08-01,0.0,,,,
8904184004972,2024-09-01,0.0,,,,
8904184004972,2024-10-01,0.0,,,,
8904184004972,2024-11-01,30.0,,,,
8904184004972,2024-12-01,0.0,,,,
8904184004972,2025-01-01,0.0,,,,
8904184004972,2025-02-01,10.0,,,,
8904184004972,2025-03-01,50.0,,,,
8904186000521,2022-05-01,117.0,,,,
8904186000521,2022-06-01,190.0,,,,
8904186000521,2022-07-01,138.0,,,,
8904186000521,2022-08-01,125.0,,,,
8904186000521,2022-09-01,222.0,,,,
8904186000521,2022-10-01,116.0,,,,
8904186000521,2022-11-01,188.0,,,,
8904186000521,2022-12-01,88.0,,,,
8904186000521,2023-01-01,31.0,,,,
8904186000521,2023-02-01,38.0,,,,
8904186000521,2023-03-01,158.0,,,,
8904186000521,2023-04-01,103.0,,,,
8904186000521,2023-05-01,172.0,,,,
8904186000521,2023-06-01,144.0,,,,
8904186000521,2023-07-01,203.0,,,,
8904186000521,2023-08-01,136.0,,,,
8904186000521,2023-09-01,264.0,,,,
8904186000521,2023-10-01,275.0,,,,
8904186000521,2023-11-01,307.0,,,,
8904186000521,2023-12-01,337.0,,,,
8904186000521,2024-01-01,178.0,,,,
8904186000521,2024-02-01,135.0,,,,
8904186000521,2024-03-01,255.0,,,,
8904186000521,2024-04-01,185.0,,,,
8904186000521,2024-05-01,140.0,,,,
8904186000521,2024-06-01,,147.09043349739005,139.63394645589568,170.94630870610166,188.01484247842723
8904186000521,2024-07-01,,193.0605309307983,216.5255889542845,189.2730568076038,203.6261411661484
8904186000521,2024-08-01,,162.11274592980797,180.19855946851888,157.65153327945202,184.46317553457845
8904186000521,2024-09-01,,222.8610997480709,252.57318162964523,227.12188461712964,235.0128717963976
8904186000521,2024-10-01,,230.5920919929917,270.6839249817252,230.9274584255641,245.0692627256685
8904186000521,2024-11-01,,249.65279317489205,289.27999567821007,248.48223728664536,258.07694641764425
8944164010272,2022-05-01,49.0,,,,
8944164010272,2022-06-01,170.0,,,,
8944164010272,2022-07-01,124.0,,,,
8944164010272,2022-08-01,162.0,,,,
8944164010272,2022-09-01,89.0,,,,
8944164010272,2022-10-01,50.0,,,,
8944164010272,2022-11-01,0.0,,,,
8944164010272,2022-12-01,0.0,,,,
8944164010272,2023-01-01,0.0,,,,
8944164010272,2023-02-01,0.0,,,,
8944164010272,2023-03-01,223.0,,,,
8944164010272,2023-04-01,113.0,,,,
8944164010272,2023-05-01,213.0,,,,
8944164010272,2023-06-01,144.0,,,,
8944164010272,2023-07-01,180.0,,,,
8944164010272,2023-08-01,157.0,,,,
8944164010272,2023-09-01,105.0,,,,
8944164010272,2023-10-01,163.0,,,,
8944164010272,2023-11-01,278.0,,,,
8944164010272,2023-12-01,241.0,,,,
8944164010272,2024-01-01,185.0,,,,
8944164010272,2024-02-01,192.0,,,,
8944164010272,2024-03-01,171.0,,,,
8944164010272,2024-04-01,102.0,,,,
8944164010272,2024-05-01,30.0,,,,
8944164010272,2024-06-01,7.0,,,,
8944164510321,2022-05-01,463.0,,,,
8944164510321,2022-06-01,267.0,,,,
8944164510321,2022-07-01,624.0,,,,
8944164510321,2022-08-01,335.0,,,,
8944164510321,2022-09-01,360.0,,,,
8944164510321,2022-10-01,343.0,,,,
8944164510321,2022-11-01,28.0,,,,
8961100510023,2022-05-01,93.0,,,,
8961100510023,2022-06-01,133.0,,,,
8961100510023,2022-07-01,48.0,,,,
8961100510023,2022-08-01,124.0,,,,
8961100510023,2022-09-01,226.0,,,,
8961100510023,2022-10-01,214.0,,,,
8961100510023,2022-11-01,162.0,,,,
8961100510023,2022-12-01,163.0,,,,
8961100510023,2023-01-01,161.0,,,,
8961100510023,2023-02-01,182.0,,,,
8961100510023,2023-03-01,207.0,,,,
8961100510023,2023-04-01,42.0,,,,
8961100510023,2023-05-01,0.0,,,,
8961100510023,2023-06-01,0.0,,,,
8961100510023,2023-07-01,0.0,,,,
8961100510023,2023-08-01,0.0,,,,
8961100510023,2023-09-01,0.0,,,,
8961100510023,2023-10-01,0.0,,,,
8961100510023,2023-11-01,0.0,,,,
8961100510023,2023-12-01,0.0,,,,
8961100510023,2024-01-01,0.0,,,,
8961100510023,2024-02-01,0.0,,,,
8961100510023,2024-03-01,0.0,,,,
8961100510023,2024-04-01,102.0,,,,
8961100510023,2024-05-01,39.0,,,,
8961100510023,2024-06-01,105.0,,,,
8961100510023,2024-07-01,2.0,,,,
8961100510023,2024-08-01,77.0,,,,
8961100510023,2024-09-01,9.0,,,,
8961100510023,2024-10-01,0.0,,,,
8961100510023,2024-11-01,0.0,,,,
8961100510023,2024-12-01,0.0,,,,
8961100510023,2025-01-01,0.0,,,,
8961100510023,2025-02-01,0.0,,,,
8961100510023,2025-03-01,110.0,,,,
8994388106237,2022-05-01,5.0,,,,
8994388106237,2022-06-01,73.0,,,,
8994388106237,2022-07-01,106.0,,,,
8994388106237,2022-08-01,2.0,,,,
8994388106237,2022-09-01,129.0,,,,
8994388106237,2022-10-01,60.0,,,,
8994388106237,2022-11-01,97.0,,,,
8994388106237,2022-12-01,42.0,,,,
8994388106237,2023-01-01,104.0,,,,
8994388106237,2023-02-01,73.0,,,,
8994388106237,2023-03-01,98.0,,,,
8994388106237,2023-04-01,33.0,,,,
8994388106237,2023-05-01,0.0,,,,
8994388106237,2023-06-01,161.0,,,,
8994388106237,2023-07-01,100.0,,,,
8994388106237,2023-08-01,107.0,,,,
8994388106237,2023-09-01,125.0,,,,
8994388106237,2023-10-01,167.0,,,,
8994388106237,2023-11-01,120.0,,,,
8994388106237,2023-12-01,171.0,,,,
8994388106237,2024-01-01,150.0,,,,
8994388106237,2024-02-01,137.0,,,,
8994388106237,2024-03-01,110.0,,,,
8994388106237,2024-04-01,95.0,,,,
8994388106237,2024-05-01,61.0,,,,
8994388106237,2024-06-01,113.0,,,,
8994388106237,2024-07-01,7.0,,,,
8994388106237,2024-08-01,0.0,,,,
8994388106237,2024-09-01,90.0,,,,
8994388106237,2024-10-01,190.0,,,,
8994388106237,2024-11-01,20.0,,,,
8994388106237,2024-12-01,90.0,,,,
8994388106237,2025-01-01,70.0,,,,
8994388106237,2025-02-01,140.0,,,,
8994388106237,2025-03-01,120.0,,,,
