anchor,complement,lift,confidence_pct,support_pct,pair_tx
LAMPEIN JUMBO PACK L 54S,LAMPEIN JUMBO PACK XL 48s,976.3795454545453,77.27,0.07,17
LAMPEIN JUMBO PACK XL 48s,LAMPEIN JUMBO PACK L 54S,976.3795454545453,85.0,0.07,17
GLIMESYN (GLIMEPIRIDE) 2MG TAB,GLUMET XR 500MG (METFORMIN HCI) TAB,328.19480519480516,63.64,0.11,28
GLUMET XR 500MG (METFORMIN HCI) TAB,GLIMESYN (GLIMEPIRIDE) 2MG TAB,328.19480519480516,57.14,0.11,28
PARTNERS BLOOD GLUCOMETER CBPC-73,PARTNERS GLUCOSE STRIPS 25&#039;S CBPC-73,319.2643343051506,61.9,0.1,26
PARTNERS GLUCOSE STRIPS 25&#039;S CBPC-73,PARTNERS BLOOD GLUCOMETER CBPC-73,319.2643343051506,53.06,0.1,26
INSULINE SYRINGE (BD ULTRA FINE) G30 0.5ML,VAXIRAB 2.5 IU 1ML,256.29817444219066,88.24,0.12,30
VAXIRAB 2.5 IU 1ML,INSULINE SYRINGE (BD ULTRA FINE) G30 0.5ML,256.29817444219066,34.48,0.12,30
VAXIRAB 2.5 IU 1ML,INSULIN SYRINGE COSMED,204.40570455512986,43.68,0.15,38
INSULIN SYRINGE COSMED,VAXIRAB 2.5 IU 1ML,204.40570455512986,70.37,0.15,38
CALCITROL 500 1250MG/250IU TAB,MAMACARE CAP,134.40234011434652,36.7,0.16,40
MAMACARE CAP,CALCITROL 500 1250MG/250IU TAB,134.40234011434652,57.97,0.16,40
CALTRATE ADVANCE TAB,CENTRUM(ADVANCE)TAB,130.0394511149228,33.96,0.07,18
CENTRUM(ADVANCE)TAB,CALTRATE ADVANCE TAB,130.0394511149228,27.27,0.07,18
BONAMINE CHEW(ADULT)TAB 25MG,BONAMINE CHEW(KIDS)TAB 12.5MG,95.99620132953467,13.68,0.06,16
BONAMINE CHEW(KIDS)TAB 12.5MG,BONAMINE CHEW(ADULT)TAB 25MG,95.99620132953467,44.44,0.06,16
AK LOG TAB,AMVASC BE TAB 5MG,90.9373106060606,63.33,0.15,38
AMVASC BE TAB 5MG,AK LOG TAB,90.9373106060606,21.59,0.15,38
AMVASC BE TAB 5MG,EUTHYROX TAB 50MCG,26.106404958677686,10.23,0.07,18
AMVASC BE TAB 5MG,ATENURIX FCT 40MG,24.101806006493504,26.7,0.19,47
CARESS ADULT DIAPER XL10,CARESS UNDERPADS XL8,90.5373254368648,34.75,0.19,49
CARESS UNDERPADS XL8,CARESS ADULT DIAPER XL10,90.5373254368648,50.52,0.19,49
AMLOSAPH (AMLODIPINE) 10MG TAB,CARDIPRES (CARVEDILOL) 12.5MG FC TAB,58.701509872241566,28.57,0.09,24
CARDIPRES (CARVEDILOL) 12.5MG FC TAB,AMLOSAPH (AMLODIPINE) 10MG TAB,58.701509872241566,19.51,0.09,24
RM AMLODIPINE 5MG,RM CLOPIDOGREL 75MG TAB,57.37481940144479,19.3,0.13,33
RM AMLODIPINE 5MG,RM ATORVASTATIN 10MG TAB,42.58172266825255,9.94,0.07,17
RM CLOPIDOGREL 75MG TAB,RM AMLODIPINE 5MG,57.37481940144479,38.82,0.13,33
CENTRUM SILVER ADVANCE TAB,ROBITUSSIN L-GEL CAP 200MG,56.246006808064934,25.37,0.2,51
CENTRUM SILVER ADVANCE TAB,SOLMUX 500MG CAP,11.368873716523764,8.46,0.07,17
ROBITUSSIN L-GEL CAP 200MG,CENTRUM SILVER ADVANCE TAB,56.246006808064934,44.74,0.2,51
AXMEL (AMOXICILLIN TRIHYDRATE) 500MG CAP,MECID (MEFENAMIC) 500MG CAP,55.46447187928669,19.75,0.06,16
MECID (MEFENAMIC) 500MG CAP,AXMEL (AMOXICILLIN TRIHYDRATE) 500MG CAP,55.46447187928669,17.78,0.06,16
ESSENTIALE FORTE CAP,SPIRODEN (SPIRONOLACTONE) 25MG TAB,55.208301671732535,41.07,0.09,23
SPIRODEN (SPIRONOLACTONE) 25MG TAB,ESSENTIALE FORTE CAP,55.208301671732535,12.23,0.09,23
SPIRODEN (SPIRONOLACTONE) 25MG TAB,CLOHEAL (CLOPIDOGREL) 75MG TAB,21.45003395201449,7.98,0.06,15
SPIRODEN (SPIRONOLACTONE) 25MG TAB,GIRAN-8 (CANDESARTAN) 8MG TAB,20.840343064489527,10.64,0.08,20
SPIRODEN (SPIRONOLACTONE) 25MG TAB,KARVIDOL 25MG TAB,17.06923336710571,8.51,0.06,16
SPIRODEN (SPIRONOLACTONE) 25MG TAB,CALIPTROL (ATORVASTATIN) 40MG,13.378315014621359,11.17,0.08,21
GAUZE PAD 4X4 TRUCARE,MICROPORE 1 INCH,53.354073522106304,27.87,0.07,17
MICROPORE 1 INCH,GAUZE PAD 4X4 TRUCARE,53.354073522106304,12.88,0.07,17
CALIPTROL (ATORVASTATIN) 40MG,CLOHEAL (CLOPIDOGREL) 75MG TAB,49.690884340022194,18.48,0.15,39
CALIPTROL (ATORVASTATIN) 40MG,FEBUNAZ (FEBUXOSTAT) 40MG FC TAB,49.19033513879486,10.9,0.09,23
CALIPTROL (ATORVASTATIN) 40MG,GIRAN-8 (CANDESARTAN) 8MG TAB,17.640214556008672,9.0,0.08,19
CALIPTROL (ATORVASTATIN) 40MG,KARVIDOL 25MG TAB,17.109681787406906,8.53,0.07,18
CALIPTROL (ATORVASTATIN) 40MG,FEBUDAY-40 (FEBUXOSTAT) 40MG TAB,14.7731173142368,13.27,0.11,28
CLOHEAL (CLOPIDOGREL) 75MG TAB,CALIPTROL (ATORVASTATIN) 40MG,49.690884340022194,41.49,0.15,39
CLOHEAL (CLOPIDOGREL) 75MG TAB,GIRAN-8 (CANDESARTAN) 8MG TAB,37.51261751608115,19.15,0.07,18
CLOHEAL (CLOPIDOGREL) 75MG TAB,KARVIDOL 25MG TAB,32.004812563323206,15.96,0.06,15
CLOHEAL (CLOPIDOGREL) 75MG TAB,FEBUDAY-40 (FEBUXOSTAT) 40MG TAB,27.239338269753496,24.47,0.09,23
CLOHEAL (CLOPIDOGREL) 75MG TAB,SPIRODEN (SPIRONOLACTONE) 25MG TAB,21.45003395201449,15.96,0.06,15
FEBUNAZ (FEBUXOSTAT) 40MG FC TAB,CALIPTROL (ATORVASTATIN) 40MG,49.19033513879486,41.07,0.09,23
CARESS ADULT DIAPER L10+1,CARESS UNDERPADS L8,48.73505414626911,12.15,0.05,13
CARESS UNDERPADS L8,CARESS ADULT DIAPER L10+1,48.73505414626911,20.63,0.05,13
CARVIDA (CARVEDILOL) 6.25MG TAB,ISOPTIN TAB 40MG,46.00303398058253,8.74,0.07,18
CARVIDA (CARVEDILOL) 6.25MG TAB,FUSEDEX (FUROSEMIDE) 40MG TAB,29.895529085420574,14.08,0.11,29
ISOPTIN TAB 40MG,CARVIDA (CARVEDILOL) 6.25MG TAB,46.00303398058253,37.5,0.07,18
MEDIFORTAN(AS)CAP,MX3 CAP,44.83323477232407,15.79,0.07,18
MX3 CAP,MEDIFORTAN(AS)CAP,44.83323477232407,20.22,0.07,18
NATRAVOX (CO-AMOXICLAV) 457MG/5ML 70ML,NATRAVOX 457MG/5ML 35ML SUSP,44.335087719298244,13.33,0.07,18
NATRAVOX 457MG/5ML 35ML SUSP,NATRAVOX (CO-AMOXICLAV) 457MG/5ML 70ML,44.335087719298244,23.68,0.07,18
RM ATORVASTATIN 10MG TAB,RM AMLODIPINE 5MG,42.58172266825255,28.81,0.07,17
GIRAN-8 (CANDESARTAN) 8MG TAB,KARVIDOL 25MG TAB,41.97840531561462,20.93,0.11,27
GIRAN-8 (CANDESARTAN) 8MG TAB,CLOHEAL (CLOPIDOGREL) 75MG TAB,37.51261751608115,13.95,0.07,18
GIRAN-8 (CANDESARTAN) 8MG TAB,FEBUDAY-40 (FEBUXOSTAT) 40MG TAB,25.02677321312707,22.48,0.11,29
GIRAN-8 (CANDESARTAN) 8MG TAB,SPIRODEN (SPIRONOLACTONE) 25MG TAB,20.840343064489527,15.5,0.08,20
GIRAN-8 (CANDESARTAN) 8MG TAB,CALIPTROL (ATORVASTATIN) 40MG,17.640214556008672,14.73,0.08,19
KARVIDOL 25MG TAB,GIRAN-8 (CANDESARTAN) 8MG TAB,41.97840531561462,21.43,0.11,27
KARVIDOL 25MG TAB,CLOHEAL (CLOPIDOGREL) 75MG TAB,32.004812563323206,11.9,0.06,15
KARVIDOL 25MG TAB,FEBUDAY-40 (FEBUXOSTAT) 40MG TAB,21.20495070274806,19.05,0.09,24
KARVIDOL 25MG TAB,CALIPTROL (ATORVASTATIN) 40MG,17.109681787406906,14.29,0.07,18
KARVIDOL 25MG TAB,SPIRODEN (SPIRONOLACTONE) 25MG TAB,17.06923336710571,12.7,0.06,16
ATENURIX FCT 40MG,B-PLEX (VIT B1+B6+B12) CAP,30.876221804511275,9.29,0.1,26
ATENURIX FCT 40MG,AMVASC BE TAB 5MG,24.101806006493504,16.79,0.19,47
ATENURIX FCT 40MG,DIABEE (VITAMIN B COMPLEX) CAP,22.363716814159293,10.0,0.11,28
ATENURIX FCT 40MG,AURORA (ROSUVASTATIN) 20MG FC TAB,20.713934426229503,5.0,0.06,14
ATENURIX FCT 40MG,NEBILET TAB 5MG,12.033809523809525,12.14,0.13,34
B-PLEX (VIT B1+B6+B12) CAP,ATENURIX FCT 40MG,30.876221804511275,34.21,0.1,26
B-PLEX (VIT B1+B6+B12) CAP,REVICON FORTE TAB,28.549109516214777,22.37,0.07,17
B-PLEX (VIT B1+B6+B12) CAP,TRAJENTA (LINAGLIPTIN) 5MG TAB,26.006615701264334,18.42,0.06,14
B-PLEX (VIT B1+B6+B12) CAP,NEBILET TAB 5MG,22.167543859649125,22.37,0.07,17
B-PLEX (VIT B1+B6+B12) CAP,FORXIGA 10MG,11.149356379113463,22.37,0.07,17
FUSEDEX (FUROSEMIDE) 40MG TAB,CARVIDA (CARVEDILOL) 6.25MG TAB,29.895529085420574,24.37,0.11,29
REVICON FORTE TAB,B-PLEX (VIT B1+B6+B12) CAP,28.549109516214777,8.59,0.07,17
REVICON FORTE TAB,NEBILET TAB 5MG,12.012358882947119,12.12,0.09,24
REVICON FORTE TAB,ATENURIX FCT 40MG,10.93982683982684,12.12,0.09,24
REVICON FORTE TAB,TRAJENTA (LINAGLIPTIN) 5MG TAB,9.98233733987924,7.07,0.06,14
REVICON FORTE TAB,FORXIGA 10MG,6.041718964795888,12.12,0.09,24
FEBUDAY-40 (FEBUXOSTAT) 40MG TAB,CLOHEAL (CLOPIDOGREL) 75MG TAB,27.239338269753496,10.13,0.09,23
FEBUDAY-40 (FEBUXOSTAT) 40MG TAB,GIRAN-8 (CANDESARTAN) 8MG TAB,25.02677321312707,12.78,0.11,29
FEBUDAY-40 (FEBUXOSTAT) 40MG TAB,KARVIDOL 25MG TAB,21.20495070274806,10.57,0.09,24
FEBUDAY-40 (FEBUXOSTAT) 40MG TAB,CALIPTROL (ATORVASTATIN) 40MG,14.7731173142368,12.33,0.11,28
FEBUDAY-40 (FEBUXOSTAT) 40MG TAB,SPIRODEN (SPIRONOLACTONE) 25MG TAB,11.843190552066737,8.81,0.08,20
EUTHYROX TAB 50MCG,AMVASC BE TAB 5MG,26.106404958677686,18.18,0.07,18
TRAJENTA (LINAGLIPTIN) 5MG TAB,B-PLEX (VIT B1+B6+B12) CAP,26.006615701264334,7.82,0.06,14
TRAJENTA (LINAGLIPTIN) 5MG TAB,REVICON FORTE TAB,9.98233733987924,7.82,0.06,14
TRAJENTA (LINAGLIPTIN) 5MG TAB,NEBILET TAB 5MG,9.965560302333225,10.06,0.07,18
TRAJENTA (LINAGLIPTIN) 5MG TAB,ATENURIX FCT 40MG,7.058938547486033,7.82,0.06,14
TRAJENTA (LINAGLIPTIN) 5MG TAB,FORXIGA 10MG,5.290723171685785,10.61,0.08,19
CELCOXX CAP 200MG,RM COLCHICINE 500MG TAB,22.46596393192786,11.29,0.06,14
RM COLCHICINE 500MG TAB,CELCOXX CAP 200MG,22.46596393192786,11.02,0.06,14
DIABEE (VITAMIN B COMPLEX) CAP,ATENURIX FCT 40MG,22.363716814159293,24.78,0.11,28
NEBILET TAB 5MG,B-PLEX (VIT B1+B6+B12) CAP,22.167543859649125,6.67,0.07,17
NEBILET TAB 5MG,NEPHROMIN (KETOANALOGUES+ESSENTIAL AMINO ACIDS) TAB,13.412295444493587,7.06,0.07,18
NEBILET TAB 5MG,ATENURIX FCT 40MG,12.033809523809525,13.33,0.13,34
NEBILET TAB 5MG,REVICON FORTE TAB,12.012358882947119,9.41,0.09,24
NEBILET TAB 5MG,TRAJENTA (LINAGLIPTIN) 5MG TAB,9.965560302333225,7.06,0.07,18
FEMME PAPER TOWEL 1PLY,SANICARE CLEANSING WIPES - ALOE 80 SHEETS,21.980818531404502,11.05,0.08,19
SANICARE CLEANSING WIPES - ALOE 80 SHEETS,FEMME PAPER TOWEL 1PLY,21.980818531404502,14.96,0.08,19
AMLOTHIX (AMLODIPINE) 5MG TAB,NOVASARTAN (LOSARTAN K) 50MG FC TAB,21.49286191604398,15.05,0.06,14
NOVASARTAN (LOSARTAN K) 50MG FC TAB,AMLOTHIX (AMLODIPINE) 5MG TAB,21.49286191604398,7.91,0.06,14
ERCEFLORA KIDDIE ORAL SOLUTION 5ML,VIVALYTE E-DRINK APPLE 250ML,21.108419645840293,20.55,0.06,15
VIVALYTE E-DRINK APPLE 250ML,ERCEFLORA KIDDIE ORAL SOLUTION 5ML,21.108419645840293,6.1,0.06,15
VIVALYTE E-DRINK APPLE 250ML,VIVALYTE E-DRINK ORANGE 250ML,12.34977120263006,8.94,0.09,22
AURORA (ROSUVASTATIN) 20MG FC TAB,ATENURIX FCT 40MG,20.713934426229503,22.95,0.06,14
ASMACAIRE 2MG/5ML 60ML SYRUP,KLARYTH 250MG/5ML SUSP 35ML,19.503241407697057,8.72,0.06,15
ASMACAIRE 2MG/5ML 60ML SYRUP,BACTIV 457MG/5ML 70ML,17.61593794494542,27.33,0.19,47
KLARYTH 250MG/5ML SUSP 35ML,ASMACAIRE 2MG/5ML 60ML SYRUP,19.503241407697057,13.27,0.06,15
KLARYTH 250MG/5ML SUSP 35ML,OHHIRA&#039;S RED OMX PROBIOTICS CAP,6.695723597053681,13.27,0.06,15
CALCIUMADE TAB,TERRAFERON CAP,18.585637032230153,14.78,0.07,17
TERRAFERON CAP,CALCIUMADE TAB,18.585637032230153,8.46,0.07,17
TERRAFERON CAP,MX3 COFFEE MIX 10G,5.733450013774774,6.97,0.06,14
BACTIV 457MG/5ML 70ML,ASMACAIRE 2MG/5ML 60ML SYRUP,17.61593794494542,11.99,0.19,47
BACTIV 457MG/5ML 70ML,BREZU SYR 5MCG/ML 60ML..,10.744472789115648,8.16,0.13,32
BACTIV 457MG/5ML 70ML,APPEVIT 120ML SYR,10.670372976776918,6.12,0.09,24
BACTIV 457MG/5ML 70ML,MEPTIN SYR 60ML,7.287555456965395,3.32,0.05,13
BACTIV 457MG/5ML 70ML,OHHIRA&#039;S RED OMX PROBIOTICS CAP,5.533081795592489,10.97,0.17,43
RETASAR (LOSARTAN) 50MG TAB,RETAVASC (AMLODIPINE) 10MG TAB,14.39026596101025,6.72,0.07,17
RETAVASC (AMLODIPINE) 10MG TAB,RETASAR (LOSARTAN) 50MG TAB,14.39026596101025,14.41,0.07,17
NEPHROMIN (KETOANALOGUES+ESSENTIAL AMINO ACIDS) TAB,NEBILET TAB 5MG,13.412295444493587,13.53,0.07,18
NEPHROMIN (KETOANALOGUES+ESSENTIAL AMINO ACIDS) TAB,ATENURIX FCT 40MG,10.857572502685285,12.03,0.06,16
TRIMEBET (TRIMETAZIDINE) 35MG TAB,KARVIDOL 25MG TAB,13.250440917107586,6.61,0.09,22
TRIMEBET (TRIMETAZIDINE) 35MG TAB,GIRAN-8 (CANDESARTAN) 8MG TAB,12.354005167958658,6.31,0.08,21
TRIMEBET (TRIMETAZIDINE) 35MG TAB,CLOHEAL (CLOPIDOGREL) 75MG TAB,11.30260047281324,4.2,0.06,14
TRIMEBET (TRIMETAZIDINE) 35MG TAB,FEBUDAY-40 (FEBUXOSTAT) 40MG TAB,7.020558002936857,6.31,0.08,21
TRIMEBET (TRIMETAZIDINE) 35MG TAB,CALIPTROL (ATORVASTATIN) 40MG,5.754607688256978,4.8,0.06,16
VIVALYTE E-DRINK ORANGE 250ML,VIVALYTE E-DRINK APPLE 250ML,12.34977120263006,12.02,0.09,22
FORXIGA 10MG,SPIRODEN (SPIRONOLACTONE) 25MG TAB,11.930788115321668,8.88,0.18,45
FORXIGA 10MG,GIRAN-8 (CANDESARTAN) 8MG TAB,11.205281103313304,5.72,0.11,29
FORXIGA 10MG,B-PLEX (VIT B1+B6+B12) CAP,11.149356379113463,3.35,0.07,17
FORXIGA 10MG,KARVIDOL 25MG TAB,9.49412980182211,4.73,0.09,24
FORXIGA 10MG,CLOHEAL (CLOPIDOGREL) 75MG TAB,9.014373242687482,3.35,0.07,17
SOLMUX 500MG CAP,CENTRUM SILVER ADVANCE TAB,11.368873716523764,9.04,0.07,17
BREZU SYR 5MCG/ML 60ML..,BACTIV 457MG/5ML 70ML,10.744472789115648,16.67,0.13,32
APPEVIT 120ML SYR,BACTIV 457MG/5ML 70ML,10.670372976776918,16.55,0.09,24
ALAXAN FR CAP,BIOFLU TAB,8.39428666334496,14.81,0.16,40
ALAXAN FR CAP,BIOGESIC 500MG TAB,3.328316570881226,12.22,0.13,33
BIOFLU TAB,ALAXAN FR CAP,8.39428666334496,8.97,0.16,40
BIOFLU TAB,FLANAX FORTE 550MG TAB,4.377278238611213,4.04,0.07,18
BIOFLU TAB,NEOZEP FORTE TAB,3.6852965839075433,3.59,0.06,16
BIOFLU TAB,BIOGESIC 500MG TAB,3.541339686098655,13.0,0.23,58
MEPTIN SYR 60ML,BACTIV 457MG/5ML 70ML,7.287555456965395,11.3,0.05,13
LE MINERALE 1.5ML,LE MINERALE 600ML,7.162192376123821,11.96,0.14,36
LE MINERALE 1.5ML,SANICARE BATHROOM TISSUE 1s,1.9960014414556728,5.32,0.06,16
LE MINERALE 600ML,LE MINERALE 1.5ML,7.162192376123821,8.53,0.14,36
OHHIRA&#039;S RED OMX PROBIOTICS CAP,KLARYTH 250MG/5ML SUSP 35ML,6.695723597053681,2.99,0.06,15
OHHIRA&#039;S RED OMX PROBIOTICS CAP,BACTIV 457MG/5ML 70ML,5.533081795592489,8.58,0.17,43
MX3 COFFEE MIX 10G,TERRAFERON CAP,5.733450013774774,4.56,0.06,14
MX3 COFFEE MIX 10G,NEBILET TAB 5MG,4.196499968065402,4.23,0.05,13
MX3 COFFEE MIX 10G,ATENURIX FCT 40MG,3.821812470916705,4.23,0.05,13
FLANAX FORTE 550MG TAB,BIOFLU TAB,4.377278238611213,7.73,0.07,18
FLANAX FORTE 550MG TAB,BIOGESIC 500MG TAB,1.5193641778895959,5.58,0.05,13
NEOZEP FORTE TAB,BIOFLU TAB,3.6852965839075433,6.5,0.06,16
NEOZEP FORTE TAB,BIOGESIC 500MG TAB,3.6530303826745167,13.41,0.13,33
BIOGESIC 500MG TAB,NEOZEP FORTE TAB,3.6530303826745167,3.56,0.13,33
BIOGESIC 500MG TAB,BIOFLU TAB,3.541339686098655,6.25,0.23,58
BIOGESIC 500MG TAB,ALAXAN FR CAP,3.328316570881226,3.56,0.13,33
BIOGESIC 500MG TAB,NEOZEP NO-DROWSE (PHENYLEPHRINE HCL + PARACETAMOL) TAB,2.338917389464777,1.51,0.06,14
BIOGESIC 500MG TAB,DIATABS CAP,1.715381482487103,1.72,0.06,16
NEOZEP NO-DROWSE (PHENYLEPHRINE HCL + PARACETAMOL) TAB,BIOGESIC 500MG TAB,2.338917389464777,8.59,0.06,14
SANICARE BATHROOM TISSUE 1s,LE MINERALE 1.5ML,1.9960014414556728,2.38,0.06,16
DIATABS CAP,BIOGESIC 500MG TAB,1.715381482487103,6.3,0.06,16
