item_code,description,category,tab,total_qty,total_sales,months_active,avg_price,mean_monthly_qty,cv_monthly_qty,trend_qty_slope,cluster
1000200090,X-PLENDED (ROSUVASTATIN) 10MG TAB,CARDIOVASCULAR,GENERICS,30.0,259.2,1.0,8.639999999999999,30.0,0.0,0.0,0
1000200091,ROSTIN (ROSUVASTATIN) 20MG TAB,CARDIOVASCULAR,GENERICS,6.0,171.0,1.0,28.5,6.0,0.0,0.0,0
1000200100,SCHEEPRIN-80 (ASPIRIN) 80MG TAB,CARDIOVASCULAR,GENERICS,144.0,281.2,6.0,1.9527777777777777,24.0,0.4695594862326935,1.3714285714285708,0
1000200122,HAEMOREX (TRANEXAMIC ACID) 500MG CAP,CARDIOVASCULAR,GENERICS,139.0,1751.65,6.0,12.60179856115108,23.166666666666668,0.47049479674079003,-0.1999999999999998,0
1210001136144,LIPITOR (ATORVASTATIN) 20MG TAB,CARDIOVASCULAR,PRESCRIPTION,82.0,2938.25,9.0,35.832317073170735,9.11111111111111,0.8756742961471338,-1.183333333333334,0
1210001136144,LIPITOR TAB 20MG,CARDIOVASCULAR,PRESCRIPTION,352.0,12314.49,29.0,34.98434659090909,12.137931034482758,0.6507728439490139,0.4655172413793105,0
1210001136748,NORVASC 5MG TAB,CARDIOVASCULAR,PRESCRIPTION,545.0,12394.2,4.0,22.74165137614679,136.25,1.1522745864151072,-109.90000000000002,0
12512737,DYNA ATORVASTATIN 40MG,CARDIOVASCULAR,GENERICS,18.0,130.59,1.0,7.255,18.0,0.0,0.0,0
15273604,DYNA LOSARTAN 100MG,CARDIOVASCULAR,GENERICS,5.0,33.5,1.0,6.7,5.0,0.0,0.0,0
16430730,DYNA CLOPIDOGREL 75MG,CARDIOVASCULAR,PRESCRIPTION,10.0,41.04,1.0,4.104,10.0,0.0,0.0,0
18904173240999,ROSUVASTATIN 20MG TAB(ROSETTE,CARDIOVASCULAR,GENERICS,1.0,25.41,1.0,25.41,1.0,0.0,0.0,0
18904173241996,Rosuvin (Rosuvastatin) 20mg tab,CARDIOVASCULAR,GENERICS,174.0,2434.78,1.0,13.992988505747128,174.0,0.0,0.0,0
1900010012,HYPERSTOP (CAPTOPRIL) 25MG TAB,CARDIOVASCULAR,GENERICS,117.0,127.3,5.0,1.088034188034188,23.4,0.6512573744119228,-7.600000000000004,0
1900010021,SAPHLOPID (CLOPIDOGREL) 75MG TAB,CARDIOVASCULAR,PRESCRIPTION,2605.0,12737.96,23.0,4.889811900191939,113.26086956521739,0.7019789802744055,-3.6689723320158123,0
1900010074,ATORSAPH-10 (ATORVASTATIN) 10MG FC TAB,CARDIOVASCULAR,PRESCRIPTION,1620.0,3394.7400000000002,32.0,2.0955185185185186,50.625,0.770856921375646,0.7412023460410555,0
1900010093,HAEMOREX (TRANEXAMIC ACID) 500MG CAP,CARDIOVASCULAR,GENERICS,45.0,596.25,4.0,13.25,11.25,0.60082248153759,1.9000000000000028,0
1900010093,HAEMOREX (TRANEXAMIC) 500MG CAP,CARDIOVASCULAR,GENERICS,240.0,2448.8,5.0,10.203333333333335,48.0,0.9711998592806048,-10.900000000000002,0
1900010093,Z-HAEMOREX (TRANEXAMIC ACID) 500MG CAP,CARDIOVASCULAR,GENERICS,6.0,63.6,1.0,10.6,6.0,0.0,0.0,0
1900010134,PROMETIN (METOPROLOL) 50MG TAB,CARDIOVASCULAR,GENERICS,957.0,1397.4,16.0,1.4601880877742948,59.8125,0.8302463763767692,-1.8220588235294144,0
21096518,ANGEL-50 (LOSARTAN POTASSIUM) 50MG TAB,CARDIOVASCULAR,GENERICS,940.0,2251.39,4.0,2.3950957446808507,235.0,1.0447393492309927,8.400000000000015,0
28069751,SAPHVAS-20 (SIMVASTATIN) 20MG TAB,CARDIOVASCULAR,GENERICS,100.0,350.0,1.0,3.5,100.0,0.0,0.0,0
29986620,ROSETT (ROSUVASTATIN) 10MG TAB,CARDIOVASCULAR,GENERICS,390.0,11505.0,2.0,29.5,195.0,0.8461538461538461,329.9999999999999,2
33803395,DYNA AMLODIPINE 5MG,CARDIOVASCULAR,PRESCRIPTION,1.0,2.23,1.0,2.23,1.0,0.0,0.0,0
38119798,ATORSAPH-20 (ATORVASTATIN) 20MG FC TAB,CARDIOVASCULAR,PRESCRIPTION,624.0,1874.95,9.0,3.004727564102564,69.33333333333333,0.923502506059526,-8.199999999999996,0
4260274650509,CATAPRES (CLONIDINE HCL) 75MCG TAB,CARDIOVASCULAR,PRESCRIPTION,78.0,2714.4,5.0,34.800000000000004,15.6,0.44151731686468115,-2.600000000000004,0
4260274650516,CATAPRES (CLONIDINE HCL) 150MCG TAB,CARDIOVASCULAR,PRESCRIPTION,88.0,4109.7,8.0,46.70113636363636,11.0,1.3674189960446659,-4.404761904761904,0
4260274650516,CATAPRES 150MCG TAB,CARDIOVASCULAR,PRESCRIPTION,14.0,648.9,5.0,46.35,2.8,0.614451804788759,0.7999999999999996,0
43062171,FELOJEN (FELODIPINE) 5MG TAB,CARDIOVASCULAR,GENERICS,165.0,1155.0,6.0,7.0,27.5,0.20327890704543544,0.42857142857142766,0
4454239830063,ENTRESTO (SACUBITRIL-VALSARTAN) 100MG TAB,CARDIOVASCULAR,PRESCRIPTION,19.0,2760.0,3.0,145.26315789473685,6.333333333333333,0.8583950752789522,0.5000000000000027,0
45817663,ROSUSAPH-20 (ROSUVASTATIN) 20MG FC TAB,CARDIOVASCULAR,PRESCRIPTION,1032.0,13664.8,19.0,13.241085271317829,54.31578947368421,1.1052816778018253,-4.708771929824557,0
4800136010197,APROVEL (IRBESARTAN) 150MG TAB,CARDIOVASCULAR,PRESCRIPTION,106.0,2354.7,5.0,22.214150943396223,21.2,0.5092592292930482,-6.500000000000001,0
4800136010210,CO-APROVEL (IRBESARTAN HYDROCHLOROTHIAZIDE) 150MG/12.5MG TAB,CARDIOVASCULAR,PRESCRIPTION,43.0,1210.3,2.0,28.146511627906975,21.5,0.06976744186046512,-3.000000000000003,0
4800136010210,CO-APROVEL TAB 150MG/12.5MG,CARDIOVASCULAR,PRESCRIPTION,8.0,266.0,1.0,33.25,8.0,0.0,0.0,0
4800136310020,APROVASC (IRBESARTAN + AMLODIPINE) 150MG/5MG TAB,CARDIOVASCULAR,PRESCRIPTION,433.0,12683.2,16.0,29.291454965357968,27.0625,0.518551612878422,-0.692647058823529,0
4800136310020,APROVASC 150MG/5MG TAB,CARDIOVASCULAR,PRESCRIPTION,21.0,675.4,5.0,32.16190476190476,4.2,0.3499271061118826,-0.8000000000000007,0
4800136310037,APROVASC (IRBESARTAN+ AMLODIPINE) 300MG/10MG TAB,CARDIOVASCULAR,PRESCRIPTION,43.0,1966.5,3.0,45.73255813953488,14.333333333333334,0.6274761657317229,6.0000000000000036,0
4800136310037,APROVASC 300MG/10MG TAB,CARDIOVASCULAR,PRESCRIPTION,7.0,289.8,1.0,41.4,7.0,0.0,0.0,0
4800136650027,LASIX (FUROSEMIDE) 40MG TAB,CARDIOVASCULAR,PRESCRIPTION,60.0,1356.8,7.0,22.613333333333333,8.571428571428571,0.8339997335464535,0.6428571428571432,0
4800136650027,LASIX TAB 40MG,CARDIOVASCULAR,PRESCRIPTION,58.0,1399.2,9.0,24.124137931034483,6.444444444444445,0.6124937816666073,-0.3499999999999999,0
4800234407301,INDERAL 10MG TAB,CARDIOVASCULAR,PRESCRIPTION,200.0,3750.0,12.0,18.75,16.666666666666668,0.4623851208678757,-0.4475524475524467,0
4800234407301,INDERAL TAB (PROPRANOLOL) 10MG TAB,CARDIOVASCULAR,PRESCRIPTION,43.0,700.35,2.0,16.287209302325582,21.5,0.5348837209302325,22.999999999999993,0
4800234407301,INDERAL TAB 10MG,CARDIOVASCULAR,PRESCRIPTION,24.0,414.0,3.0,17.25,8.0,0.3535533905932738,2.999999999999999,0
4800234407332,INDERAL (PROPRANOLOL) 40MG TAB,CARDIOVASCULAR,PRESCRIPTION,95.0,2517.5,3.0,26.5,31.666666666666668,0.4144214670532532,2.500000000000003,0
4800234407332,INDERAL TAB 40MG,CARDIOVASCULAR,PRESCRIPTION,21.0,556.5,5.0,26.5,4.2,0.4096345365258393,1.2000000000000002,0
4800253243034,CONCORE (BISOPROLOL) 2.5MG TAB,CARDIOVASCULAR,PRESCRIPTION,83.0,1831.77,5.0,22.069518072289156,16.6,0.6483674239553595,2.3999999999999995,0
4800253244017,CONCORE(BISOPROLOL FUMARATE) 5MG TAB,CARDIOVASCULAR,PRESCRIPTION,180.0,4650.0,8.0,25.833333333333332,22.5,1.8964554331374472,-1.6904761904761922,0
4800289820674,NEOBLOC (METOPROLOL TARTRATE) 100MG TAB,CARDIOVASCULAR,PRESCRIPTION,155.0,1065.0,10.0,6.870967741935484,15.5,0.7174065907427999,1.2909090909090917,0
4800289820711,NEOBLOC (METOPROLOL) 50MG,CARDIOVASCULAR,PRESCRIPTION,792.0,3640.98,16.0,4.59719696969697,49.5,0.7155694150794621,-4.752941176470588,0
4800289820711,NEOBLOC (METOPROLOL) 50MG TAB,CARDIOVASCULAR,PRESCRIPTION,519.0,2270.76,20.0,4.375260115606936,25.95,0.7384856519988249,0.5872180451127812,0
4800289820711,NEOBLOC 50MG TAB,CARDIOVASCULAR,PRESCRIPTION,13.0,49.82,3.0,3.832307692307692,4.333333333333333,0.9294650748918901,-4.499999999999999,0
4800289820827,NEOSARTAN (LOSARTAN POTASSIUM) 50MG TAB,CARDIOVASCULAR,PRESCRIPTION,1.0,20.5,1.0,20.5,1.0,0.0,0.0,0
4800289822333,NEOSARTAN (LOSARTAN POTASSIUM) 50MG TAB,CARDIOVASCULAR,PRESCRIPTION,1.0,9.46,1.0,9.46,1.0,0.0,0.0,0
4800289822333,NEOSARTAN 50MG TAB,CARDIOVASCULAR,PRESCRIPTION,622.0,5505.719999999999,11.0,8.851639871382636,56.54545454545455,0.9524010455549254,4.781818181818182,0
4800292103047,CATAPRES (CLONIDINE HCL) 75MCG TAB,CARDIOVASCULAR,GENERICS,104.0,3252.5,11.0,31.27403846153846,9.454545454545455,0.8122581569978029,-0.7727272727272719,0
4800292103047,CATAPRES TAB (ETHYL ALC) 75MCG,CARDIOVASCULAR,GENERICS,604.0,20553.78,27.0,34.02943708609271,22.37037037037037,0.608578283986548,-0.14652014652014622,0
4800292138032,MICARDIS (TELMISARTAN) 40MG TAB,CARDIOVASCULAR,PRESCRIPTION,743.0,19255.8,21.0,25.91628532974428,35.38095238095238,0.9491184501891783,-1.2415584415584406,0
4800292138032,MICARDIS 40MG TAB,CARDIOVASCULAR,PRESCRIPTION,235.0,6072.76,10.0,25.84153191489362,23.5,1.2605013840724368,4.745454545454545,0
4800292138070,MICARDIS 80MG TAB,CARDIOVASCULAR,PRESCRIPTION,55.0,2556.3599999999997,6.0,46.47927272727272,9.166666666666666,1.0788729963015853,-0.7714285714285709,0
4800292138087,MICARDIS PLUS (TELMISARTAN + HYDROCHLOROTHIAZIDE) 40MG TAB,CARDIOVASCULAR,PRESCRIPTION,473.0,10618.14,20.0,22.448498942917546,23.65,0.5135767402033486,0.30300751879699195,0
4800292138087,MICARDIS PLUS 40MG TAB,CARDIOVASCULAR,PRESCRIPTION,214.0,5442.7,13.0,25.433177570093456,16.46153846153846,0.6682733136719535,0.3846153846153848,0
4800292138094,MICARDIS PLUS 80MG/12.5MG,CARDIOVASCULAR,PRESCRIPTION,12.0,526.8,2.0,43.9,6.0,0.16666666666666666,-2.000000000000001,0
4800292139046,TWYNSTA (TELMISARTAN + AMLODIPINE) 40MG/5MG,CARDIOVASCULAR,PRESCRIPTION,170.0,5221.41,9.0,30.714176470588235,18.88888888888889,0.5189822352967712,-0.1999999999999992,0
4800292139046,TWYNSTA (TELMISARTAN + AMLODIPINE) 40MG/5MG TAB,CARDIOVASCULAR,PRESCRIPTION,30.0,1281.0,1.0,42.7,30.0,0.0,0.0,0
4800292139046,TWYNSTA (TELMISARTAN+AMLODIPINE) 40MG/5MG TAB,CARDIOVASCULAR,PRESCRIPTION,37.0,1132.75,4.0,30.614864864864863,9.25,0.39996347532293897,2.1000000000000005,0
4800292139046,TWYNSTA 40MG/5MG TAB,CARDIOVASCULAR,PRESCRIPTION,206.0,5596.75,10.0,27.16868932038835,20.6,0.8281502179470339,3.4787878787878777,0
4800292139060,TWYNSTA (TELMISARTAN+AMLODIPINE) 80MG/5MG TAB,CARDIOVASCULAR,PRESCRIPTION,2.0,77.24,2.0,38.62,1.0,0.0,-7.850462293418875e-17,0
4800292151031,PRADAXA (DABIGATRAN ETEXILATE) 150MG CAP,CARDIOVASCULAR,PRESCRIPTION,4.0,252.0,1.0,63.0,4.0,0.0,0.0,0
4800301902821,NATRAZOL (LOSARTAN) 100MG TAB,CARDIOVASCULAR,GENERICS,974.0,4469.0,18.0,4.58829568788501,54.111111111111114,0.7407296921217696,-0.5779153766769846,0
4800301903132,DIASTATIN (SIMVASTATIN) 40MG TAB,CARDIOVASCULAR,GENERICS,10.0,19.0,1.0,1.9,10.0,0.0,0.0,0
4800304050031,NORVASC (AMLODIPINE BESYLATE) 5MG TAB,CARDIOVASCULAR,PRESCRIPTION,636.0,12944.75,24.0,20.353380503144653,26.5,1.10351822020458,-0.04434782608695776,0
4800304050031,NORVASC 5MG TAB,CARDIOVASCULAR,PRESCRIPTION,5.0,106.25,1.0,21.25,5.0,0.0,0.0,0
4800304050079,NORVASC (AMLODIPINE BESYLATE) 10MG TAB,CARDIOVASCULAR,PRESCRIPTION,311.0,10852.5,15.0,34.89549839228296,20.733333333333334,1.61427600982837,-2.589285714285713,0
4800304050079,NORVASC TAB 10MG,CARDIOVASCULAR,PRESCRIPTION,10.0,375.0,1.0,37.5,10.0,0.0,0.0,0
4800304051489,ISORDIL ORAL (ISOSORBIDE DINITRATE) 10MG TAB,CARDIOVASCULAR,GENERICS,23.0,418.0,4.0,18.17391304347826,5.75,1.4360995273838038,-1.2999999999999985,0
4800304051489,ISORDIL ORAL TAB 10MG,CARDIOVASCULAR,GENERICS,10.0,176.0,1.0,17.6,10.0,0.0,0.0,0
4800304051496,ISORDIL (ISOSORBIDE DINITRATE) 5MG,CARDIOVASCULAR,PRESCRIPTION,201.0,4459.0,8.0,22.18407960199005,25.125,1.2136754483217755,-1.2500000000000002,0
4800304051496,ISORDIL SUBL (ISOSORBIDE DINITRATE) 5MG TAB,CARDIOVASCULAR,PRESCRIPTION,45.0,879.7,3.0,19.54888888888889,15.0,0.7200822998230956,-2.4999999999999947,0
4800304051496,ISORDIL SUBL TAB 5MG,CARDIOVASCULAR,PRESCRIPTION,74.0,1597.35,9.0,21.58581081081081,8.222222222222221,0.5610956619466674,0.5166666666666672,0
4800304990368,ALDACTONE (SPIRONOLACTONE) 25MG TAB,CARDIOVASCULAR,PRESCRIPTION,99.0,1507.1799999999998,13.0,15.224040404040402,7.615384615384615,1.3632247788885505,0.6098901098901103,0
4800306590870,VASTAREL MR (TRIMETAZIDINE) 35MG TAB,CARDIOVASCULAR,PRESCRIPTION,44.0,1085.34,4.0,24.66681818181818,11.0,0.5785419118799026,-1.2,0
4800306590917,CORALAN (IVABRADINE) 5MG,CARDIOVASCULAR,PRESCRIPTION,151.0,4311.2,6.0,28.550993377483444,25.166666666666668,0.24106324136690455,2.0857142857142836,0
4800306590917,CORALAN 5MG,CARDIOVASCULAR,PRESCRIPTION,29.0,931.6,6.0,32.12413793103448,4.833333333333333,0.6801063077005525,0.8285714285714287,0
4800306590917,CORALAN 5MG TAB,CARDIOVASCULAR,PRESCRIPTION,143.0,4124.25,8.0,28.84090909090909,17.875,0.6067012930557755,-2.559523809523809,0
4800306590931,COVERSYL (PERINDOPRIL) 5MG TAB,CARDIOVASCULAR,PRESCRIPTION,153.0,5546.25,8.0,36.25,19.125,0.7345602728712977,-2.654761904761904,0
4800306591051,TRIPLIXAM (PERINDOPRIL ARIGININE+INDAPAMIDE+AMLODIPINE) 5MG/1.25MG/5MG FC TAB,CARDIOVASCULAR,GENERICS,30.0,969.6,1.0,32.32,30.0,0.0,0.0,0
4800306591198,VASTAREL OD (TRIMETAZIDINE DIHYDROCHLORIDE) 80MG,CARDIOVASCULAR,PRESCRIPTION,90.0,4422.6,4.0,49.14,22.5,0.36851386559504445,-5.0,0
4800307835352,ARBLOC (LOSARTAN) 100MG FCT,CARDIOVASCULAR,PRESCRIPTION,38.0,750.5,5.0,19.75,7.6,0.5680798196032344,2.7,0
4800307835352,ARBLOC 100MG FCT,CARDIOVASCULAR,PRESCRIPTION,19.0,374.3,2.0,19.7,9.5,0.5789473684210527,10.999999999999996,0
4800308734395,LIPWAY SR (FENOFIBRATE) CAP 250MG,CARDIOVASCULAR,PRESCRIPTION,32.0,1200.0,3.0,37.5,10.666666666666666,0.6234355419768752,-7.499999999999997,0
4800308991231,LIPWAY (FENOFIBRATE) 160MG TAB,CARDIOVASCULAR,PRESCRIPTION,20.0,693.0,3.0,34.65,6.666666666666667,0.3535533905932737,-2.500000000000001,0
4800319015506,ENTRESTO (SACUBITRIL-VALSARTAN) 50MG TAB,CARDIOVASCULAR,PRESCRIPTION,124.0,15836.220000000001,14.0,127.71145161290323,8.857142857142858,0.6608968144692864,1.1120879120879124,0
4800319015513,ENTRESTO (SACUBITRIL-VALSARTAN) 100MG TAB,CARDIOVASCULAR,PRESCRIPTION,28.0,3000.03,1.0,107.14392857142857,28.0,0.0,0.0,0
4800319015513,ENTRESTO (SACUBITRIL-VALSARTAN) 100MGTAB,CARDIOVASCULAR,PRESCRIPTION,3.0,421.86,1.0,140.62,3.0,0.0,0.0,0
4800319851050,CO-DIOVAN (VALSARTAN HYDROCHLOROTHIAZIDE) 80MG/12.5MG TAB,CARDIOVASCULAR,PRESCRIPTION,23.0,563.5,1.0,24.5,23.0,0.0,0.0,0
4800319851050,CO-DIOVAN TAB 80MG/12.5MG,CARDIOVASCULAR,PRESCRIPTION,5.0,122.5,1.0,24.5,5.0,0.0,0.0,0
4800319890035,DIOVAN CAP 80MG,CARDIOVASCULAR,PRESCRIPTION,11.0,217.8,4.0,19.8,2.75,0.6492207662311682,-0.9000000000000002,0
4800319890035,DIOVAN TAB 80MG,CARDIOVASCULAR,PRESCRIPTION,64.0,1033.56,2.0,16.149375,32.0,0.0625,3.9999999999999933,0
4800324090710,PARIET (RABEPRAZOLE SODIUM) 10MG FC TAB,CARDIOVASCULAR,PRESCRIPTION,24.0,1632.4,2.0,68.01666666666667,12.0,0.16666666666666666,3.9999999999999982,0
4800324090710,PARIET 10MG FC TAB,CARDIOVASCULAR,PRESCRIPTION,3.0,231.0,2.0,77.0,1.5,0.3333333333333333,0.9999999999999998,0
4800338583246,SCHEEPRIN-80 (ASPIRIN) 80MG TAB,CARDIOVASCULAR,GENERICS,133.0,246.8,5.0,1.855639097744361,26.6,0.7506004154423064,3.6999999999999997,0
4800338585981,NORVATROL ( AMLODIPINE BESILATE) 10MG TAB,CARDIOVASCULAR,GENERICS,147.0,394.79999999999995,2.0,2.6857142857142855,73.5,0.7278911564625851,-107.0,0
4800338585981,NORVATROL (AMLODIPINE BESILATE) 10MG TAB,CARDIOVASCULAR,GENERICS,108.0,302.4,2.0,2.8,54.0,0.8518518518518519,91.99999999999997,0
4800343861087,CATAMED (CLONIDINE HCL) 75MCG TAB,CARDIOVASCULAR,GENERICS,15.0,146.25,1.0,9.75,15.0,0.0,0.0,0
4800343861087,CATAMED (CLONIDINE) 75MCG TAB,CARDIOVASCULAR,GENERICS,96.0,942.75,6.0,9.8203125,16.0,0.568257570707744,-2.7999999999999985,0
4800343861407,DOPAMAINE (METHYLDOPA) 250MG TAB,CARDIOVASCULAR,PRESCRIPTION,70.0,647.5,3.0,9.25,23.333333333333332,0.20203050891044214,-5.0000000000000036,0
4800348113020,NATRAPHARM ATORVAST (ATORVASTATIN) 20MG TAB,CARDIOVASCULAR,PRESCRIPTION,25.0,448.5,3.0,17.94,8.333333333333334,0.28284271247461895,2.4999999999999996,0
4800348113020,NATRAPHARM ATORVAST TAB 20MG,CARDIOVASCULAR,PRESCRIPTION,3.0,58.5,1.0,19.5,3.0,0.0,0.0,0
4800348113044,ATORVAST-NATRAPHARM (ATORVASTATIN) 80MG,CARDIOVASCULAR,PRESCRIPTION,36.0,842.88,4.0,23.413333333333334,9.0,1.1653431646335017,6.799999999999999,0
4800363204239,ASPEC EC (ASPIRIN) TAB,CARDIOVASCULAR,GENERICS,444.0,1146.75,21.0,2.58277027027027,21.142857142857142,0.5839026405531974,-0.5064935064935061,0
4800363204239,ASPEC EC 100MG TAB,CARDIOVASCULAR,GENERICS,113.0,310.75,7.0,2.75,16.142857142857142,0.8386093975562572,5.0357142857142865,0
4801962208222,XARELTO (RIVAROXABAN) 10MG TAB,CARDIOVASCULAR,PRESCRIPTION,51.0,6519.9,5.0,127.84117647058822,10.2,0.3583464094607268,-0.6999999999999995,0
4801962208260,XARELTO (RIVAROXABAN) 15MG TAB,CARDIOVASCULAR,PRESCRIPTION,89.0,11000.4,7.0,123.6,12.714285714285714,0.4342954626985998,-1.178571428571429,0
4806030400676,HYPACE (ENALAPRIL MALEATE) 5MG TAB,CARDIOVASCULAR,PRESCRIPTION,50.0,544.1,4.0,10.882,12.5,0.762102355330306,-4.199999999999998,0
4806030400676,HYPACE TAB 5MG,CARDIOVASCULAR,PRESCRIPTION,21.0,229.05,4.0,10.907142857142858,5.25,0.5928523618089873,1.6999999999999997,0
4806030400683,HYPACE (ENALAPRIL MALEATE) 10MG TAB,CARDIOVASCULAR,PRESCRIPTION,23.0,270.3,2.0,11.752173913043478,11.5,0.13043478260869565,2.9999999999999982,0
4806030400683,HYPACE TAB 10MG,CARDIOVASCULAR,PRESCRIPTION,20.0,265.0,4.0,13.25,5.0,0.6633249580710799,-2.7999999999999985,0
4806033300195,RM AMLODIPINE 10MG,CARDIOVASCULAR,PRESCRIPTION,1103.0,9104.3,28.0,8.254125113327289,39.392857142857146,0.7206075888844912,-1.0938697318007655,0
4806033300201,RM AMLODIPINE 5MG,CARDIOVASCULAR,PRESCRIPTION,1606.0,10490.71,19.0,6.53219800747198,84.52631578947368,0.4489634910819854,1.8210526315789495,0
4806033300249,RM CAPTOPRIL 25MG TAB,CARDIOVASCULAR,PRESCRIPTION,44.0,432.08000000000004,3.0,9.82,14.666666666666666,0.51425947722658,-7.999999999999998,0
4806033300379,RM ATORVASTATIN 10MG TAB,CARDIOVASCULAR,PRESCRIPTION,978.0,11625.9,31.0,11.887423312883435,31.548387096774192,0.789456112348803,0.4040322580645157,0
4806033300386,RM ATORVASTATIN 20MG TAB,CARDIOVASCULAR,PRESCRIPTION,890.0,13087.67,29.0,14.705247191011235,30.689655172413794,0.7023092107444756,-0.3192118226600974,0
4806033300393,RM ATORVASTATIN 40MG TAB,CARDIOVASCULAR,PRESCRIPTION,106.0,2156.7,3.0,20.34622641509434,35.333333333333336,0.535663002512392,-1.9999999999999944,0
4806033300829,RM CLOPIDOGREL 75MG TAB,CARDIOVASCULAR,PRESCRIPTION,1485.0,28087.760000000002,33.0,18.9143164983165,45.0,0.6964180708759458,0.8830213903743306,0
4806033301093,RM METOPROLOL 100MG TAB,CARDIOVASCULAR,PRESCRIPTION,2.0,7.2,1.0,3.6,2.0,0.0,0.0,0
4806033301109,RM METOPROLOL 50MG TAB,CARDIOVASCULAR,PRESCRIPTION,291.0,795.0,9.0,2.731958762886598,32.333333333333336,0.6147650109639411,-1.0333333333333363,0
4806033304551,RM LOSARITE (LOSARTAN POTASSIUM) 50MG TAB,CARDIOVASCULAR,PRESCRIPTION,64.0,781.55,6.0,12.21171875,10.666666666666666,1.0019512213675876,1.5999999999999994,0
4806033305480,RM LOSARTAN 50MG TAB,CARDIOVASCULAR,GENERICS,1860.0,22701.7,32.0,12.20521505376344,58.125,0.6889612410209228,-0.5502199413489737,0
4806033305497,RM LOSARTAN 100MG TAB,CARDIOVASCULAR,PRESCRIPTION,240.0,3538.54,11.0,14.743916666666667,21.818181818181817,0.8217106141053148,-2.2,0
4806033305824,RM ROSUVASTATIN 20MG TAB,CARDIOVASCULAR,PRESCRIPTION,213.0,5795.2,9.0,27.207511737089202,23.666666666666668,0.7156814656852112,-1.0333333333333328,0
4806033306081,RM TRIMETAZIDINE 35MG TAB,CARDIOVASCULAR,PRESCRIPTION,1854.0,21967.44,28.0,11.848673139158576,66.21428571428571,0.6807656167571744,2.5610290093048707,0
4806033307392,RM LOSARTAN 50MG TAB,CARDIOVASCULAR,PRESCRIPTION,881.0,10990.99,7.0,12.475584562996595,125.85714285714286,1.7237581866210965,-59.607142857142875,0
4806033308092,RM SIMVASTATIN 20MG TAB,CARDIOVASCULAR,PRESCRIPTION,60.0,900.0,1.0,15.0,60.0,0.0,0.0,0
4806033309310,RM TELMISARTAN+HYDROCHLOROTHIAZIDE 40MG/12.5MG TAB,CARDIOVASCULAR,PRESCRIPTION,30.0,435.0,1.0,14.5,30.0,0.0,0.0,0
4806033309778,RM AMLODIPINE 5MG,CARDIOVASCULAR,PRESCRIPTION,1002.0,6219.09,15.0,6.206676646706587,66.8,0.49397265917457417,-0.22142857142857256,0
4806033313485,RM DIOSMIN+HESPERIDIN 450MG/50MG TAB,CARDIOVASCULAR,PRESCRIPTION,30.0,959.0,4.0,31.966666666666665,7.5,0.5033222956847166,-2.7999999999999985,0
4806035205429,REGIVASC (AMLODIPINE BESILATE) 10MG TAB,CARDIOVASCULAR,GENERICS,1690.0,3783.01,12.0,2.238467455621302,140.83333333333334,0.45933779704298683,-1.2657342657342576,0
4806035210270,TORVASTATIN 20MG TAB,CARDIOVASCULAR,PRESCRIPTION,500.0,844.2,6.0,1.6884000000000001,83.33333333333333,0.42469753943247657,-15.485714285714273,0
4806035211581,FENOCARE (FENOFIBRATE) 200MG CAP,CARDIOVASCULAR,GENERICS,215.0,1084.8,6.0,5.045581395348837,35.833333333333336,1.021488960847637,3.685714285714287,0
4806037100012,IRBEQ 300 (IRBESARTAN) 300MG TAB,CARDIOVASCULAR,GENERICS,184.0,2715.8900000000003,3.0,14.760271739130436,61.333333333333336,0.6856016495955697,51.50000000000001,0
4806037100029,IRBEQ 150 (IRBESARTAN) 150MG TAB,CARDIOVASCULAR,GENERICS,1096.0,10430.2,22.0,9.516605839416059,49.81818181818182,0.8483635323616786,-0.7656691134951998,0
4806037100272,ROZATIN-5 (ROSUVASTATIN) 5MG FC TAB,CARDIOVASCULAR,GENERICS,171.0,1007.5,6.0,5.891812865497076,28.5,1.1874225444924713,-10.542857142857137,0
4806037100289,ROZATIN-10 (ROSUVASTATIN) 10MG FC TAB,CARDIOVASCULAR,PRESCRIPTION,785.0,5966.63,11.0,7.600802547770701,71.36363636363636,0.6801402608827164,-1.5818181818181785,0
4806037100289,ROZATIN-10 (ROSUVASTATIN) 10MG TAB,CARDIOVASCULAR,PRESCRIPTION,130.0,951.25,5.0,7.3173076923076925,26.0,0.14390989949130545,0.4999999999999983,0
4806037100296,ROZATIN-20 FC TAB,CARDIOVASCULAR,PRESCRIPTION,880.0,7241.63,16.0,8.229125,55.0,0.7906739462358668,1.3264705882352952,0
4806037100296,ROZATIN-20(ROSUVASTATIN) 20MG FC TAB,CARDIOVASCULAR,PRESCRIPTION,32.0,310.57,3.0,9.7053125,10.666666666666666,0.4614007206322938,-3.5000000000000018,0
4806504653447,TELMIRIN 40 (TELMISARTAN) 40MG TAB,CARDIOVASCULAR,PRESCRIPTION,350.0,4832.0,11.0,13.805714285714286,31.818181818181817,1.2304172181062183,1.2090909090909092,0
4806504653447,TELMIRIN 40 TAB,CARDIOVASCULAR,PRESCRIPTION,10.0,160.0,1.0,16.0,10.0,0.0,0.0,0
4806504654505,SPIRE 25MG (SPIRONOLACTONE) TAB,CARDIOVASCULAR,GENERICS,25.0,367.4,2.0,14.696,12.5,0.2,-5.000000000000001,0
4806504654505,SPIRE 25MG TAB,CARDIOVASCULAR,GENERICS,24.0,367.4,3.0,15.308333333333332,8.0,0.7359800721939872,-4.999999999999998,0
4806504656479,VESSEL DUE-F,CARDIOVASCULAR,PRESCRIPTION,10.0,598.9,1.0,59.89,10.0,0.0,0.0,0
4806504656479,VESSEL DUE-F 250 LSU (SULODEXIDE,CARDIOVASCULAR,PRESCRIPTION,1007.0,55669.25,24.0,55.28227408142999,41.958333333333336,0.6661743160066714,-0.05347826086956624,0
4806504656479,VESSEL DUE-F 250 LSU SOFTGEL CAP,CARDIOVASCULAR,PRESCRIPTION,62.0,4149.9,7.0,66.93387096774192,8.857142857142858,1.2000693701766627,1.9642857142857142,0
4806504850075,ZANIDIP (LERCANIDIPINE) 10MG TAB,CARDIOVASCULAR,PRESCRIPTION,522.0,15113.1,29.0,28.952298850574714,18.0,0.6389513546007942,-0.31330049261083665,0
4806504850075,ZANIDIP 10MG TAB,CARDIOVASCULAR,PRESCRIPTION,31.0,902.74,5.0,29.120645161290323,6.2,0.8058061933417288,-3.300000000000001,0
4806504850129,ZANIDIP (LERCANIDIPINE) 20MG TAB,CARDIOVASCULAR,PRESCRIPTION,54.0,1866.2399999999998,4.0,34.559999999999995,13.5,0.15270761576361705,0.7999999999999998,0
4806504850129,ZANIDIP TAB 20MG,CARDIOVASCULAR,PRESCRIPTION,230.0,8670.3,16.0,37.696956521739125,14.375,0.692110549863614,0.6911764705882353,0
4806505140137,CALCIGARD-5 (NIFEDIPINE) 5MG SOFTGEL CAP,CARDIOVASCULAR,GENERICS,190.0,855.0,12.0,4.5,15.833333333333334,0.9539537204870187,-0.7202797202797194,0
4806505140441,CALCIGARD-10 (NIFEDIPINE) 10MG SOFTGEL CAP,CARDIOVASCULAR,GENERICS,99.0,574.1999999999999,4.0,5.799999999999999,24.75,0.8525037098144639,-12.300000000000006,0
4806505140458,LODIPEN (AMLODIPINE BESILATE) 5MG TAB,CARDIOVASCULAR,GENERICS,1.0,1.5,1.0,1.5,1.0,0.0,0.0,0
4806505140526,PROLOL (METOPROLOL TARTRATE) 100MG TAB,CARDIOVASCULAR,GENERICS,90.0,311.64,4.0,3.4626666666666663,22.5,0.36851386559504445,5.0000000000000036,0
4806505140540,ZIMVAST (SIMVASTATIN) 20MG TAB,CARDIOVASCULAR,GENERICS,100.0,692.0,5.0,6.92,20.0,0.3146426544510455,1.199999999999998,0
4806505140731,ZENOBLOC-50 (ATENOLOL) 50MG TAB,CARDIOVASCULAR,PRESCRIPTION,10.0,36.0,1.0,3.6,10.0,0.0,0.0,0
4806505140755,LODIPEN (AMLODIPINE BESILATE) 10MG TAB,CARDIOVASCULAR,GENERICS,146.0,275.2,5.0,1.884931506849315,29.2,1.2620966569470125,2.1999999999999993,0
4806505141561,ORANOL (PROPANOLOL HYDROCHLORIDE) 10MG TAB,CARDIOVASCULAR,GENERICS,94.0,404.2,1.0,4.3,94.0,0.0,0.0,0
4806508320062,CETAMID (ACETAZOLAMIDE) 250MG TAB,CARDIOVASCULAR,PRESCRIPTION,3.0,55.5,1.0,18.5,3.0,0.0,0.0,0
4806508830318,ASTEROL (PROPANOLOL HYDROCHLORIDE) 40MG TAB,CARDIOVASCULAR,GENERICS,102.0,509.86,6.0,4.9986274509803925,17.0,0.9509298551358543,-5.257142857142855,0
4806508830318,FUSEDEX (FUROSEMIDE) 40MG TAB,CARDIOVASCULAR,GENERICS,7.0,13.379999999999999,1.0,1.9114285714285713,7.0,0.0,0.0,0
4806508841321,ADIOSPEC (ISOSORBIDE DINITRATE) 10MG TAB,CARDIOVASCULAR,GENERICS,224.0,384.25,5.0,1.7154017857142858,44.8,0.26874851684450735,-6.200000000000009,0
4806508841574,NOVOPTIN (DILTIAZEM) 60MG TAB,CARDIOVASCULAR,GENERICS,33.0,208.6,3.0,6.321212121212121,11.0,0.708080087608965,4.000000000000003,0
4806510664383,VENOCARE (DIOSMIN + HESPERIDIN) 450MG/50MG,CARDIOVASCULAR,PRESCRIPTION,30.0,741.75,3.0,24.725,10.0,0.2160246899469287,1.9999999999999991,0
4806514630209,TOZAM (LOSARTAN + AMLODIPINE) 50MG/5MG FC TAB,CARDIOVASCULAR,PRESCRIPTION,895.0,21978.620000000003,23.0,24.557117318435758,38.91304347826087,0.5206775840489074,1.5602766798418974,0
4806514630209,TOZAM FC TAB 50MG/5MG,CARDIOVASCULAR,PRESCRIPTION,268.0,7778.4,14.0,29.023880597014923,19.142857142857142,0.8756501578431422,1.8021978021978027,0
4806515030428,DYNA AMLODIPINE 10MG,CARDIOVASCULAR,PRESCRIPTION,30.0,74.88,1.0,2.496,30.0,0.0,0.0,0
4806516010108,DIUZID (HYDROCHLOROTHIAZIDE) 12.5MG,CARDIOVASCULAR,PRESCRIPTION,96.0,1100.63,5.0,11.464895833333335,19.2,0.5295110427974514,-3.000000000000002,0
4806516010450,WILOPRES (LOSARTAN) 50MG,CARDIOVASCULAR,GENERICS,47.0,681.97,3.0,14.51,15.666666666666666,0.3141451714943277,-3.5,0
4806517790023,KENZAR (LOSARTAN POTASSIUM) 50MG FC TAB,CARDIOVASCULAR,PRESCRIPTION,1051.0,11637.25,24.0,11.072549952426261,43.791666666666664,0.7280510730478826,-0.44565217391304396,0
4806517790054,PROVASC 5 (AMLODIPINE BESILATE) 5MG TAB,CARDIOVASCULAR,PRESCRIPTION,548.0,5216.0,24.0,9.518248175182482,22.833333333333332,0.7552540318100927,1.054782608695652,0
4806517790061,PROVASC 10 (AMLODIPINE BESILATE) 10MG TAB,CARDIOVASCULAR,PRESCRIPTION,976.0,12289.2,22.0,12.591393442622952,44.36363636363637,0.8514338097490418,0.7588932806324115,0
4806517790122,CARDIPRES (CARVEDILOL) 25MG FC TAB,CARDIOVASCULAR,PRESCRIPTION,273.0,3748.0,11.0,13.728937728937728,24.818181818181817,0.6942527476296174,-0.45454545454545364,0
4806517790139,CLOVIX (CLOPIDOGREL) 75MG FC TAB,CARDIOVASCULAR,PRESCRIPTION,653.0,13642.0,16.0,20.891271056661562,40.8125,1.2579137472379596,-1.7485294117647059,0
4806517790153,KENZAR PLUS (LOSARTAN POTASSIUM + HCTZ) 50MG/12.5MG FC TAB,CARDIOVASCULAR,PRESCRIPTION,70.0,1056.0,5.0,15.085714285714285,14.0,0.34992710611188255,1.0,0
4806517790153,KENZAR PLUS (LOSARTAN POTASSIUM + HYDROCHLOROTHIAZIDE) 50MG/12.5MG FC TAB,CARDIOVASCULAR,PRESCRIPTION,196.0,2836.61,11.0,14.4725,17.818181818181817,0.7727865706099704,-1.1545454545454537,0
4806517790191,ZINOF 200 (FENOFIBRATE) 200MG CAP,CARDIOVASCULAR,PRESCRIPTION,348.0,7605.0,13.0,21.853448275862068,26.76923076923077,0.7335188753856086,-2.142857142857143,0
4806517790214,TMZ-MR (TRIMETAZIDINE HCL) 35MG TAB,CARDIOVASCULAR,PRESCRIPTION,2010.0,28296.75,26.0,14.077985074626866,77.3076923076923,0.7637131923388986,2.147692307692308,0
4806517790221,TENORVAS (ATENOLOL) 50MG FC TAB,CARDIOVASCULAR,PRESCRIPTION,10.0,75.0,1.0,7.5,10.0,0.0,0.0,0
4806517790276,ITORVAZ 40 (ATORVASTATIN) 40MG FC TAB,CARDIOVASCULAR,PRESCRIPTION,1122.0,18503.65,24.0,16.491666666666667,46.75,0.6856399130906441,-2.100869565217393,0
4806517790313,CARDIPRES (CARVEDILOL) 12.5MG FC TAB,CARDIOVASCULAR,PRESCRIPTION,1671.0,15338.99,29.0,9.17952722920407,57.62068965517241,0.7834777698801716,-1.141379310344826,0
4806517790382,VIRBEZ (IRBESARTAN) 150MG TAB,CARDIOVASCULAR,PRESCRIPTION,520.0,7428.3,20.0,14.285192307692308,26.0,0.7343031958475686,0.036090225563909104,0
4806517790405,KENZAR (LOSARTAN POTASSIUM) 100MG FC TAB,CARDIOVASCULAR,PRESCRIPTION,40.0,504.0,2.0,12.6,20.0,0.5,-20.0,0
4806517790436,BESPRIN (ASPIRIN) 100MG TAB,CARDIOVASCULAR,PRESCRIPTION,24.0,60.0,3.0,2.5,8.0,0.3535533905932738,-3.0000000000000004,0
4806517790443,VIRBEZ (IRBESARTAN) 300MG TAB,CARDIOVASCULAR,PRESCRIPTION,551.0,10935.0,23.0,19.84573502722323,23.956521739130434,0.7951047689278604,-0.9021739130434784,0
4806517790467,TELDRA (TELMISARTAN) 40MG TAB,CARDIOVASCULAR,PRESCRIPTION,1687.0,20842.9,17.0,12.355008891523415,99.23529411764706,0.624830575155834,-0.40686274509803827,0
4806517790474,TELDRA (TELMISARTAN) 80MG TAB,CARDIOVASCULAR,PRESCRIPTION,466.0,7773.75,15.0,16.6818669527897,31.066666666666666,0.7441557620987974,-1.907142857142857,0
4806517790504,#EXP2025-03-30,CARDIOVASCULAR,PRESCRIPTION,3.0,131.25,1.0,43.75,3.0,0.0,0.0,0
4806517790504,#EXP2025-03-31,CARDIOVASCULAR,PRESCRIPTION,3.0,131.25,1.0,43.75,3.0,0.0,0.0,0
4806517790504,LUSTATIN 40MG (ROSUVASTATIN,CARDIOVASCULAR,PRESCRIPTION,4.0,175.0,2.0,43.75,2.0,0.0,-1.570092458683775e-16,0
4806517790528,LUSTATIN 10 (ROSUVASTATIN CALCIUM) 10MG TAB,CARDIOVASCULAR,PRESCRIPTION,615.0,10225.5,20.0,16.62682926829268,30.75,1.3445050513240517,1.0774436090225563,0
4806517790542,VEZTENOR (AMLODIPINE BESILATE + LOSARTAN POTASSIUM) 5MG/50MG FC TAB,CARDIOVASCULAR,PRESCRIPTION,425.0,7404.15,13.0,17.421529411764705,32.69230769230769,0.5761872052568766,2.7912087912087924,0
4806517790580,ITORVAZ 20 (ATORVASTATIN) 20MG FC TAB,CARDIOVASCULAR,PRESCRIPTION,1771.0,22342.53,26.0,12.615770750988142,68.11538461538461,0.5921915221466133,-0.5446153846153852,0
4806517790597,SPIROFAR (SPIRONOLACTONE) 25MG TAB,CARDIOVASCULAR,PRESCRIPTION,1400.0,16886.64,26.0,12.061885714285713,53.84615384615385,0.7587180380249898,-0.15316239316239288,0
4806517790627,LUSTATIN 20 (ROSUVASTATIN CALCIUM) 20MG TAB,CARDIOVASCULAR,PRESCRIPTION,967.0,18891.6,26.0,19.536297828335055,37.19230769230769,0.9908531519127292,1.5976068376068373,0
4806517790733,CITIFAR (CITICOLINE) 500MG FCT,CARDIOVASCULAR,PRESCRIPTION,6.0,285.6,1.0,47.6,6.0,0.0,0.0,0
4806517790733,CITIFAR (CITICOLINE) 500MG TAB,CARDIOVASCULAR,PRESCRIPTION,519.0,25402.6,10.0,48.94527938342967,51.9,0.9011678310222605,-1.3757575757575728,0
4806517790818,THROMZOL (CILOSTAZOL) 100MG TAB,CARDIOVASCULAR,PRESCRIPTION,30.0,672.0,1.0,22.4,30.0,0.0,0.0,0
4806517791099,CLOVIXA (CLOPIDOGREL BISULFATE) 75MG TAB,CARDIOVASCULAR,PRESCRIPTION,1034.0,20945.21,17.0,20.256489361702126,60.8235294117647,0.6111787808708444,-1.5759803921568607,0
4806517791112,VIRBEZ (IRBESARTAN) 300MG TAB,CARDIOVASCULAR,PRESCRIPTION,38.0,684.0,1.0,18.0,38.0,0.0,0.0,0
4806518611440,ANZAR (LOSARTAN POTASSIUM) 50MG TAB,CARDIOVASCULAR,GENERICS,79.0,973.5,5.0,12.322784810126583,15.8,0.49090428935861563,-0.1000000000000026,0
4806518661230,NEBILET 5MG TAB,CARDIOVASCULAR,PRESCRIPTION,173.0,3037.5,12.0,17.557803468208093,14.416666666666666,0.6649911563296101,-0.0454545454545447,0
4806518970264,ISMODIN (ISOSORBIDE DINITRATE) 60MG TAB,CARDIOVASCULAR,GENERICS,42.0,596.4,2.0,14.2,21.0,0.42857142857142855,-17.999999999999996,0
4806518970264,ISMODIN 60MG TAB,CARDIOVASCULAR,GENERICS,1.0,17.75,1.0,17.75,1.0,0.0,0.0,0
4806519200674,CARDOZ (CARVEDILOL) 25MG TAB,CARDIOVASCULAR,GENERICS,107.0,742.9,6.0,6.942990654205607,17.833333333333332,0.4479161482737106,2.771428571428571,0
4806519200988,CARDOZ (CARVEDILOL) 6.25MG TAB,CARDIOVASCULAR,GENERICS,826.0,4255.2,9.0,5.151573849878934,91.77777777777777,0.8452374931382582,16.916666666666668,0
4806520080739,IRBEZYD (IRBESARTAN) 150MG,CARDIOVASCULAR,PRESCRIPTION,334.0,4244.78,18.0,12.708922155688622,18.555555555555557,0.7448533778909507,-1.0196078431372546,0
4806520080753,IRBEZYD (IRBESARTAN) 300MG,CARDIOVASCULAR,PRESCRIPTION,709.0,9304.02,16.0,13.122736248236954,44.3125,1.1087068431766172,1.9514705882352954,0
4806520081040,ZYDUSATORVA (ATORVASTATIN) 20MG,CARDIOVASCULAR,PRESCRIPTION,1202.0,9937.4,21.0,8.26738768718802,57.23809523809524,0.5914573901364775,-1.0246753246753237,0
4806520351099,DM FUROSEMIDE 20MG TAB (DLI,CARDIOVASCULAR,GENERICS,153.0,535.5,8.0,3.5,19.125,0.7085099967405013,0.9166666666666661,0
4806520351099,FUROSEMIDE 20MG TAB,CARDIOVASCULAR,GENERICS,20.0,56.0,1.0,2.8,20.0,0.0,0.0,0
4806520351099,FUROSEMIDE DM 20MG TAB,CARDIOVASCULAR,GENERICS,193.0,628.6,9.0,3.2569948186528497,21.444444444444443,1.4859178615677051,-3.066666666666664,0
4806520351105,FUSEDEX (FUROSEMIDE) 40MG TAB,CARDIOVASCULAR,GENERICS,1914.0,4417.82,19.0,2.3081609195402297,100.73684210526316,0.5256532876724306,-1.191228070175437,0
4806520352621,CLODIN (CLONIDINE) 75MCG TAB,CARDIOVASCULAR,GENERICS,406.0,4053.0,19.0,9.982758620689655,21.36842105263158,0.6797315590408016,-1.1719298245614025,0
4806520352621,CLODIN(CLONIDINE) 75MCG TAB,CARDIOVASCULAR,GENERICS,10.0,105.0,1.0,10.5,10.0,0.0,0.0,0
4806521160317,WARIK (WARFARIN SODIUM) 2.5MG TAB,CARDIOVASCULAR,PRESCRIPTION,240.0,3445.2000000000003,8.0,14.355,30.0,0.44095855184409843,1.9047619047619038,0
4806521160324,WARIK (WARFARIN SODIUM) 5MG TAB,CARDIOVASCULAR,PRESCRIPTION,6.0,141.0,2.0,23.5,3.0,0.0,-3.14018491736755e-16,0
4806521160508,RAZINE (RANOLAZINE) 500MG TAB,CARDIOVASCULAR,PRESCRIPTION,6.0,129.6,1.0,21.599999999999998,6.0,0.0,0.0,0
4806521160591,FENOSTAT (ATORVASTIN + FENOFIBRATE) 10MG/160MG TAB,CARDIOVASCULAR,PRESCRIPTION,194.0,4681.25,5.0,24.13015463917526,38.8,0.6981444516840006,12.599999999999998,0
4806521160591,FENOSTAT (ATORVASTIN+FENOFIBRATE) 10MG/160MG TAB,CARDIOVASCULAR,PRESCRIPTION,397.0,9063.74,10.0,22.83057934508816,39.7,0.5167167251757518,-2.1515151515151514,0
4806521160591,FENOSTAT 10MG/160MG TAB,CARDIOVASCULAR,PRESCRIPTION,9.0,240.25,2.0,26.694444444444443,4.5,0.5555555555555556,-5.0,0
4806521161109,ROSUFEN (FENOFIBRATE + ROSUVASTATIN CA) 160/10MG TAB,CARDIOVASCULAR,PRESCRIPTION,65.0,1499.9,4.0,23.075384615384618,16.25,0.5264596502236515,-6.500000000000001,0
4806521161109,ROSUFEN (FENOFIBRATE+ROSUVASTATIN CA) 160/10MG FC TAB,CARDIOVASCULAR,PRESCRIPTION,10.0,265.0,1.0,26.5,10.0,0.0,0.0,0
4806521161109,ROSUFEN 160/10MG TAB,CARDIOVASCULAR,PRESCRIPTION,2.0,53.0,1.0,26.5,2.0,0.0,0.0,0
4806521161116,ROSUFEN (FENOFIBRATE / ROSUVASTATIN) 160MG/20MG TAB,CARDIOVASCULAR,PRESCRIPTION,30.0,756.0,1.0,25.2,30.0,0.0,0.0,0
4806521161147,FENOSTAT (ATORVASTIN+FENOFIBRATE) 20MG/160MG FC TAB,CARDIOVASCULAR,PRESCRIPTION,264.0,6728.4,7.0,25.486363636363635,37.714285714285715,0.9475452796214892,-0.9999999999999992,0
4806521161147,FENOSTAT 20MG/160MG FC TAB,CARDIOVASCULAR,PRESCRIPTION,35.0,945.0,2.0,27.0,17.5,0.14285714285714285,-4.999999999999998,0
4806522630642,CENTRAMED (IRBESARTAN) 300MG TAB,CARDIOVASCULAR,GENERICS,12.0,186.0,1.0,15.5,12.0,0.0,0.0,0
4806522630642,INTERPHIL (IRBESARTAN) 300MG TAB,CARDIOVASCULAR,GENERICS,1041.0,14420.27,23.0,13.852324687800193,45.26086956521739,0.526411647953987,-0.3339920948616602,0
4806522630659,INTERPHIL (IRBESARTAN) 150MG TAB,CARDIOVASCULAR,GENERICS,410.0,3539.25,9.0,8.632317073170732,45.55555555555556,0.573549433792907,-2.2999999999999967,0
4806523301633,AMLOREX (AMLODIPINE) 5MG TAB,CARDIOVASCULAR,GENERICS,48.0,88.80000000000001,5.0,1.8500000000000003,9.6,0.9785015471514482,5.6000000000000005,0
4806523431033,GIRAN-8 (CANDESARTAN) 8MG TAB,CARDIOVASCULAR,GENERICS,331.0,3210.8,15.0,9.700302114803627,22.066666666666666,0.3854066128474807,0.28571428571428586,0
4806523431040,GIRAN-16 (CANDESARTAN) 16MG TAB,CARDIOVASCULAR,GENERICS,154.0,2841.6,10.0,18.45194805194805,15.4,0.7787877584709065,-1.1636363636363625,0
4806524141092,PHILSTAT (SIMVASTATIN) 20MG FILM COATED TAB,CARDIOVASCULAR,GENERICS,325.0,1092.0,10.0,3.36,32.5,0.5009340388140974,1.2181818181818191,0
4806524144123,UROMID (FUROSEMIDE) 40MG TAB,CARDIOVASCULAR,GENERICS,1353.0,3308.79,16.0,2.445521064301552,84.5625,0.6741350398383895,5.419117647058826,0
4806524146776,LOSAAR (LOSARTAN) 100MG TAB,CARDIOVASCULAR,GENERICS,571.0,2101.2,11.0,3.6798598949211905,51.90909090909091,0.5629975764718195,-2.445454545454542,0
4806524146776,LOSAAR 100MG TAB,CARDIOVASCULAR,GENERICS,49.0,182.75,4.0,3.729591836734694,12.25,0.8568998683762047,8.099999999999998,0
4806524149074,FREDTOR (ATORVASTATIN) 10MG TAB,CARDIOVASCULAR,GENERICS,730.0,1719.0,11.0,2.3547945205479452,66.36363636363636,0.9149639018234996,-0.745454545454545,0
4806524149074,FREDTOR 10MG TAB,CARDIOVASCULAR,GENERICS,10.0,25.0,1.0,2.5,10.0,0.0,0.0,0
4806524149708,CITCOLE (CITICOLINE) 500MG TAB,CARDIOVASCULAR,GENERICS,441.0,10071.6,5.0,22.83809523809524,88.2,0.5014568888948866,3.3999999999999826,0
4806524772906,AMLOTHIX (AMLODIPINE) 5MG TAB,CARDIOVASCULAR,GENERICS,3339.0,6526.4,14.0,1.9545971847858639,238.5,0.4869505046934781,1.189010989010985,0
4806524772913,AMLOTHIX (AMLODIPINE) 10MG TAB,CARDIOVASCULAR,GENERICS,1448.0,2410.77,13.0,1.664896408839779,111.38461538461539,0.7379588795431519,-3.054945054945055,0
4806524780291,STABETA 40 (PROPRANOLOL HCI) 40 MG TAB,CARDIOVASCULAR,PRESCRIPTION,5.0,26.1,1.0,5.220000000000001,5.0,0.0,0.0,0
4806524781014,SOCORRO-5 (ISOSORBIDE DINITRATE) 5MG TAB,CARDIOVASCULAR,GENERICS,5.0,23.0,1.0,4.6,5.0,0.0,0.0,0
4806524781045,FELOSTAL ER-10 (FELODIPINE) 10MG ER TAB,CARDIOVASCULAR,GENERICS,187.0,1950.5,7.0,10.43048128342246,26.714285714285715,0.6294733249010549,4.107142857142858,0
4806524781113,PREDU-XL (TRIMETAZIDINE) 35MG MR TAB,CARDIOVASCULAR,GENERICS,150.0,1105.0,8.0,7.366666666666666,18.75,0.7773459118479151,-4.8571428571428585,0
4806524785418,FELOJEN (FELODIPINE) 5MG TAB,CARDIOVASCULAR,GENERICS,35.0,245.0,1.0,7.0,35.0,0.0,0.0,0
4806524785494,DOCTRA 20MG TAB,CARDIOVASCULAR,PRESCRIPTION,15.0,648.75,1.0,43.25,15.0,0.0,0.0,0
4806524787047,SORBANCE-5 (ISOSORBIDE DINITRATRE) 5MG TAB,CARDIOVASCULAR,PRESCRIPTION,159.0,1221.76,8.0,7.684025157232704,19.875,0.4675710438690908,-2.1547619047619064,0
4806524789416,SORBANCE-10 (ISOSORBIDE DINITRATE) 10MG,CARDIOVASCULAR,GENERICS,120.0,916.56,2.0,7.638,60.0,0.5,59.99999999999998,0
4806524840018,LANOXIN (DIGOXIN) TAB 0.25MG,CARDIOVASCULAR,PRESCRIPTION,335.0,1682.76,16.0,5.023164179104477,20.9375,0.6473070834126047,-0.06617647058823486,0
4806524840018,LANOXIN TAB 0.25MG,CARDIOVASCULAR,PRESCRIPTION,113.0,589.92,10.0,5.220530973451327,11.3,0.36498390490798727,-0.006060606060605903,0
4806524840100,ALDOMET (METHYLDOPA) 250MG TAB,CARDIOVASCULAR,PRESCRIPTION,220.0,4827.900000000001,7.0,21.945000000000004,31.428571428571427,0.5202907642259692,-4.857142857142858,0
4806524840100,ALDOMET 250MG TAB,CARDIOVASCULAR,PRESCRIPTION,85.0,1838.71,5.0,21.631882352941176,17.0,1.2812191425940689,-0.30000000000000226,0
4806526660317,PRESARTAN-100 (LOSARTAN POTASSIUM) 100MG FC TAB,CARDIOVASCULAR,PRESCRIPTION,398.0,1435.94,8.0,3.607889447236181,49.75,0.8442659715285482,-0.023809523809521907,0
4806527190882,FENOBRIT( FENOFIBRATE) 200MG,CARDIOVASCULAR,GENERICS,79.0,816.7199999999999,3.0,10.338227848101265,26.333333333333332,0.6976969002288946,-16.499999999999993,0
4806527191230,HEMOSTAP) TRANEXAMIC ACID 500MG CAP,CARDIOVASCULAR,GENERICS,240.0,2374.34,10.0,9.893083333333333,24.0,0.8498365855987974,2.460606060606059,0
4806527194125,LODIPEX (AMLODIPINE BESILATE) 10MG TAB,CARDIOVASCULAR,GENERICS,862.0,2125.0,10.0,2.465197215777262,86.2,1.0798438980668772,13.98787878787879,0
4806527194125,Z-LODIPEX (AMLODIPINE BESILATE) 10MG TAB,CARDIOVASCULAR,GENERICS,4.0,10.8,1.0,2.7,4.0,0.0,0.0,0
4806527651277,RETAPRIL (CAPTOPRIL) 25MG TAB,CARDIOVASCULAR,GENERICS,26.0,31.36,4.0,1.2061538461538461,6.5,0.6007884366082041,2.9999999999999996,0
4806528380015,ROSUSTAT 10 (ROSUVASTATIN CALCIUM) FC TAB,CARDIOVASCULAR,PRESCRIPTION,278.0,6678.0,12.0,24.02158273381295,23.166666666666668,0.6331344002501237,2.839160839160839,0
4806528380015,ROSUSTAT 10 FC TAB,CARDIOVASCULAR,PRESCRIPTION,26.0,689.0,8.0,26.5,3.25,0.4803844614152614,-0.11904761904761924,0
4806528380022,ROSUSTAT 20 (ROSUVASTATIN CALCIUM) FC TAB,CARDIOVASCULAR,PRESCRIPTION,55.0,1650.0,2.0,30.0,27.5,0.38181818181818183,-21.000000000000004,0
4806528380022,ROSUSTAT 20 FC TAB,CARDIOVASCULAR,PRESCRIPTION,5.0,187.5,1.0,37.5,5.0,0.0,0.0,0
4806529710057,GETZAR (LOSARTAN POTASSIUM) 50MG TAB,CARDIOVASCULAR,PRESCRIPTION,710.0,6938.65,24.0,9.77274647887324,29.583333333333332,0.6356155610431439,-0.49565217391304356,0
4806529710057,GETZAR 50MG TAB,CARDIOVASCULAR,PRESCRIPTION,238.0,2958.65,11.0,12.431302521008403,21.636363636363637,0.9113095715675121,1.272727272727273,0
4806529710057,GETZAR TAB 50MG 100&#039;,CARDIOVASCULAR,PRESCRIPTION,23.0,215.67,3.0,9.37695652173913,7.666666666666667,0.430412823330942,-3.4999999999999996,0
4806529710064,GETZAR (LOSARTAN POTASSIUM) 100MG TAB,CARDIOVASCULAR,PRESCRIPTION,60.0,874.4,3.0,14.573333333333332,20.0,0.408248290463863,-10.000000000000005,0
4806530220514,AMLOFAR (AMLODIPINE) 5MG TAB,CARDIOVASCULAR,GENERICS,400.0,379.6,6.0,0.9490000000000001,66.66666666666667,1.2050726119201278,-28.799999999999997,0
4806530500074,DOPATHYL (METHYLDOPA) 250MG TAB,CARDIOVASCULAR,PRESCRIPTION,88.0,976.8,1.0,11.1,88.0,0.0,0.0,0
4806533600269,MECLOP (METOCLOPRAMIDE) 5MG/ML 2ML AMP,CARDIOVASCULAR,GENERICS,100.0,1500.0,1.0,15.0,100.0,0.0,0.0,0
4806533602355,RETAVASC- 5 (AMLODIPINE) 5MG TAB,CARDIOVASCULAR,GENERICS,3884.0,6342.53,15.0,1.6329891864057673,258.93333333333334,0.5777019963633363,-1.4035714285714282,0
4806533602362,RETAVASC (AMLODIPINE) 10MG TAB,CARDIOVASCULAR,GENERICS,2261.0,3870.33,10.0,1.7117779743476338,226.1,0.2696140681693821,-8.018181818181823,0
4806533602379,RETASAR (LOSARTAN POTASSIUM) 50MG,CARDIOVASCULAR,PRESCRIPTION,11229.0,27044.75,14.0,2.4084735951554013,802.0714285714286,0.3824418716894008,-13.61978021978025,0
4806533602379,RETASAR (LOSARTAN) 50MG TAB,CARDIOVASCULAR,PRESCRIPTION,480.0,1200.0,2.0,2.5,240.0,0.9041666666666667,-433.9999999999999,1
4806534570264,MEDICOLINE (CITICOLINE) 500MG TAB,CARDIOVASCULAR,GENERICS,1357.0,33984.72,15.0,25.04400884303611,90.46666666666667,0.696557122195803,-6.474999999999999,0
4806534570493,CLOPEGEN (CLOPIDOGREL) 75MG FCT,CARDIOVASCULAR,PRESCRIPTION,1863.0,9301.800000000001,18.0,4.9929146537842195,103.5,0.5260675112373473,0.5356037151702793,0
4806537860010,FENOCEED (FENOFIBRATE) 160MG CAP,CARDIOVASCULAR,GENERICS,100.0,3720.0,1.0,37.2,100.0,0.0,0.0,0
4806538370075,FIRSTMED ROSUVASTATIN 10MG TAB,CARDIOVASCULAR,GENERICS,218.0,1905.08,4.0,8.738899082568807,54.5,0.603206648744138,18.599999999999994,0
4806542149104,FREDTOR (ATORVASTATIN) 40MG TAB 100&#039;s,CARDIOVASCULAR,GENERICS,210.0,958.3199999999999,8.0,4.563428571428571,26.25,0.34536122598988084,-0.023809523809524637,0
4806542149104,FREDTOR 40MG TAB,CARDIOVASCULAR,GENERICS,578.0,2573.01,10.0,4.451574394463668,57.8,0.812257481030932,2.1454545454545473,0
4807788067067,HEMOSTAN (TRANEXAMIC ACID) 500MG CAP,CARDIOVASCULAR,PRESCRIPTION,470.0,19956.45,22.0,42.46053191489362,21.363636363636363,0.7353211189886927,0.012422360248447442,0
4807788067067,HEMOSTAN 500MG CAP,CARDIOVASCULAR,PRESCRIPTION,68.0,2819.25,9.0,41.45955882352941,7.555555555555555,0.9464466417472992,-1.649999999999999,0
4807788150257,THERABLOC (ATENOLOL) 50MG TAB,CARDIOVASCULAR,PRESCRIPTION,60.0,607.49,4.0,10.124833333333333,15.0,0.408248290463863,-3.000000000000002,0
4807788200655,LIFEZAR (LOSARTAN) 50MG TAB,CARDIOVASCULAR,PRESCRIPTION,30.0,721.0,2.0,24.033333333333335,15.0,0.6666666666666666,-19.999999999999993,0
4807788200655,LIFEZAR 50MG TAB,CARDIOVASCULAR,PRESCRIPTION,8.0,205.51999999999998,2.0,25.689999999999998,4.0,0.5,-4.0,0
4807788402226,ASPILETS (ASPIRIN) 80MG TAB,CARDIOVASCULAR,PRESCRIPTION,1259.0,4490.46,29.0,3.5666878474980144,43.41379310344828,0.6678265867107751,-0.29852216748768357,0
4807788402226,ASPILETS 80MG TAB,CARDIOVASCULAR,PRESCRIPTION,87.0,324.48,8.0,3.729655172413793,10.875,0.6887925639806268,-0.8690476190476186,0
4807788403360,VESTAR (TRIMETAZIDINE) 35MG TAB,CARDIOVASCULAR,PRESCRIPTION,435.0,8345.29,16.0,19.18457471264368,27.1875,0.9590781454882206,-0.7014705882352937,0
4807788403360,VESTAR 35MG TAB,CARDIOVASCULAR,PRESCRIPTION,84.0,1524.9,7.0,18.15357142857143,12.0,0.7740842003337551,-3.4642857142857153,0
4807788403469,ASPILETS-EC (ASPIRIN) 80MG,CARDIOVASCULAR,PRESCRIPTION,15.0,43.44,1.0,2.896,15.0,0.0,0.0,0
4807788404275,TROMBOCIL 50MG TAB,CARDIOVASCULAR,PRESCRIPTION,120.0,2868.8,5.0,23.90666666666667,24.0,0.8270597183866336,-9.500000000000004,0
4807788404282,TROMBOCIL (CILOSTAZOL) 100MG,CARDIOVASCULAR,PRESCRIPTION,50.0,1706.4,3.0,34.128,16.666666666666668,0.5656854249492379,9.999999999999996,0
4807788404282,TROMBOCIL 100MG,CARDIOVASCULAR,PRESCRIPTION,7.0,238.9,1.0,34.128571428571426,7.0,0.0,0.0,0
4807788404282,TROMBOCIL 100MG TAB,CARDIOVASCULAR,PRESCRIPTION,174.0,7490.7,10.0,43.05,17.4,0.9901750139899667,0.18181818181818252,0
4807788414021,PLOGREL (CLOPIDOGREL) 75MG TAB,CARDIOVASCULAR,PRESCRIPTION,609.0,23826.8,22.0,39.12446633825944,27.681818181818183,0.7520543377697136,-1.6843591191417266,0
4807788414021,PLOGREL 75MG TAB,CARDIOVASCULAR,PRESCRIPTION,31.0,1125.0,2.0,36.29032258064516,15.5,0.9354838709677419,28.999999999999996,0
4807788416520,144,CARDIOVASCULAR,PRESCRIPTION,1.0,37.31,1.0,37.31,1.0,0.0,0.0,0
4807788416520,AMVASC BE (AMLODIPINE) TAB 10MG,CARDIOVASCULAR,PRESCRIPTION,52.0,1865.51,9.0,35.87519230769231,5.777777777777778,1.5215415726809602,1.916666666666666,0
4807788416520,AMVASC BE TAB 10MG,CARDIOVASCULAR,PRESCRIPTION,24.0,722.68,4.0,30.111666666666665,6.0,0.7546154281781181,0.2000000000000005,0
4807788416537,AMVASC BE (AMLODIPINE) 5MG TAB,CARDIOVASCULAR,PRESCRIPTION,1898.0,42226.43,26.0,22.247855637513172,73.0,2.889406984081967,7.852307692307695,0
4807788416537,AMVASC BE TAB 5MG,CARDIOVASCULAR,PRESCRIPTION,126.0,2420.35,8.0,19.209126984126982,15.75,0.7683261149384729,-3.095238095238096,0
4807788417169,CARVID (CARVEDILOL) 25MG TAB,CARDIOVASCULAR,PRESCRIPTION,254.0,4589.9,12.0,18.07047244094488,21.166666666666668,0.7622356341751046,2.9790209790209783,0
4807788417169,CARVID TAB 25MG,CARDIOVASCULAR,PRESCRIPTION,87.0,1824.6,4.0,20.972413793103446,21.75,1.0292973487309862,-15.300000000000006,0
4807788520579,CANDEZ (CANDESARTAN + CILEXETIL) 8MG TAB,CARDIOVASCULAR,PRESCRIPTION,525.0,10499.3,21.0,19.998666666666665,25.0,1.4091402309480028,1.8038961038961039,0
4807788520579,CANDEZ 8 MG TAB,CARDIOVASCULAR,PRESCRIPTION,80.0,1575.8,9.0,19.697499999999998,8.88888888888889,0.8817596044274199,-0.26666666666666633,0
4807788520807,CANDEZ (CANDESARTAN + CILEXETIL) 16MG TAB,CARDIOVASCULAR,PRESCRIPTION,69.0,2445.5,11.0,35.44202898550725,6.2727272727272725,0.7034586144644405,-0.8363636363636361,0
4807788520807,CANDEZ 16 MG TAB,CARDIOVASCULAR,PRESCRIPTION,42.0,1314.0,6.0,31.285714285714285,7.0,1.491472358415793,-4.628571428571428,0
4807788526137,CANDEZ PLUS (CANDESARTAN CILEXETIL + HYDROCHLOROTHIAZIDE) 16/12.5MG TAB,CARDIOVASCULAR,PRESCRIPTION,27.0,1011.0,4.0,37.44444444444444,6.75,0.19245008972987526,-0.29999999999999893,0
4807788526137,CANDEZ PLUS 16/12.5MG,CARDIOVASCULAR,PRESCRIPTION,7.0,252.5,3.0,36.07142857142857,2.3333333333333335,0.40406101782088427,-1.0,0
4807788530622,MONTRA (ISOSORBIDE-5-MONONITRATE) 30MG CAP,CARDIOVASCULAR,PRESCRIPTION,76.0,1119.33,8.0,14.728026315789473,9.5,0.45275396142329616,-0.8809523809523817,0
4807788530622,MONTRA 30MG CAP,CARDIOVASCULAR,PRESCRIPTION,489.0,8526.92,16.0,17.437464212678936,30.5625,0.6673532039039585,2.5632352941176473,0
4807788544704,VERSANT-XR (FELODIPINE) 10MG TAB,CARDIOVASCULAR,PRESCRIPTION,718.0,19533.21,16.0,27.2050278551532,44.875,0.6734210128311245,-2.197058823529411,0
4807788553584,CLONIPRESS (CLONIDINE HCI) 75MCG TAB,CARDIOVASCULAR,PRESCRIPTION,120.0,2479.95,11.0,20.666249999999998,10.909090909090908,0.6808899405271833,-1.354545454545454,0
4807788553584,CLONIPRESS 75MCG TAB,CARDIOVASCULAR,PRESCRIPTION,40.0,766.25,4.0,19.15625,10.0,0.8276472678623424,-2.9999999999999996,0
4807788553621,CLONIPRESS (CLONIDINE HCI) 150MCG,CARDIOVASCULAR,GENERICS,21.0,745.5,1.0,35.5,21.0,0.0,0.0,0
4807788554734,FENOFLEX (FENOFIBRATE) 160MG,CARDIOVASCULAR,PRESCRIPTION,529.0,19621.25,18.0,37.09120982986767,29.38888888888889,1.1251702971160227,-0.4097007223942196,0
4807788554734,FENOFLEX 160MG,CARDIOVASCULAR,PRESCRIPTION,133.0,5280.5,7.0,39.703007518796994,19.0,0.7776050209833321,1.4285714285714288,0
4807788556271,IDEZAR (IRBESARTAN) 150MG TAB,CARDIOVASCULAR,GENERICS,39.0,846.0,6.0,21.692307692307693,6.5,0.47626091335914644,0.14285714285714293,0
4807788558367,ROSWIN (ROSUVASTATIN) 10MG TAB,CARDIOVASCULAR,PRESCRIPTION,5.0,185.2,1.0,37.04,5.0,0.0,0.0,0
4807788561312,AMLIFE 100MG/5MG TAB,CARDIOVASCULAR,PRESCRIPTION,15.0,487.5,2.0,32.5,7.5,0.3333333333333333,4.999999999999997,0
4807788561329,AMLIFE (AMLODIPINE + LOSARTAN) 50/5MG TAB,CARDIOVASCULAR,PRESCRIPTION,440.0,9967.35,17.0,22.65306818181818,25.88235294117647,0.9419186503099155,1.9926470588235294,0
4807788562432,CARVID (CARVEDILOL) 6.25MG TAB,CARDIOVASCULAR,PRESCRIPTION,1283.0,13118.59,34.0,10.224933749025721,37.73529411764706,0.761553930012046,-0.1355233002291824,0
4807788562432,CARVID 6.25MG TAB,CARDIOVASCULAR,PRESCRIPTION,86.0,897.01,9.0,10.430348837209301,9.555555555555555,0.8137873584615206,-1.2833333333333323,0
4809013427752,XARTAN DUO (LOSARTAN POTASSIUM AMLODIPINE BESILATE) 50MG/5MG,CARDIOVASCULAR,PRESCRIPTION,148.0,2820.64,5.0,19.05837837837838,29.6,0.8007825792471462,-8.100000000000003,0
4809013708738,FELOSTAL (FELODIPINE) 5MG TAB,CARDIOVASCULAR,GENERICS,454.0,3072.4,13.0,6.767400881057269,34.92307692307692,0.36401635700640705,-0.9560439560439569,0
4809015596241,HEMOBAS (TRANEXAMIC ACID) 100MG/ML 5ML AMP,CARDIOVASCULAR,GENERICS,15.0,1075.2,4.0,71.68,3.75,0.5773502691896258,1.9000000000000001,0
4987176097729,VICKS IMMUNE DEFENSE 500MG/10MG/1000IU CAP,CARDIOVASCULAR,GENERICS,10.0,137.5,1.0,13.75,10.0,0.0,0.0,0
5415062362440,ELIQUIS (APIXABAN) 2.5MG FC TAB,CARDIOVASCULAR,PRESCRIPTION,10.0,825.0,1.0,82.5,10.0,0.0,0.0,0
59646549,SAPHORBIDE (ISOSORBIDE MONONITRATE) 30MG PR TAB,CARDIOVASCULAR,GENERICS,446.0,2951.85,8.0,6.618497757847534,55.75,1.03523362626139,-2.404761904761907,0
59646549,SAPHORBIDE 30MG PR TAB,CARDIOVASCULAR,GENERICS,165.0,1093.95,6.0,6.63,27.5,0.7571877794400365,-1.514285714285715,0
68486235449,SOCORRO (ISOSORBIDE DINITRATE) 5MG TAB,CARDIOVASCULAR,GENERICS,155.0,671.23,4.0,4.330516129032258,38.75,0.8077409048741235,-25.5,0
78014183,SAPHLOR-50 (LOSARTAN) 50MG TAB,CARDIOVASCULAR,GENERICS,1317.0,2864.6499999999996,3.0,2.1751328777524677,439.0,0.44958468608560526,169.5,2
8002660027825,CHOLIB (FENOFIBRATE + SIMVASTANIN) 145MG/40MG FCT,CARDIOVASCULAR,PRESCRIPTION,270.0,17264.7,8.0,63.943333333333335,33.75,0.5613524722307376,1.238095238095235,0
8002660027825,CHOLIB (FENOFIBRATE + SIMVASTATIN) 145MG/40MG FCT,CARDIOVASCULAR,PRESCRIPTION,15.0,1102.5,1.0,73.5,15.0,0.0,0.0,0
80289821,RETADILOL (CARVEDILOL) 6.25MG TAB,CARDIOVASCULAR,GENERICS,867.0,4980.78,10.0,5.744844290657439,86.7,0.5233207336576985,6.393939393939391,0
83770586,FENOSAPH-200 (FENOFIBRATE) 200MG CAP,CARDIOVASCULAR,GENERICS,40.0,192.0,3.0,4.8,13.333333333333334,0.3535533905932737,4.999999999999998,0
83770586,FENOSAPH-200 CAP,CARDIOVASCULAR,GENERICS,10.0,48.0,1.0,4.8,10.0,0.0,0.0,0
85204614,SAPHLODINE 50/5 (LOSARTAN K + AMLODIPINE) 50MG/5MG TAB,CARDIOVASCULAR,GENERICS,667.0,6378.75,20.0,9.563343328335833,33.35,0.8187760305561219,0.9857142857142854,0
86544771,ROSUSAPH-10 (ROSUVASTATIN) 10MG FC TAB,CARDIOVASCULAR,PRESCRIPTION,597.0,3980.4,12.0,6.667336683417085,49.75,0.6933520162410005,-7.9405594405594355,0
8853935018983,BISCORE 2.5 (BISOPROPOL FUMARATE) 2.5MG FC TAB,CARDIOVASCULAR,PRESCRIPTION,378.0,4407.2,12.0,11.659259259259258,31.5,0.8856232529881474,0.2657342657342661,0
8853935018983,BISCORE 2.5 FC TAB,CARDIOVASCULAR,PRESCRIPTION,40.0,448.0,2.0,11.2,20.0,0.5,19.999999999999996,0
8901149030182,TELI 80 (TELMISARTAN) TAB,CARDIOVASCULAR,PRESCRIPTION,125.0,5535.360000000001,2.0,44.282880000000006,62.5,0.92,-115.00000000000001,0
8901149030205,TELI 40 (TELMISARTAN) TAB,CARDIOVASCULAR,PRESCRIPTION,97.0,2233.29,4.0,23.02360824742268,24.25,0.6574539696289701,-9.900000000000004,0
8901149030205,TELI 40 TAB,CARDIOVASCULAR,PRESCRIPTION,62.0,1591.54,4.0,25.669999999999998,15.5,0.4663494288645471,-4.999999999999998,0
8901302063286,NITROFIX SR (ISOSORBIDE MONONITRATE) 30MG TAB,CARDIOVASCULAR,GENERICS,130.0,1392.64,7.0,10.712615384615386,18.571428571428573,0.8991119879436071,-1.071428571428572,0
8901302201923,SKYDUR (ISOSORBIDE MONONITRATE ) 30MG TAB,CARDIOVASCULAR,GENERICS,390.0,3990.0,6.0,10.23076923076923,65.0,0.5000986096055342,-12.285714285714285,0
8901463194386,IRBENOV (IRBESARTAN) 300MG,CARDIOVASCULAR,PRESCRIPTION,33.0,545.16,1.0,16.52,33.0,0.0,0.0,0
8902269001137,SWICH (CO-AMOXICLAV) 200MG TAB,CARDIOVASCULAR,GENERICS,2.0,121.54,1.0,60.77,2.0,0.0,0.0,0
8902269001137,SWICH 200MG TAB,CARDIOVASCULAR,GENERICS,15.0,853.85,2.0,56.92333333333333,7.5,0.3333333333333333,4.999999999999997,0
8902805105428,VALSAJUB (VALSARTAN) 80MG,CARDIOVASCULAR,PRESCRIPTION,60.0,749.52,2.0,12.491999999999999,30.0,0.0,-1.6239695141939146e-15,0
8902805105435,VALSAJUB (VALSARTAN) 160MG,CARDIOVASCULAR,PRESCRIPTION,33.0,569.45,4.0,17.256060606060608,8.25,0.9246149274177187,2.8999999999999986,0
8904130421358,GLOVEDOL (CARVEDILOL) 6.25MG TAB,CARDIOVASCULAR,GENERICS,10.0,65.6,1.0,6.56,10.0,0.0,0.0,0
8904131202888,FENO-TG (FENOFIBRATE) 160MG FCT,CARDIOVASCULAR,PRESCRIPTION,587.0,9971.5,16.0,16.987223168654175,36.6875,0.8612338350393525,-0.2014705882352946,0
8904179014702,NOVASARTAN (LOSARTAN K) 50MG FC TAB,CARDIOVASCULAR,GENERICS,7234.0,17058.76,10.0,2.3581365772739837,723.4,0.4049082593806349,-60.79999999999997,0
8904179017109,GOTRIDINE 35MG TAB (TRIMETAZDINE,CARDIOVASCULAR,GENERICS,274.0,2383.6,3.0,8.6992700729927,91.33333333333333,0.9397083807231483,-28.99999999999997,0
8904179017543,RETAZIDINE (TRIMETAZIDINE) 35MG,CARDIOVASCULAR,PRESCRIPTION,849.0,7810.52,7.0,9.199670200235571,121.28571428571429,0.464209890045508,-12.357142857142843,0
8904179017567,GOZTAN-50 (LOSARTAN POTASSIUM) 50MG TAB,CARDIOVASCULAR,GENERICS,1346.0,2518.0,3.0,1.8707280832095097,448.6666666666667,0.263908661169652,-144.99999999999997,0
8904179017819,RETAZART (LOSARTAN) 50MG TAB,CARDIOVASCULAR,GENERICS,2222.0,5411.0,6.0,2.435193519351935,370.3333333333333,1.030755553357626,-46.228571428571406,0
8904180804453,ATORBET (ATORVASTATIN) 20MG TAB,CARDIOVASCULAR,GENERICS,410.0,1310.75,4.0,3.196951219512195,102.5,0.7333477546217785,-58.39999999999996,0
8904180808949,ROSULIP (ROSUVASTATIN) 10MG TAB,CARDIOVASCULAR,GENERICS,630.0,5292.77,12.0,8.401222222222223,52.5,0.8543340220986126,-7.433566433566426,0
8904182011286,MEDPIN-5 (AMLODIPINE) 5MG TAB,CARDIOVASCULAR,GENERICS,1668.0,3187.2,11.0,1.9107913669064747,151.63636363636363,0.8538542650987979,-21.54545454545454,0
8904182011286,MEDPIN-5 TAB,CARDIOVASCULAR,GENERICS,134.0,255.2,11.0,1.9044776119402984,12.181818181818182,0.7972859956051837,0.12727272727272743,0
8904182011293,MEDPIN (AMLODIPINE) 10MG TAB 100&#039;S,CARDIOVASCULAR,GENERICS,95.0,170.0,4.0,1.7894736842105263,23.75,0.6882472016116853,-12.500000000000004,0
8904186000200,HISTALEV (LEVOCETIRIZINE) 5MG FC TAB,CARDIOVASCULAR,PRESCRIPTION,12.0,120.0,3.0,10.0,4.0,0.2041241452319315,0.5,0
8904186000521,TRIMEBET (TRIMETAZIDINE) 35G TAB,CARDIOVASCULAR,GENERICS,3674.0,27940.66,24.0,7.604970059880239,153.08333333333334,0.4634426952648106,2.918260869565216,0
8904186000521,TRIMEBET (TRIMETAZIDINE) 35MG TAB,CARDIOVASCULAR,GENERICS,571.0,4423.5,14.0,7.746935201401051,40.785714285714285,0.8308482939337059,5.175824175824177,0
8904198503379,IRBEVEX (IRBESARTAN) 150MG TAB,CARDIOVASCULAR,GENERICS,13.0,205.92,1.0,15.84,13.0,0.0,0.0,0
8904198504086,VALVEX-A (AMLODIPINE + VALSARTAN) 160MG/5MG,CARDIOVASCULAR,PRESCRIPTION,49.0,1638.56,4.0,33.44,12.25,0.8684866461613556,-4.6999999999999975,0
8904198504093,VALVEX-A (AMLODIPINE + VALSARTAN) 80MG/5MG,CARDIOVASCULAR,PRESCRIPTION,25.0,739.2,2.0,29.568,12.5,0.6,-15.000000000000002,0
8904198504093,VALVEX-A 80MG/5MG,CARDIOVASCULAR,PRESCRIPTION,33.0,1016.4,4.0,30.8,8.25,0.5239883777512298,-1.4999999999999991,0
8904198504109,VALVEX-A (AMLODIPINE + VALSARTAN) 160MG/10MG,CARDIOVASCULAR,PRESCRIPTION,40.0,1588.4,2.0,39.71,20.0,0.5,-20.0,0
8904198504109,VALVEX-A 160MG/10MG,CARDIOVASCULAR,PRESCRIPTION,3.0,125.39999999999999,2.0,41.8,1.5,0.3333333333333333,0.9999999999999998,0
8904220104857,WOLVIT 5MG FC TAB,CARDIOVASCULAR,PRESCRIPTION,12.0,93.0,2.0,7.75,6.0,0.16666666666666666,1.9999999999999991,0
8904360300065,BRELVASTIN (ATORVASTATIN) 20MG,CARDIOVASCULAR,PRESCRIPTION,1401.0,4377.1,16.0,3.1242683797287656,87.5625,1.24543377291034,3.8897058823529407,0
8906002050963,QUANIL (CITICOLINE) 500MG TAB 30,CARDIOVASCULAR,GENERICS,180.0,7723.5,7.0,42.90833333333333,25.714285714285715,0.7091117726937266,-3.4642857142857153,0
8906002050963,QUANIL (CITICOLINE) 500MG TAB 30&#039;S,CARDIOVASCULAR,GENERICS,62.0,2356.0,3.0,38.0,20.666666666666668,0.6300653220846647,-1.4999999999999962,0
8906005116253,HAIROS (SPIRONOLACTONE) 25MG TAB,CARDIOVASCULAR,GENERICS,88.0,915.2,4.0,10.4,22.0,1.0041237288352056,-11.199999999999996,0
8906041275778,SPIRODEN (SPIRONOLACTONE) 25MG TAB,CARDIOVASCULAR,GENERICS,1594.0,15226.56,29.0,9.552421580928481,54.96551724137931,0.5352703614442139,1.7285714285714298,0
8906043324948,CLONISAPH (CLONIDINE) 75MCG TAB,CARDIOVASCULAR,GENERICS,637.0,1762.18,14.0,2.7663736263736265,45.5,0.670381139131215,-2.0197802197802224,0
8906043324955,CLONISAPH (CLONIDINE) 150MCG TAB,CARDIOVASCULAR,GENERICS,135.0,906.1200000000001,5.0,6.712000000000001,27.0,0.5809032274577083,0.499999999999997,0
8906043325204,AMLOSAPH 5 (AMLODIPINE) 5MG TAB,CARDIOVASCULAR,GENERICS,165.0,306.0,2.0,1.8545454545454545,82.5,0.9393939393939394,154.99999999999997,2
8906043325242,OMEPRASAPH 20MG TAB,CARDIOVASCULAR,PRESCRIPTION,28.0,182.0,2.0,6.5,14.0,0.0,-3.400326353594165e-15,0
8906043325297,AMLOSAPH (AMLODIPINE) 10MG TAB,CARDIOVASCULAR,GENERICS,2023.0,3808.0,9.0,1.8823529411764706,224.77777777777777,0.4209152729127388,-17.316666666666627,0
8906043325761,CARVESAPH (CARVEDILOL) 12.5MG TAB,CARDIOVASCULAR,GENERICS,90.0,724.8,3.0,8.053333333333333,30.0,0.7348469228349533,27.0,0
8906043326485,CITISAPH-500 (CITICOLINE) 500MG TAB,CARDIOVASCULAR,GENERICS,180.0,5064.6,2.0,28.13666666666667,90.0,0.05555555555555555,9.999999999999982,0
8906044870444,A.R.A. + H (LOSARTAN POTASSIUM + HYDROCHLOROTHIAZIDE) 50MG/12 TAB,CARDIOVASCULAR,PRESCRIPTION,70.0,371.0,4.0,5.3,17.5,0.4738035414793429,-7.000000000000001,0
8906045607728,ORATEL -40 (TELMISARTAN) 40MG TAB,CARDIOVASCULAR,PRESCRIPTION,150.0,1444.0,3.0,9.626666666666667,50.0,0.33025242870668897,15.5,0
8906045608190,TELMIBET (TELMISARTAN) 80MG TAB,CARDIOVASCULAR,PRESCRIPTION,70.0,434.0,3.0,6.2,23.333333333333332,0.20203050891044214,-2.84607632104474e-15,0
8906046793857,LOTRILIP (FENOFIBRATE) 200MG CAP,CARDIOVASCULAR,GENERICS,192.0,2135.2799999999997,5.0,11.121249999999998,38.4,0.3934274472504428,4.199999999999996,0
8906051770157,BETZIDINE MR (TRIMETAZIDINE HCL) 35MG TAB,CARDIOVASCULAR,PRESCRIPTION,30.0,450.0,1.0,15.0,30.0,0.0,0.0,0
8906117651642,ATORMED -20 (ATORVASTATIN) 20MG TAB,CARDIOVASCULAR,GENERICS,587.0,4557.6,4.0,7.764224872231687,146.75,0.5470022657063388,47.50000000000002,0
8906117651772,ATORVEX (ATORVASTATIN) 20MG,CARDIOVASCULAR,PRESCRIPTION,592.0,5510.33,9.0,9.307989864864865,65.77777777777777,0.5153882032022077,3.96666666666667,0
8908006972531,CLOHEAL (CLOPIDOGREL) 75MG TAB,CARDIOVASCULAR,PRESCRIPTION,791.0,2880.68,8.0,3.641820480404551,98.875,0.7077196162722864,-6.107142857142861,0
8944164010272,CARVIDA (CARVEDILOL) 6.25MG TAB,CARDIOVASCULAR,GENERICS,3148.0,24416.88,22.0,7.756315120711563,143.0909090909091,0.4786153497060418,-0.016939582156976548,0
8944164510321,ANIN (LOSARTAN) 50MG TAB,CARDIOVASCULAR,GENERICS,2420.0,5358.54,7.0,2.214272727272727,345.7142857142857,0.48729574275349036,-50.60714285714287,0
8961100510023,CALIPTROL (ATORVASTATIN) 40MG,CARDIOVASCULAR,PRESCRIPTION,2199.0,12633.4,19.0,5.745065939063211,115.73684210526316,0.5742268446865249,-5.349122807017543,0
8961100510665,AURORA (ROSUVASTATIN) 10MG FC TAB,CARDIOVASCULAR,PRESCRIPTION,990.0,8796.48,13.0,8.885333333333334,76.15384615384616,0.7817581476702572,-4.456043956043954,0
8961100510672,AURORA (ROSUVASTATIN) 20MG FC TAB,CARDIOVASCULAR,PRESCRIPTION,694.0,9361.2,12.0,13.488760806916428,57.833333333333336,0.7236069646851894,-1.356643356643357,0
8964001206323,NEBIL 2.5MG (NEBIVOLOL) TAB,CARDIOVASCULAR,PRESCRIPTION,361.0,3731.55,15.0,10.336703601108034,24.066666666666666,0.6507278386715135,1.0499999999999996,0
8964001206323,NEBIL 2.5MG TAB,CARDIOVASCULAR,PRESCRIPTION,206.0,2196.95,12.0,10.664805825242718,17.166666666666668,0.7478249480253092,0.3356643356643354,0
8964001206330,NEBIL (NEBIVOLOL) 5MG TAB,CARDIOVASCULAR,PRESCRIPTION,84.0,1604.4,8.0,19.1,10.5,0.8754655386119159,1.309523809523808,0
8964001206330,NEBIL 5MG (NEBIVOLOL) TAB,CARDIOVASCULAR,PRESCRIPTION,473.0,8972.53,26.0,18.96940803382664,18.192307692307693,0.7044358123689357,-1.1141880341880344,0
8964001206330,NEBIL 5MG TAB,CARDIOVASCULAR,PRESCRIPTION,18.0,294.19,2.0,16.343888888888888,9.0,0.8888888888888888,-15.999999999999998,0
8964001206330,NEBILET TAB 5MG,CARDIOVASCULAR,PRESCRIPTION,2.0,37.5,1.0,18.75,2.0,0.0,0.0,0
8964001206347,NORPLAT (CLOPIDOGREL) 75MG TAB,CARDIOVASCULAR,PRESCRIPTION,354.0,9512.88,12.0,26.872542372881355,29.5,0.7194244776543027,-3.706293706293704,0
8964001206347,NORPLAT 75MG TAB,CARDIOVASCULAR,PRESCRIPTION,77.0,2349.8,4.0,30.51688311688312,19.25,0.8435562306002586,7.3,0
8964001206354,NORPLAT-S (CLOPIDOGREL+ASPIRIN) 75MG TAB,CARDIOVASCULAR,PRESCRIPTION,38.0,1596.0,5.0,42.0,7.6,0.27093763528913156,1.0999999999999999,0
8964001206354,NORPLAT-S 75MG TAB,CARDIOVASCULAR,PRESCRIPTION,32.0,1344.0,5.0,42.0,6.4,0.2898005779842407,0.39999999999999963,0
8964001206422,ROVISTA (ROSUVASTATIN) 10MG TAB,CARDIOVASCULAR,PRESCRIPTION,586.0,14580.02,20.0,24.88058020477816,29.3,0.7633233796860468,-0.7578947368421062,0
8964001206422,ROVISTA TAB 10MG,CARDIOVASCULAR,PRESCRIPTION,83.0,2174.87,7.0,26.20325301204819,11.857142857142858,0.7316735638886255,1.6785714285714284,0
8964001206439,ROVISTA (ROSUVASTATIN) 20MG TAB,CARDIOVASCULAR,PRESCRIPTION,30.0,877.2,1.0,29.240000000000002,30.0,0.0,0.0,0
8964001206439,ROVISTA (ROSUVASTATIN)20MG TAB,CARDIOVASCULAR,PRESCRIPTION,478.0,13107.36,17.0,27.421255230125524,28.11764705882353,0.6141726402830622,1.0833333333333333,0
8964001206439,ROVISTA 20MG TAB,CARDIOVASCULAR,PRESCRIPTION,197.0,5957.75,5.0,30.242385786802032,39.4,0.3493330057682285,-9.100000000000003,0
8964001206439,ROVISTA TAB 20MG,CARDIOVASCULAR,PRESCRIPTION,26.0,760.24,2.0,29.240000000000002,13.0,0.9230769230769231,-23.999999999999996,0
8964001206446,ROVISTA (ROSUVASTATIN) 5MG TAB,CARDIOVASCULAR,PRESCRIPTION,166.0,3420.75,11.0,20.606927710843372,15.090909090909092,0.6695153729855328,0.4363636363636368,0
8964001206446,ROVISTA TAB 5MG,CARDIOVASCULAR,PRESCRIPTION,139.0,3120.0,9.0,22.446043165467625,15.444444444444445,0.6866641726037415,2.3499999999999996,0
8964001206460,SIMVOGET (SIMVASTATIN) 20MG TAB,CARDIOVASCULAR,PRESCRIPTION,160.0,1160.9,6.0,7.255625,26.666666666666668,0.27950849718747367,-1.7142857142857144,0
8964001206460,SIMVOGET TAB 20MG 10&#039;,CARDIOVASCULAR,PRESCRIPTION,15.0,107.16,1.0,7.144,15.0,0.0,0.0,0
8964001420149,X-PLENDED (ROSUVASTATIN) 10MG TAB,CARDIOVASCULAR,GENERICS,260.0,1983.0,7.0,7.626923076923077,37.142857142857146,0.7010980398906143,-4.714285714285714,0
94571134,SAPHETOR (ETORICOXIB) 120MG FC TAB,CARDIOVASCULAR,PRESCRIPTION,91.0,2550.07,7.0,28.022747252747255,13.0,0.8693134260029057,0.21428571428571322,0
94571134,SAPHETOR 120 (ETORICOXIB) 120MG FC TAB,CARDIOVASCULAR,PRESCRIPTION,259.0,7290.0,8.0,28.146718146718147,32.375,0.7820129490429768,-3.9880952380952364,0
94571134,SAPHETOR 120 FC TAB,CARDIOVASCULAR,PRESCRIPTION,185.0,5434.3,12.0,29.374594594594594,15.416666666666666,0.6434703210359077,0.07342657342657452,0
99786007,TROMBOCIL (CILOSTAZOL) 50MG,CARDIOVASCULAR,PRESCRIPTION,33.0,946.38,3.0,28.67818181818182,11.0,0.128564869306645,-1.4999999999999998,0
G0042435628,SOCORRO (ISOSORBIDE DINITRATE) 5MG TAB,CARDIOVASCULAR,GENERICS,10.0,41.04,1.0,4.104,10.0,0.0,0.0,0
G40652719,DIOSPER (DIOSMIN HESPERIDIN) 450MG/50MG FC TAB,CARDIOVASCULAR,PRESCRIPTION,179.0,4828.95,7.0,26.977374301675976,25.571428571428573,0.7823622937714956,3.285714285714286,0
G94777864,DIGOSAPH 250MCG (DIGOXIN) 250MCG TAB,CARDIOVASCULAR,PRESCRIPTION,40.0,282.87,5.0,7.07175,8.0,0.6072478900745559,-0.9000000000000002,0
